project_id,state,district_code,project_type,land_type,land_area_acres,num_affected_families,num_departments_involved,notification_age_days,compensation_status,compensation_disbursed_pct,possession_status,legal_disputes_count,court_case_pending,rehabilitation_required,rehabilitation_progress_pct,stakeholder_responsiveness_score,historical_dept_performance_score,public_objections_count,pending_approvals_count,budget_utilization_pct,monsoon_season_overlap,is_delayed,delay_days
LAP-10000,Maharashtra,MAH-5,Irrigation,Tribal,69.0,5,4,1463,Fully Disbursed,93,Award Declared,2,0,1,12,4.3,67.4,0,7,53.8,0,0,0
LAP-10001,Haryana,HAR-3,Renewable Energy,Private Agricultural,44.1,84,6,826,Partially Disbursed,79,Full Possession,0,0,1,7,8.3,57.7,1,4,71.3,0,0,0
LAP-10002,Gujarat,GUJ-5,Irrigation,Private Agricultural,64.0,71,5,311,Not Started,7,Partial Possession,1,1,1,67,9.0,42.7,3,5,72.8,0,0,0
LAP-10003,West Bengal,WES-6,Irrigation,Tribal,7.1,18,2,1285,Not Started,2,Award Declared,2,0,1,33,5.2,36.1,1,0,55.3,1,0,0
LAP-10004,Bihar,BIH-3,Railway,Forest,3.8,9,3,190,Fully Disbursed,92,Survey Complete,3,1,1,70,5.3,76.8,1,7,40.1,0,0,0
LAP-10005,West Bengal,WES-4,Urban Development,Government,18.9,15,3,1139,Not Started,4,Survey Complete,0,0,1,17,4.7,41.5,2,5,49.4,0,0,0
LAP-10006,Uttar Pradesh,UTT-1,Industrial Corridor,Government,38.7,16,4,718,Not Started,9,Award Declared,0,0,0,100,6.3,56.8,1,4,42.8,1,0,0
LAP-10007,Chhattisgarh,CHH-5,Highway,Mixed,6.7,17,1,838,Partially Disbursed,72,Survey Complete,1,1,0,100,4.7,68.9,0,7,24.4,0,0,0
LAP-10008,Haryana,HAR-6,Airport,Government,103.2,71,3,997,Partially Disbursed,17,Survey Complete,1,1,0,100,5.6,52.3,2,6,32.6,0,0,0
LAP-10009,Gujarat,GUJ-1,Highway,Private Agricultural,27.1,118,6,195,Partially Disbursed,62,Not Started,2,1,1,58,7.0,50.3,2,2,51.1,0,0,0
LAP-10010,Chhattisgarh,CHH-1,Highway,Private Agricultural,31.5,1119,4,261,Fully Disbursed,97,Award Declared,1,1,0,100,4.7,17.1,4,1,83.1,0,0,0
LAP-10011,Odisha,ODI-4,Railway,Forest,185.0,1783,2,1324,Partially Disbursed,36,Partial Possession,1,0,1,15,5.7,32.5,0,2,48.3,1,0,0
LAP-10012,Tamil Nadu,TAM-5,Irrigation,Private Agricultural,26.0,54,5,1278,Not Started,4,Survey Complete,1,1,1,23,6.5,37.8,1,3,11.4,0,0,0
LAP-10013,Jharkhand,JHA-2,Renewable Energy,Forest,17.8,48,5,1241,Partially Disbursed,82,Award Declared,1,1,1,43,6.7,94.5,1,4,46.8,0,0,0
LAP-10014,Punjab,PUN-6,Power Transmission,Government,89.6,92,6,1275,Partially Disbursed,70,Partial Possession,0,0,0,100,3.6,75.6,1,4,84.3,1,1,23
LAP-10015,Chhattisgarh,CHH-6,Renewable Energy,Government,49.5,23,6,1419,Not Started,7,Partial Possession,0,0,0,100,7.2,14.2,4,0,40.2,1,0,0
LAP-10016,Tamil Nadu,TAM-4,Irrigation,Tribal,60.0,196,5,1349,Fully Disbursed,97,Survey Complete,0,0,1,36,8.0,38.8,4,5,55.3,0,0,0
LAP-10017,Tamil Nadu,TAM-3,Airport,Forest,2.7,374,1,63,Not Started,6,Partial Possession,1,1,0,100,7.0,65.5,0,3,56.4,1,1,117
LAP-10018,Chhattisgarh,CHH-5,Highway,Private Agricultural,20.1,69,6,1215,Fully Disbursed,95,Not Started,0,0,1,82,3.4,30.4,1,5,73.7,0,0,0
LAP-10019,Haryana,HAR-6,Highway,Private Agricultural,108.7,60,1,1278,Not Started,8,Survey Complete,2,1,0,100,6.9,57.4,1,1,39.9,1,0,0
LAP-10020,West Bengal,WES-5,Urban Development,Government,36.5,266,4,462,Partially Disbursed,62,Full Possession,0,0,0,100,6.7,99.0,0,5,56.7,1,0,0
LAP-10021,Punjab,PUN-4,Urban Development,Private Agricultural,9.8,8,6,888,Not Started,9,Award Declared,0,0,1,42,6.7,51.9,2,2,81.6,0,0,0
LAP-10022,Punjab,PUN-6,Urban Development,Tribal,46.5,51,4,1104,Fully Disbursed,90,Partial Possession,1,1,0,100,6.7,54.3,1,6,9.2,1,0,0
LAP-10023,Rajasthan,RAJ-3,Highway,Forest,4.7,1,3,760,Fully Disbursed,97,Survey Complete,2,1,1,68,6.7,73.4,3,1,32.8,0,0,0
LAP-10024,Haryana,HAR-3,Highway,Tribal,32.6,356,6,238,Not Started,2,Survey Complete,1,1,1,4,4.4,26.3,5,6,72.7,0,1,193
LAP-10025,Odisha,ODI-3,Power Transmission,Government,7.9,12,4,880,Partially Disbursed,48,Survey Complete,2,1,1,26,4.7,71.0,2,0,61.6,0,0,0
LAP-10026,Haryana,HAR-4,Irrigation,Tribal,36.6,3,2,1445,Fully Disbursed,86,Partial Possession,1,1,0,100,3.6,65.0,3,1,23.0,0,0,0
LAP-10027,Haryana,HAR-3,Power Transmission,Private Agricultural,13.0,251,2,839,Fully Disbursed,92,Not Started,0,0,1,83,3.9,64.7,5,8,91.3,0,0,0
LAP-10028,Madhya Pradesh,MAD-2,Highway,Private Agricultural,15.6,280,5,393,Fully Disbursed,90,Full Possession,0,0,1,45,5.4,56.2,1,3,68.1,0,0,0
LAP-10029,Karnataka,KAR-2,Irrigation,Private Agricultural,48.3,6,1,597,Fully Disbursed,90,Survey Complete,0,0,1,13,6.6,42.6,2,7,54.6,0,0,0
LAP-10030,Chhattisgarh,CHH-3,Railway,Mixed,13.8,2,2,335,Partially Disbursed,11,Survey Complete,0,0,1,35,6.8,68.4,3,7,86.3,0,0,0
LAP-10031,Bihar,BIH-4,Highway,Forest,15.4,79,6,657,Not Started,9,Not Started,0,0,1,10,4.2,56.0,1,7,53.6,1,1,167
LAP-10032,Maharashtra,MAH-2,Highway,Private Agricultural,7.9,53,3,179,Partially Disbursed,12,Award Declared,2,1,1,92,4.2,89.2,2,4,27.0,0,1,93
LAP-10033,Maharashtra,MAH-1,Highway,Private Agricultural,4.1,3,3,373,Partially Disbursed,54,Not Started,2,0,0,100,6.0,54.0,3,7,32.0,0,0,0
LAP-10034,Rajasthan,RAJ-2,Irrigation,Private Agricultural,49.4,82,5,529,Not Started,7,Partial Possession,1,0,1,73,6.0,64.1,1,7,22.4,1,0,0
LAP-10035,Tamil Nadu,TAM-4,Highway,Tribal,25.8,42,4,260,Not Started,6,Award Declared,1,0,1,5,8.1,80.5,2,5,63.6,0,0,0
LAP-10036,Rajasthan,RAJ-5,Power Transmission,Private Agricultural,31.2,42,1,1197,Partially Disbursed,40,Full Possession,0,0,0,100,6.5,37.2,1,0,25.9,0,0,0
LAP-10037,Karnataka,KAR-3,Industrial Corridor,Forest,1.3,87,6,861,Not Started,7,Partial Possession,0,0,1,87,9.7,53.3,4,5,100.0,0,0,0
LAP-10038,Rajasthan,RAJ-4,Irrigation,Private Agricultural,25.4,76,6,1156,Not Started,1,Survey Complete,1,1,0,100,6.2,46.1,1,4,40.4,1,1,210
LAP-10039,Tamil Nadu,TAM-5,Highway,Private Agricultural,19.2,48,3,462,Fully Disbursed,100,Full Possession,1,1,1,22,1.0,25.9,2,4,56.0,1,1,68
LAP-10040,Haryana,HAR-3,Irrigation,Tribal,20.9,367,4,1413,Not Started,2,Survey Complete,1,1,1,10,4.8,79.7,3,6,8.0,1,0,0
LAP-10041,Madhya Pradesh,MAD-1,Industrial Corridor,Government,20.4,89,5,1240,Not Started,4,Full Possession,0,0,0,100,6.6,71.8,1,7,76.6,0,0,0
LAP-10042,Uttar Pradesh,UTT-1,Irrigation,Government,35.5,1,3,226,Partially Disbursed,37,Not Started,1,1,0,100,5.0,100.0,2,1,29.9,0,0,0
LAP-10043,Jharkhand,JHA-2,Highway,Government,25.5,38,2,1184,Partially Disbursed,21,Survey Complete,1,1,0,100,6.9,69.3,1,0,64.4,1,0,0
LAP-10044,Telangana,TEL-5,Power Transmission,Government,14.4,155,5,551,Partially Disbursed,65,Award Declared,1,1,0,100,7.6,58.8,2,2,63.5,0,0,0
LAP-10045,Maharashtra,MAH-2,Railway,Private Agricultural,14.1,7,1,1130,Partially Disbursed,22,Survey Complete,0,0,1,28,6.6,68.2,4,6,54.9,0,1,80
LAP-10046,West Bengal,WES-3,Airport,Forest,13.3,143,6,1283,Not Started,8,Partial Possession,1,0,0,100,4.1,68.8,4,4,91.8,0,1,161
LAP-10047,Rajasthan,RAJ-2,Renewable Energy,Tribal,12.1,50,1,514,Fully Disbursed,88,Partial Possession,0,0,1,13,2.8,41.7,1,3,40.3,0,1,133
LAP-10048,Karnataka,KAR-3,Urban Development,Private Agricultural,4.5,119,6,246,Partially Disbursed,28,Partial Possession,3,1,0,100,7.9,84.8,2,3,27.6,0,0,0
LAP-10049,Telangana,TEL-6,Railway,Forest,18.2,13,3,344,Not Started,8,Not Started,0,0,0,100,4.0,69.0,0,0,49.1,1,0,0
LAP-10050,Gujarat,GUJ-3,Highway,Tribal,9.2,39,2,690,Not Started,8,Partial Possession,1,1,0,100,9.4,13.6,1,5,72.3,1,1,221
LAP-10051,Punjab,PUN-5,Highway,Forest,52.9,62,6,287,Fully Disbursed,98,Not Started,0,0,0,100,5.5,29.9,4,4,26.3,0,0,0
LAP-10052,Uttar Pradesh,UTT-2,Renewable Energy,Government,28.9,84,5,211,Not Started,5,Partial Possession,0,0,1,0,5.4,67.3,2,1,80.2,0,0,0
LAP-10053,Tamil Nadu,TAM-4,Highway,Forest,125.6,15,3,322,Partially Disbursed,23,Full Possession,1,1,0,100,6.6,77.7,3,1,20.5,1,0,0
LAP-10054,Bihar,BIH-6,Urban Development,Tribal,38.6,139,3,80,Partially Disbursed,34,Award Declared,1,0,1,95,6.2,66.5,1,5,70.5,1,0,0
LAP-10055,Rajasthan,RAJ-4,Irrigation,Private Agricultural,26.4,33,3,1206,Partially Disbursed,67,Award Declared,1,1,1,37,7.5,59.2,0,2,42.9,0,1,69
LAP-10056,Tamil Nadu,TAM-2,Renewable Energy,Mixed,50.2,111,6,93,Fully Disbursed,86,Award Declared,0,0,1,93,9.2,67.3,0,3,0.7,0,1,83
LAP-10057,Punjab,PUN-6,Irrigation,Government,29.6,32,6,660,Partially Disbursed,26,Full Possession,2,1,0,100,1.8,72.3,4,8,46.3,1,1,217
LAP-10058,Odisha,ODI-5,Highway,Government,4.8,227,6,875,Partially Disbursed,18,Partial Possession,0,0,0,100,6.6,28.2,1,4,28.1,0,0,0
LAP-10059,Odisha,ODI-3,Highway,Forest,483.9,42,6,549,Partially Disbursed,37,Award Declared,2,0,0,100,5.8,54.9,2,2,100.0,1,0,0
LAP-10060,Uttar Pradesh,UTT-6,Irrigation,Private Agricultural,67.2,6,4,443,Not Started,3,Full Possession,0,0,0,100,7.9,29.7,3,8,68.9,0,0,0
LAP-10061,Punjab,PUN-3,Industrial Corridor,Government,20.5,6,5,304,Not Started,3,Partial Possession,0,0,0,100,9.0,49.1,1,2,70.1,0,0,0
LAP-10062,Chhattisgarh,CHH-1,Highway,Private Agricultural,14.3,27,2,235,Fully Disbursed,93,Partial Possession,0,0,0,100,10.0,28.6,2,4,79.9,0,0,0
LAP-10063,Madhya Pradesh,MAD-1,Highway,Private Agricultural,29.9,18,4,255,Not Started,4,Not Started,1,1,1,53,5.8,51.2,3,4,64.0,0,0,0
LAP-10064,Karnataka,KAR-1,Power Transmission,Government,17.5,26,5,104,Fully Disbursed,96,Award Declared,2,1,0,100,7.9,45.5,2,7,56.0,0,0,0
LAP-10065,West Bengal,WES-5,Highway,Private Agricultural,24.2,3,2,1343,Not Started,5,Not Started,0,0,1,96,7.1,62.3,2,6,20.7,1,0,0
LAP-10066,Odisha,ODI-3,Industrial Corridor,Forest,16.6,14,1,371,Partially Disbursed,18,Award Declared,1,1,1,23,7.0,17.9,2,4,56.7,0,1,23
LAP-10067,Uttar Pradesh,UTT-6,Industrial Corridor,Forest,2.9,11,3,926,Fully Disbursed,93,Award Declared,0,0,1,79,1.7,72.3,2,5,100.0,1,0,0
LAP-10068,Haryana,HAR-5,Airport,Tribal,61.8,72,6,1127,Partially Disbursed,57,Survey Complete,1,1,1,75,4.8,52.7,2,0,74.3,0,0,0
LAP-10069,Punjab,PUN-1,Urban Development,Tribal,8.7,25,3,1447,Not Started,0,Survey Complete,2,0,1,43,6.1,80.6,1,1,51.2,0,0,0
LAP-10070,Madhya Pradesh,MAD-3,Irrigation,Private Agricultural,8.3,31,5,661,Fully Disbursed,95,Partial Possession,1,1,0,100,9.2,38.6,1,3,19.5,1,1,128
LAP-10071,Tamil Nadu,TAM-4,Railway,Private Agricultural,23.4,59,5,50,Partially Disbursed,79,Partial Possession,0,0,1,8,6.1,75.2,4,1,64.4,0,0,0
LAP-10072,West Bengal,WES-5,Highway,Tribal,80.9,6,6,670,Fully Disbursed,100,Partial Possession,1,1,1,75,6.1,57.6,4,6,45.4,0,0,0
LAP-10073,Punjab,PUN-3,Urban Development,Mixed,338.9,14,6,542,Partially Disbursed,15,Not Started,0,0,0,100,6.6,46.0,3,2,14.6,0,0,0
LAP-10074,Punjab,PUN-6,Railway,Forest,13.6,238,1,719,Not Started,0,Not Started,2,0,0,100,3.2,49.4,1,3,100.0,1,0,0
LAP-10075,Punjab,PUN-3,Urban Development,Forest,31.8,535,5,197,Partially Disbursed,33,Full Possession,2,1,0,100,6.3,48.3,1,2,81.2,1,0,0
LAP-10076,Madhya Pradesh,MAD-1,Highway,Tribal,13.7,59,1,70,Fully Disbursed,95,Award Declared,2,1,1,42,6.2,52.2,2,7,71.8,0,0,0
LAP-10077,Madhya Pradesh,MAD-2,Highway,Forest,12.4,24,6,859,Not Started,3,Partial Possession,1,1,0,100,4.7,38.9,2,5,76.1,0,1,121
LAP-10078,Uttar Pradesh,UTT-5,Irrigation,Government,84.1,77,6,745,Partially Disbursed,55,Not Started,1,0,0,100,8.4,82.2,1,6,80.4,1,0,0
LAP-10079,Odisha,ODI-5,Urban Development,Private Agricultural,17.1,45,1,1412,Not Started,4,Partial Possession,0,0,0,100,2.2,69.5,4,2,61.8,1,0,0
LAP-10080,Punjab,PUN-6,Power Transmission,Government,18.4,4,3,1400,Not Started,3,Survey Complete,0,0,0,100,4.2,55.5,2,7,65.4,0,0,0
LAP-10081,Gujarat,GUJ-3,Urban Development,Private Agricultural,12.9,55,3,295,Fully Disbursed,85,Partial Possession,1,1,1,23,6.5,54.0,0,0,37.7,1,1,27
LAP-10082,Uttar Pradesh,UTT-5,Highway,Tribal,33.7,65,3,829,Fully Disbursed,93,Not Started,0,0,0,100,4.8,36.1,3,6,14.3,1,0,0
LAP-10083,Odisha,ODI-3,Irrigation,Forest,7.6,69,1,790,Partially Disbursed,13,Award Declared,1,1,1,58,6.9,51.0,4,4,70.5,0,0,0
LAP-10084,Telangana,TEL-6,Power Transmission,Mixed,43.0,105,1,1276,Partially Disbursed,56,Award Declared,0,0,0,100,3.8,80.5,3,3,40.4,0,0,0
LAP-10085,Odisha,ODI-2,Irrigation,Mixed,101.8,10,6,1291,Partially Disbursed,73,Partial Possession,1,1,0,100,5.2,23.9,2,2,100.0,0,1,61
LAP-10086,Rajasthan,RAJ-6,Irrigation,Mixed,17.9,27,3,1329,Partially Disbursed,20,Partial Possession,0,0,0,100,5.8,51.4,2,1,57.6,0,0,0
LAP-10087,Punjab,PUN-1,Highway,Private Agricultural,42.0,67,5,1218,Partially Disbursed,49,Not Started,1,1,1,59,6.8,70.9,0,8,57.2,1,1,87
LAP-10088,Karnataka,KAR-5,Irrigation,Government,32.4,10,1,151,Not Started,9,Partial Possession,0,0,0,100,9.6,73.2,0,1,94.8,1,0,0
LAP-10089,Uttar Pradesh,UTT-4,Power Transmission,Government,10.3,63,3,1323,Fully Disbursed,92,Survey Complete,1,1,0,100,5.0,73.2,0,3,73.4,0,0,0
LAP-10090,Odisha,ODI-3,Irrigation,Private Agricultural,202.0,21,2,984,Fully Disbursed,94,Survey Complete,1,1,1,55,10.0,67.3,6,1,61.8,0,0,0
LAP-10091,Gujarat,GUJ-4,Highway,Mixed,19.8,36,6,175,Not Started,3,Survey Complete,0,0,0,100,6.1,16.9,1,0,64.7,1,0,0
LAP-10092,Odisha,ODI-6,Industrial Corridor,Government,12.3,95,1,1150,Fully Disbursed,87,Partial Possession,1,0,1,43,9.1,65.1,0,2,74.3,0,0,0
LAP-10093,Karnataka,KAR-4,Highway,Private Agricultural,37.7,99,6,993,Not Started,4,Award Declared,1,0,1,76,6.1,43.8,1,2,59.8,0,0,0
LAP-10094,Tamil Nadu,TAM-5,Railway,Mixed,16.2,80,4,1259,Not Started,9,Partial Possession,1,0,1,17,6.8,45.6,0,3,78.4,1,1,181
LAP-10095,West Bengal,WES-3,Airport,Private Agricultural,35.4,20,6,510,Partially Disbursed,45,Not Started,1,0,1,77,8.5,100.0,3,8,28.1,0,0,0
LAP-10096,Haryana,HAR-2,Urban Development,Private Agricultural,47.6,34,1,518,Partially Disbursed,17,Partial Possession,1,1,1,95,7.1,74.5,0,4,55.9,0,0,0
LAP-10097,Odisha,ODI-2,Irrigation,Private Agricultural,13.6,44,4,39,Partially Disbursed,29,Award Declared,2,1,0,100,8.0,85.8,0,3,55.3,0,0,0
LAP-10098,West Bengal,WES-6,Urban Development,Forest,27.0,21,6,794,Not Started,8,Survey Complete,2,1,0,100,9.2,41.5,0,4,52.7,1,0,0
LAP-10099,Jharkhand,JHA-1,Urban Development,Private Agricultural,42.2,25,5,123,Not Started,7,Partial Possession,2,1,1,9,6.7,64.9,3,2,58.5,1,1,181
LAP-10100,Haryana,HAR-3,Power Transmission,Private Agricultural,7.4,116,5,134,Not Started,3,Not Started,1,1,1,21,8.2,65.5,3,5,15.5,1,0,0
LAP-10101,West Bengal,WES-6,Urban Development,Private Agricultural,415.6,22,2,126,Not Started,0,Full Possession,0,0,1,77,5.0,98.7,2,3,75.7,1,0,0
LAP-10102,Maharashtra,MAH-4,Urban Development,Private Agricultural,38.3,797,3,789,Partially Disbursed,34,Survey Complete,0,0,1,30,1.6,89.4,0,4,32.4,1,1,77
LAP-10103,Telangana,TEL-2,Highway,Forest,62.1,322,6,524,Partially Disbursed,52,Award Declared,2,1,0,100,7.3,72.4,3,4,63.1,0,0,0
LAP-10104,West Bengal,WES-6,Irrigation,Government,397.5,322,6,593,Partially Disbursed,20,Full Possession,0,0,1,75,9.2,52.9,1,6,37.5,0,0,0
LAP-10105,Jharkhand,JHA-5,Industrial Corridor,Private Agricultural,52.1,26,1,887,Partially Disbursed,42,Full Possession,0,0,1,76,6.6,42.3,1,4,38.9,0,0,0
LAP-10106,Gujarat,GUJ-2,Renewable Energy,Forest,46.2,19,4,1169,Not Started,1,Full Possession,1,1,1,1,8.2,87.1,2,6,0.0,0,1,79
LAP-10107,Odisha,ODI-2,Irrigation,Mixed,24.1,486,6,172,Not Started,0,Partial Possession,1,1,0,100,6.6,79.9,4,3,75.5,0,0,0
LAP-10108,Punjab,PUN-6,Renewable Energy,Private Agricultural,15.7,104,4,1406,Partially Disbursed,58,Award Declared,0,0,1,46,3.5,33.7,1,8,35.6,1,1,134
LAP-10109,West Bengal,WES-3,Power Transmission,Mixed,9.0,57,1,814,Partially Disbursed,48,Not Started,2,1,1,81,6.2,77.0,1,4,60.7,0,1,213
LAP-10110,West Bengal,WES-4,Industrial Corridor,Forest,2.2,28,4,1043,Not Started,2,Not Started,3,1,0,100,4.8,94.1,2,4,40.3,0,1,25
LAP-10111,Haryana,HAR-6,Highway,Mixed,19.4,6,3,128,Not Started,3,Survey Complete,0,0,0,100,7.1,64.9,2,4,33.3,0,0,0
LAP-10112,Chhattisgarh,CHH-6,Power Transmission,Private Agricultural,17.2,140,5,1133,Not Started,1,Survey Complete,1,0,0,100,1.8,67.8,1,5,76.0,0,0,0
LAP-10113,Odisha,ODI-6,Power Transmission,Private Agricultural,85.4,17,1,642,Partially Disbursed,35,Survey Complete,0,0,1,29,6.4,58.5,2,5,89.3,1,0,0
LAP-10114,Madhya Pradesh,MAD-6,Airport,Private Agricultural,26.9,296,4,1384,Partially Disbursed,22,Full Possession,0,0,0,100,2.8,43.5,3,6,90.3,0,1,51
LAP-10115,Madhya Pradesh,MAD-3,Highway,Government,3.9,146,6,856,Partially Disbursed,47,Award Declared,1,0,0,100,4.6,46.3,1,0,51.1,0,0,0
LAP-10116,West Bengal,WES-2,Industrial Corridor,Mixed,23.1,54,2,364,Fully Disbursed,87,Partial Possession,0,0,0,100,7.3,48.3,3,0,51.1,1,0,0
LAP-10117,Tamil Nadu,TAM-5,Railway,Private Agricultural,29.3,255,6,1442,Partially Disbursed,49,Not Started,1,0,1,67,5.3,31.4,1,3,45.0,0,1,178
LAP-10118,West Bengal,WES-2,Irrigation,Private Agricultural,36.7,357,1,869,Not Started,3,Partial Possession,0,0,0,100,3.0,62.8,1,1,87.2,0,0,0
LAP-10119,West Bengal,WES-6,Renewable Energy,Tribal,70.1,98,4,794,Partially Disbursed,78,Survey Complete,0,0,0,100,6.4,56.5,2,0,52.2,0,0,0
LAP-10120,Karnataka,KAR-3,Urban Development,Government,27.8,66,3,188,Not Started,0,Survey Complete,1,1,0,100,5.7,96.8,0,3,25.8,0,0,0
LAP-10121,Tamil Nadu,TAM-4,Irrigation,Forest,18.9,1043,1,746,Not Started,4,Survey Complete,1,1,1,12,5.7,75.0,0,3,14.5,1,1,218
LAP-10122,Uttar Pradesh,UTT-5,Highway,Mixed,4.1,28,5,99,Not Started,4,Partial Possession,0,0,0,100,7.5,79.4,3,4,68.9,0,0,0
LAP-10123,Odisha,ODI-5,Highway,Government,79.2,86,2,127,Partially Disbursed,56,Award Declared,1,0,0,100,5.0,82.0,3,1,38.9,0,0,0
LAP-10124,Rajasthan,RAJ-4,Power Transmission,Private Agricultural,163.8,5,4,40,Not Started,0,Survey Complete,0,0,1,33,6.0,49.3,0,4,74.5,0,1,125
LAP-10125,Odisha,ODI-1,Highway,Private Agricultural,186.1,549,4,921,Fully Disbursed,91,Survey Complete,1,1,0,100,6.5,83.9,3,8,73.3,0,1,63
LAP-10126,Maharashtra,MAH-3,Highway,Private Agricultural,110.5,73,2,1067,Fully Disbursed,98,Partial Possession,0,0,1,16,7.3,44.3,3,8,56.6,0,0,0
LAP-10127,West Bengal,WES-5,Railway,Private Agricultural,2.1,11,1,209,Not Started,8,Award Declared,0,0,0,100,8.3,60.0,1,1,45.1,0,0,0
LAP-10128,Bihar,BIH-4,Railway,Mixed,11.8,24,1,1368,Partially Disbursed,18,Award Declared,0,0,0,100,3.2,80.4,2,2,55.5,0,0,0
LAP-10129,Jharkhand,JHA-2,Airport,Forest,36.3,563,5,1081,Not Started,6,Not Started,1,1,0,100,4.6,78.0,3,1,76.7,1,0,0
LAP-10130,Madhya Pradesh,MAD-3,Urban Development,Private Agricultural,15.8,22,2,808,Not Started,1,Survey Complete,2,1,0,100,8.3,36.6,1,3,0.0,0,0,0
LAP-10131,Odisha,ODI-3,Railway,Tribal,6.1,52,1,711,Not Started,7,Survey Complete,3,1,0,100,5.9,48.3,4,2,39.7,1,1,112
LAP-10132,Karnataka,KAR-4,Industrial Corridor,Forest,30.9,366,4,763,Partially Disbursed,70,Survey Complete,2,1,1,14,7.6,53.3,6,6,81.5,1,1,115
LAP-10133,Haryana,HAR-5,Railway,Private Agricultural,12.3,194,5,1379,Fully Disbursed,87,Full Possession,0,0,1,85,4.5,56.6,1,8,21.0,0,0,0
LAP-10134,Chhattisgarh,CHH-1,Railway,Forest,81.5,97,5,432,Not Started,3,Partial Possession,2,1,0,100,5.3,69.7,1,7,79.9,1,1,83
LAP-10135,Gujarat,GUJ-1,Power Transmission,Private Agricultural,17.3,224,3,766,Fully Disbursed,85,Partial Possession,0,0,1,60,10.0,43.1,5,1,54.8,0,0,0
LAP-10136,Odisha,ODI-2,Railway,Private Agricultural,13.8,31,3,478,Fully Disbursed,100,Partial Possession,1,1,1,14,9.7,37.3,5,1,81.3,1,0,0
LAP-10137,Jharkhand,JHA-5,Industrial Corridor,Private Agricultural,31.8,234,2,1409,Fully Disbursed,87,Survey Complete,0,0,1,24,3.5,66.7,2,4,61.1,0,0,0
LAP-10138,Haryana,HAR-6,Urban Development,Mixed,11.7,58,2,107,Not Started,9,Partial Possession,1,1,0,100,4.4,55.4,1,3,64.3,0,0,0
LAP-10139,Bihar,BIH-1,Renewable Energy,Forest,38.9,46,3,733,Partially Disbursed,18,Not Started,0,0,1,52,7.1,71.1,1,5,33.1,0,0,0
LAP-10140,Jharkhand,JHA-6,Irrigation,Tribal,25.6,138,4,195,Partially Disbursed,41,Award Declared,0,0,0,100,3.0,45.8,1,0,30.5,1,0,0
LAP-10141,Maharashtra,MAH-1,Highway,Tribal,6.7,47,2,1408,Partially Disbursed,22,Partial Possession,3,1,1,64,7.0,66.4,0,5,41.3,0,1,51
LAP-10142,Gujarat,GUJ-3,Urban Development,Government,286.4,181,1,1449,Fully Disbursed,98,Not Started,1,1,0,100,3.4,72.3,0,4,43.8,0,0,0
LAP-10143,Haryana,HAR-6,Industrial Corridor,Forest,55.4,162,2,1110,Not Started,0,Not Started,2,1,0,100,6.4,83.0,1,2,79.2,1,1,345
LAP-10144,Odisha,ODI-4,Airport,Private Agricultural,35.3,377,5,1235,Not Started,1,Partial Possession,1,0,1,50,5.2,21.7,0,0,2.3,0,0,0
LAP-10145,Rajasthan,RAJ-4,Urban Development,Private Agricultural,10.9,183,5,1297,Not Started,5,Partial Possession,1,1,0,100,4.8,72.4,1,6,58.8,0,0,0
LAP-10146,Gujarat,GUJ-1,Airport,Mixed,41.8,127,2,849,Partially Disbursed,80,Award Declared,0,0,1,40,7.7,56.8,2,6,14.8,0,1,157
LAP-10147,Tamil Nadu,TAM-6,Airport,Tribal,18.4,55,6,766,Not Started,7,Award Declared,0,0,1,13,3.8,27.4,1,0,74.6,0,0,0
LAP-10148,Haryana,HAR-3,Industrial Corridor,Private Agricultural,26.3,90,1,650,Partially Disbursed,23,Full Possession,0,0,1,15,4.0,63.3,0,5,0.0,1,1,27
LAP-10149,Bihar,BIH-3,Urban Development,Tribal,18.5,8,1,1042,Partially Disbursed,10,Full Possession,3,0,1,3,4.7,58.5,3,3,28.2,0,0,0
LAP-10150,Rajasthan,RAJ-5,Irrigation,Government,18.4,5,4,652,Fully Disbursed,94,Award Declared,2,1,0,100,5.3,93.4,1,2,54.0,0,0,0
LAP-10151,West Bengal,WES-4,Urban Development,Tribal,27.8,169,5,1352,Partially Disbursed,38,Partial Possession,2,0,0,100,7.1,97.5,6,0,57.5,0,1,116
LAP-10152,West Bengal,WES-6,Highway,Private Agricultural,15.4,176,3,734,Not Started,0,Not Started,2,1,1,23,5.5,75.4,2,2,20.5,0,1,19
LAP-10153,Karnataka,KAR-4,Irrigation,Government,81.9,105,6,754,Fully Disbursed,91,Partial Possession,1,1,0,100,8.6,77.5,2,4,57.2,1,0,0
LAP-10154,Rajasthan,RAJ-2,Irrigation,Tribal,23.4,182,1,124,Fully Disbursed,95,Partial Possession,3,0,1,40,7.1,39.3,1,2,81.9,0,0,0
LAP-10155,Uttar Pradesh,UTT-2,Railway,Private Agricultural,24.9,120,3,668,Not Started,9,Survey Complete,0,0,1,36,3.4,29.2,4,5,66.8,0,1,244
LAP-10156,Gujarat,GUJ-5,Industrial Corridor,Tribal,38.3,39,1,296,Not Started,7,Award Declared,1,0,1,60,7.9,54.9,1,1,34.3,1,0,0
LAP-10157,Haryana,HAR-2,Railway,Tribal,54.0,13,3,1367,Not Started,3,Not Started,0,0,1,68,4.8,22.0,3,7,71.1,1,1,152
LAP-10158,Haryana,HAR-4,Railway,Private Agricultural,13.4,51,3,493,Partially Disbursed,30,Partial Possession,0,0,1,5,2.5,87.9,0,5,20.3,0,1,18
LAP-10159,Odisha,ODI-5,Urban Development,Private Agricultural,10.6,27,4,732,Partially Disbursed,65,Survey Complete,1,1,1,66,6.7,47.4,10,2,51.8,0,0,0
LAP-10160,Telangana,TEL-5,Renewable Energy,Mixed,4.4,402,1,1139,Fully Disbursed,92,Award Declared,0,0,0,100,6.1,88.6,2,5,70.6,0,0,0
LAP-10161,Maharashtra,MAH-5,Railway,Tribal,38.2,32,6,141,Partially Disbursed,43,Award Declared,1,1,0,100,7.1,21.3,1,6,28.8,1,0,0
LAP-10162,Madhya Pradesh,MAD-3,Urban Development,Forest,15.0,15,3,1025,Fully Disbursed,90,Partial Possession,0,0,0,100,2.1,33.6,3,4,28.4,0,0,0
LAP-10163,Karnataka,KAR-5,Railway,Private Agricultural,19.0,44,1,850,Partially Disbursed,58,Award Declared,0,0,1,78,4.4,42.8,1,0,62.0,0,0,0
LAP-10164,Bihar,BIH-6,Highway,Government,31.5,116,4,475,Partially Disbursed,15,Partial Possession,2,1,1,55,4.7,50.5,3,6,100.0,0,1,57
LAP-10165,Chhattisgarh,CHH-1,Renewable Energy,Private Agricultural,56.5,41,4,984,Partially Disbursed,81,Partial Possession,1,1,1,51,6.6,71.8,2,3,78.2,0,0,0
LAP-10166,Haryana,HAR-5,Urban Development,Private Agricultural,8.8,18,1,427,Not Started,5,Award Declared,0,0,1,16,9.6,35.7,1,1,99.5,1,0,0
LAP-10167,Tamil Nadu,TAM-6,Urban Development,Government,20.3,7,1,1276,Fully Disbursed,93,Partial Possession,1,0,0,100,4.3,63.2,0,1,65.1,1,0,0
LAP-10168,Madhya Pradesh,MAD-4,Irrigation,Forest,11.0,50,4,827,Fully Disbursed,85,Full Possession,1,1,0,100,7.7,64.6,1,4,30.8,0,0,0
LAP-10169,Rajasthan,RAJ-4,Industrial Corridor,Tribal,21.1,37,4,804,Partially Disbursed,48,Award Declared,1,1,1,3,7.7,43.8,1,2,46.3,0,1,85
LAP-10170,Karnataka,KAR-1,Power Transmission,Mixed,6.7,392,3,84,Fully Disbursed,100,Not Started,0,0,0,100,6.0,39.5,1,3,65.0,0,0,0
LAP-10171,Maharashtra,MAH-4,Industrial Corridor,Private Agricultural,35.0,240,1,1365,Not Started,0,Partial Possession,0,0,1,5,3.2,13.2,0,5,70.7,0,0,0
LAP-10172,Jharkhand,JHA-6,Irrigation,Private Agricultural,50.8,8,2,35,Not Started,8,Not Started,1,0,1,34,5.0,33.6,1,3,38.7,1,0,0
LAP-10173,Bihar,BIH-4,Industrial Corridor,Government,24.9,158,1,1445,Partially Disbursed,77,Not Started,0,0,0,100,6.7,82.0,4,1,57.9,0,0,0
LAP-10174,Odisha,ODI-5,Irrigation,Tribal,2.8,51,6,1047,Fully Disbursed,92,Survey Complete,0,0,1,33,2.0,44.8,4,3,67.9,0,0,0
LAP-10175,Tamil Nadu,TAM-6,Urban Development,Private Agricultural,7.9,8,1,1186,Not Started,7,Not Started,0,0,0,100,7.5,75.5,0,8,48.6,0,0,0
LAP-10176,Jharkhand,JHA-3,Irrigation,Private Agricultural,91.5,18,3,817,Fully Disbursed,85,Not Started,0,0,1,62,5.5,47.0,1,1,61.8,0,0,0
LAP-10177,Rajasthan,RAJ-3,Urban Development,Government,88.5,84,2,1017,Partially Disbursed,13,Full Possession,1,0,0,100,6.0,63.9,3,4,38.9,0,0,0
LAP-10178,Tamil Nadu,TAM-3,Highway,Government,47.2,22,6,781,Partially Disbursed,68,Award Declared,1,1,0,100,3.1,40.7,3,0,77.2,1,0,0
LAP-10179,Odisha,ODI-5,Irrigation,Private Agricultural,16.0,154,3,715,Partially Disbursed,14,Full Possession,0,0,1,23,6.4,68.3,3,1,49.5,0,0,0
LAP-10180,Jharkhand,JHA-6,Urban Development,Mixed,14.5,33,1,840,Partially Disbursed,83,Full Possession,1,1,0,100,5.1,75.1,0,5,56.5,1,1,14
LAP-10181,Karnataka,KAR-6,Railway,Government,45.7,67,5,274,Not Started,6,Not Started,1,0,1,81,7.1,47.1,2,0,79.4,0,0,0
LAP-10182,Gujarat,GUJ-3,Power Transmission,Forest,55.8,49,1,1124,Not Started,3,Full Possession,1,1,0,100,3.9,47.8,2,5,51.3,0,0,0
LAP-10183,Bihar,BIH-4,Renewable Energy,Government,27.2,597,5,640,Fully Disbursed,85,Not Started,1,1,1,46,8.7,81.0,0,4,21.7,0,0,0
LAP-10184,Telangana,TEL-6,Railway,Tribal,8.0,48,2,643,Fully Disbursed,85,Full Possession,3,1,1,76,1.8,44.3,1,8,100.0,1,1,117
LAP-10185,Odisha,ODI-4,Industrial Corridor,Private Agricultural,46.2,16,6,1146,Fully Disbursed,91,Award Declared,1,1,1,25,10.0,87.8,0,6,55.2,0,0,0
LAP-10186,Uttar Pradesh,UTT-4,Industrial Corridor,Tribal,21.2,47,3,935,Fully Disbursed,85,Survey Complete,3,1,1,86,6.8,99.0,2,5,31.0,0,1,156
LAP-10187,Chhattisgarh,CHH-5,Renewable Energy,Private Agricultural,9.6,15,4,524,Fully Disbursed,99,Award Declared,1,1,0,100,5.1,69.6,3,5,92.8,0,0,0
LAP-10188,Punjab,PUN-6,Highway,Government,11.7,30,5,1077,Not Started,4,Award Declared,0,0,0,100,6.8,96.9,2,8,45.5,1,0,0
LAP-10189,Tamil Nadu,TAM-4,Railway,Private Agricultural,157.8,23,6,813,Fully Disbursed,93,Partial Possession,0,0,1,61,6.1,69.0,3,1,43.9,0,0,0
LAP-10190,Tamil Nadu,TAM-3,Airport,Private Agricultural,244.9,81,5,1117,Not Started,6,Award Declared,0,0,1,78,5.9,72.3,1,2,37.1,0,0,0
LAP-10191,Madhya Pradesh,MAD-1,Highway,Private Agricultural,41.2,107,2,163,Partially Disbursed,10,Partial Possession,0,0,1,35,6.3,50.6,2,2,83.0,0,0,0
LAP-10192,Punjab,PUN-1,Airport,Mixed,38.4,101,2,799,Not Started,6,Not Started,1,1,0,100,9.9,67.0,1,5,40.1,0,0,0
LAP-10193,Jharkhand,JHA-2,Urban Development,Private Agricultural,4.4,26,3,811,Not Started,6,Award Declared,2,0,1,97,6.9,46.2,2,7,14.3,1,1,44
LAP-10194,Haryana,HAR-2,Renewable Energy,Private Agricultural,14.7,16,6,1184,Not Started,4,Award Declared,0,0,0,100,8.5,49.3,2,5,51.6,0,0,0
LAP-10195,Maharashtra,MAH-6,Highway,Private Agricultural,36.7,278,2,624,Partially Disbursed,13,Partial Possession,0,0,1,68,3.2,56.2,2,6,68.2,0,0,0
LAP-10196,Jharkhand,JHA-1,Highway,Mixed,5.3,17,4,423,Fully Disbursed,87,Survey Complete,0,0,0,100,6.0,88.0,3,6,65.2,0,1,89
LAP-10197,Maharashtra,MAH-1,Urban Development,Tribal,81.0,26,6,870,Not Started,0,Survey Complete,1,0,1,16,7.8,46.4,6,3,60.7,0,0,0
LAP-10198,Jharkhand,JHA-6,Highway,Private Agricultural,169.9,18,5,334,Not Started,1,Partial Possession,3,1,0,100,3.4,75.9,4,7,48.4,1,1,173
LAP-10199,Rajasthan,RAJ-4,Urban Development,Tribal,3.6,15,6,723,Not Started,1,Award Declared,1,1,1,86,7.8,65.8,1,3,54.8,0,0,0
LAP-10200,West Bengal,WES-6,Power Transmission,Private Agricultural,33.1,5,2,1268,Fully Disbursed,95,Award Declared,2,1,1,12,4.6,67.2,1,3,66.6,0,0,0
LAP-10201,West Bengal,WES-5,Highway,Private Agricultural,34.8,41,2,68,Not Started,6,Not Started,0,0,0,100,4.2,68.9,4,2,81.1,0,0,0
LAP-10202,Gujarat,GUJ-3,Airport,Private Agricultural,59.2,65,5,264,Partially Disbursed,76,Full Possession,0,0,1,88,5.6,77.0,0,3,61.0,1,0,0
LAP-10203,Gujarat,GUJ-6,Industrial Corridor,Private Agricultural,196.3,133,1,767,Not Started,4,Survey Complete,1,1,0,100,6.2,99.8,1,4,41.2,0,0,0
LAP-10204,Odisha,ODI-5,Urban Development,Private Agricultural,23.4,59,4,326,Not Started,4,Not Started,0,0,1,28,2.5,28.7,0,8,62.8,0,0,0
LAP-10205,Bihar,BIH-2,Irrigation,Mixed,12.5,157,4,493,Partially Disbursed,46,Award Declared,0,0,0,100,5.5,41.1,2,2,52.9,0,1,34
LAP-10206,Odisha,ODI-5,Urban Development,Private Agricultural,392.6,158,2,341,Fully Disbursed,98,Survey Complete,1,1,1,82,6.6,86.4,1,0,31.5,0,0,0
LAP-10207,West Bengal,WES-3,Highway,Private Agricultural,11.2,11,6,1098,Partially Disbursed,54,Award Declared,1,1,0,100,7.4,58.1,1,3,74.8,0,0,0
LAP-10208,Tamil Nadu,TAM-4,Urban Development,Private Agricultural,16.7,20,6,629,Fully Disbursed,87,Survey Complete,2,0,1,59,6.3,5.1,2,5,83.2,0,1,75
LAP-10209,Rajasthan,RAJ-5,Highway,Forest,16.0,54,5,1297,Fully Disbursed,92,Partial Possession,0,0,0,100,5.8,58.4,3,5,11.3,0,0,0
LAP-10210,Rajasthan,RAJ-4,Urban Development,Government,29.5,152,2,1192,Partially Disbursed,34,Survey Complete,0,0,0,100,8.4,67.4,2,0,60.0,0,0,0
LAP-10211,Telangana,TEL-3,Railway,Forest,9.6,11,3,1481,Fully Disbursed,97,Award Declared,1,0,0,100,3.4,60.2,0,2,11.9,1,0,0
LAP-10212,Telangana,TEL-6,Railway,Tribal,62.2,31,6,166,Partially Disbursed,59,Survey Complete,2,1,1,32,4.9,58.7,2,6,54.0,1,0,0
LAP-10213,Chhattisgarh,CHH-4,Highway,Tribal,14.6,24,4,1475,Partially Disbursed,70,Partial Possession,2,0,1,60,3.8,43.8,2,0,85.0,1,0,0
LAP-10214,Odisha,ODI-4,Railway,Private Agricultural,63.8,161,2,877,Partially Disbursed,53,Not Started,0,0,0,100,2.5,55.3,1,6,41.8,0,0,0
LAP-10215,Haryana,HAR-5,Railway,Private Agricultural,27.0,18,1,315,Not Started,9,Full Possession,1,1,1,92,7.9,71.6,1,1,41.5,0,1,97
LAP-10216,Telangana,TEL-4,Urban Development,Private Agricultural,89.8,106,1,318,Partially Disbursed,24,Award Declared,0,0,0,100,6.6,51.1,5,2,74.6,0,1,35
LAP-10217,Punjab,PUN-4,Urban Development,Private Agricultural,27.5,6,4,1328,Fully Disbursed,88,Survey Complete,0,0,1,15,3.2,82.5,1,5,81.4,0,1,132
LAP-10218,Chhattisgarh,CHH-1,Industrial Corridor,Forest,53.0,17,4,1091,Not Started,1,Full Possession,2,1,0,100,7.7,82.6,3,3,57.0,0,1,63
LAP-10219,Tamil Nadu,TAM-3,Power Transmission,Private Agricultural,28.2,33,1,1127,Not Started,9,Partial Possession,0,0,1,11,5.1,47.6,4,8,59.9,0,1,197
LAP-10220,West Bengal,WES-4,Renewable Energy,Private Agricultural,4.4,50,3,1405,Not Started,0,Partial Possession,0,0,1,60,4.2,54.8,2,5,15.2,1,0,0
LAP-10221,Uttar Pradesh,UTT-2,Highway,Private Agricultural,5.2,407,2,794,Not Started,0,Partial Possession,1,1,0,100,5.2,39.1,3,0,7.8,0,1,104
LAP-10222,Karnataka,KAR-4,Irrigation,Private Agricultural,4.0,14,4,759,Partially Disbursed,55,Partial Possession,0,0,0,100,7.8,39.0,2,6,82.4,1,0,0
LAP-10223,Bihar,BIH-6,Urban Development,Private Agricultural,25.5,15,4,522,Fully Disbursed,85,Award Declared,2,1,1,16,5.9,98.3,2,6,65.4,1,1,54
LAP-10224,Karnataka,KAR-1,Highway,Mixed,103.0,16,6,685,Not Started,1,Award Declared,0,0,0,100,7.0,54.9,0,8,100.0,0,1,236
LAP-10225,Chhattisgarh,CHH-1,Highway,Private Agricultural,65.3,34,1,1374,Partially Disbursed,40,Partial Possession,0,0,1,71,7.2,76.1,1,0,59.3,0,0,0
LAP-10226,Rajasthan,RAJ-3,Highway,Tribal,111.1,74,2,593,Fully Disbursed,97,Full Possession,2,1,0,100,4.8,69.4,2,6,13.0,0,0,0
LAP-10227,Rajasthan,RAJ-4,Renewable Energy,Tribal,22.4,57,6,1377,Partially Disbursed,65,Partial Possession,3,1,1,18,4.2,46.0,2,7,100.0,0,1,66
LAP-10228,Rajasthan,RAJ-2,Highway,Government,3.6,24,4,513,Not Started,3,Survey Complete,0,0,0,100,7.2,60.0,2,8,67.8,0,0,0
LAP-10229,Tamil Nadu,TAM-1,Urban Development,Tribal,12.7,41,4,232,Partially Disbursed,79,Survey Complete,2,1,1,44,6.8,74.8,3,6,84.9,0,1,14
LAP-10230,Uttar Pradesh,UTT-1,Highway,Mixed,25.9,39,4,945,Fully Disbursed,99,Award Declared,0,0,0,100,4.7,55.2,0,7,36.6,0,0,0
LAP-10231,Bihar,BIH-3,Renewable Energy,Private Agricultural,28.6,2669,5,893,Partially Disbursed,49,Survey Complete,1,0,1,81,7.0,35.2,2,6,77.6,0,0,0
LAP-10232,Gujarat,GUJ-3,Power Transmission,Government,55.4,22,2,478,Not Started,3,Partial Possession,0,0,0,100,5.1,51.2,2,0,30.1,0,0,0
LAP-10233,Telangana,TEL-2,Highway,Forest,172.1,97,1,1440,Not Started,0,Award Declared,1,0,0,100,4.5,43.8,3,3,58.4,0,1,49
LAP-10234,Uttar Pradesh,UTT-6,Highway,Private Agricultural,79.8,135,1,1112,Fully Disbursed,88,Survey Complete,1,1,1,83,10.0,43.7,2,0,62.6,1,1,176
LAP-10235,Karnataka,KAR-2,Renewable Energy,Tribal,30.6,63,1,1012,Partially Disbursed,58,Full Possession,0,0,0,100,5.9,48.7,3,0,76.7,0,0,0
LAP-10236,Uttar Pradesh,UTT-5,Highway,Private Agricultural,203.6,37,6,1375,Not Started,6,Full Possession,0,0,0,100,7.5,66.1,1,5,77.4,0,0,0
LAP-10237,Tamil Nadu,TAM-6,Industrial Corridor,Private Agricultural,11.8,86,5,1101,Not Started,3,Not Started,0,0,1,62,3.2,27.6,3,5,84.4,0,1,211
LAP-10238,Odisha,ODI-5,Railway,Forest,4.3,56,1,1443,Partially Disbursed,54,Award Declared,2,1,0,100,5.5,35.8,1,5,50.5,0,1,74
LAP-10239,Madhya Pradesh,MAD-6,Irrigation,Private Agricultural,34.7,14,5,381,Partially Disbursed,21,Full Possession,0,0,1,19,6.0,33.4,1,0,37.3,0,0,0
LAP-10240,Chhattisgarh,CHH-4,Railway,Forest,169.6,15,3,323,Not Started,5,Partial Possession,2,1,0,100,5.7,40.5,2,8,78.1,0,1,91
LAP-10241,Tamil Nadu,TAM-3,Irrigation,Forest,65.1,16,4,1179,Partially Disbursed,42,Survey Complete,2,1,0,100,4.6,54.9,1,7,74.6,0,1,222
LAP-10242,Karnataka,KAR-6,Highway,Private Agricultural,10.8,59,3,175,Not Started,7,Survey Complete,2,1,1,77,4.8,51.9,2,5,75.3,0,1,65
LAP-10243,Bihar,BIH-1,Urban Development,Private Agricultural,31.1,41,1,208,Not Started,9,Full Possession,2,0,1,25,3.6,62.7,2,2,96.8,0,1,45
LAP-10244,Punjab,PUN-5,Highway,Private Agricultural,20.3,66,1,389,Not Started,5,Full Possession,1,1,0,100,3.4,44.5,1,7,51.9,0,0,0
LAP-10245,Uttar Pradesh,UTT-3,Highway,Forest,22.4,88,6,490,Partially Disbursed,58,Not Started,2,1,0,100,4.9,75.7,4,3,66.5,1,0,0
LAP-10246,Jharkhand,JHA-5,Highway,Mixed,107.4,116,6,111,Partially Disbursed,27,Partial Possession,2,1,1,94,8.9,75.4,0,8,52.3,0,1,530
LAP-10247,Punjab,PUN-3,Railway,Private Agricultural,94.8,88,3,1120,Fully Disbursed,95,Survey Complete,1,0,0,100,6.0,13.0,1,3,64.1,0,0,0
LAP-10248,Jharkhand,JHA-1,Power Transmission,Mixed,2.8,8,4,376,Partially Disbursed,75,Partial Possession,0,0,0,100,4.9,56.5,0,7,46.7,0,0,0
LAP-10249,Tamil Nadu,TAM-4,Irrigation,Private Agricultural,73.9,48,5,853,Partially Disbursed,64,Partial Possession,0,0,0,100,5.4,53.4,4,6,41.7,0,0,0
LAP-10250,Rajasthan,RAJ-6,Urban Development,Private Agricultural,110.8,112,3,1034,Not Started,3,Partial Possession,0,0,1,79,6.5,52.1,0,8,48.0,0,0,0
LAP-10251,Jharkhand,JHA-6,Railway,Government,39.4,66,2,1060,Not Started,9,Partial Possession,2,1,1,62,6.9,63.0,2,7,58.8,0,0,0
LAP-10252,West Bengal,WES-2,Renewable Energy,Forest,25.4,282,4,961,Not Started,5,Not Started,2,0,0,100,7.3,70.4,3,1,51.8,1,1,220
LAP-10253,Rajasthan,RAJ-4,Airport,Private Agricultural,35.0,1,1,1263,Partially Disbursed,14,Not Started,0,0,0,100,9.3,57.9,2,7,53.6,0,0,0
LAP-10254,West Bengal,WES-2,Railway,Government,12.7,39,5,1305,Not Started,5,Partial Possession,0,0,0,100,4.5,87.5,2,0,83.1,1,0,0
LAP-10255,Maharashtra,MAH-2,Industrial Corridor,Private Agricultural,38.5,31,6,1256,Partially Disbursed,54,Partial Possession,0,0,1,14,4.9,39.8,2,2,74.3,1,0,0
LAP-10256,Gujarat,GUJ-5,Highway,Forest,5.7,65,4,133,Partially Disbursed,21,Partial Possession,0,0,0,100,4.9,37.8,2,6,5.5,0,0,0
LAP-10257,West Bengal,WES-3,Highway,Forest,24.2,97,3,389,Not Started,8,Survey Complete,0,0,0,100,8.0,81.5,0,4,34.0,0,0,0
LAP-10258,Telangana,TEL-5,Renewable Energy,Tribal,92.4,15,4,122,Partially Disbursed,51,Not Started,3,0,0,100,10.0,63.6,1,6,42.4,0,0,0
LAP-10259,Uttar Pradesh,UTT-3,Airport,Private Agricultural,23.0,139,6,171,Not Started,8,Full Possession,0,0,1,4,10.0,83.7,3,4,65.8,0,0,0
LAP-10260,Haryana,HAR-6,Industrial Corridor,Private Agricultural,28.5,429,2,410,Partially Disbursed,42,Partial Possession,0,0,1,55,7.1,56.9,4,2,48.9,0,0,0
LAP-10261,Bihar,BIH-5,Railway,Private Agricultural,65.7,110,2,644,Not Started,0,Award Declared,1,1,0,100,7.5,64.9,1,8,71.6,0,1,237
LAP-10262,Maharashtra,MAH-1,Urban Development,Forest,52.7,6,1,96,Partially Disbursed,38,Award Declared,0,0,0,100,8.5,51.8,2,0,85.5,1,0,0
LAP-10263,Odisha,ODI-2,Irrigation,Tribal,19.7,51,6,806,Not Started,8,Survey Complete,1,1,1,51,5.8,74.1,0,2,69.2,0,0,0
LAP-10264,Rajasthan,RAJ-2,Railway,Mixed,32.1,37,1,675,Not Started,7,Partial Possession,1,0,0,100,7.2,5.0,3,0,65.3,1,1,95
LAP-10265,Bihar,BIH-5,Industrial Corridor,Private Agricultural,79.1,44,6,983,Partially Disbursed,44,Partial Possession,1,1,1,34,7.7,16.0,2,8,47.5,0,1,67
LAP-10266,Gujarat,GUJ-1,Railway,Forest,5.6,138,5,335,Not Started,1,Not Started,2,1,0,100,5.8,72.9,1,3,82.5,1,1,154
LAP-10267,Odisha,ODI-2,Industrial Corridor,Forest,6.9,17,1,617,Not Started,4,Not Started,1,1,0,100,10.0,31.0,3,3,20.7,0,0,0
LAP-10268,Odisha,ODI-3,Urban Development,Private Agricultural,17.0,29,4,227,Not Started,1,Full Possession,1,0,1,46,9.5,66.1,2,3,87.6,1,0,0
LAP-10269,Karnataka,KAR-1,Urban Development,Government,121.2,11,1,1204,Not Started,1,Survey Complete,1,1,0,100,7.6,69.8,1,4,49.7,1,1,26
LAP-10270,Punjab,PUN-4,Power Transmission,Private Agricultural,21.1,310,6,1393,Fully Disbursed,95,Partial Possession,2,0,1,13,4.7,44.0,0,0,99.1,0,0,0
LAP-10271,Telangana,TEL-2,Power Transmission,Private Agricultural,12.2,59,6,112,Partially Disbursed,76,Partial Possession,0,0,1,74,8.7,23.1,2,7,61.1,1,0,0
LAP-10272,Rajasthan,RAJ-4,Irrigation,Forest,25.5,150,4,515,Not Started,5,Full Possession,2,1,0,100,3.3,55.6,3,7,36.3,0,1,174
LAP-10273,Gujarat,GUJ-1,Airport,Private Agricultural,10.5,187,3,836,Partially Disbursed,76,Full Possession,1,1,1,5,6.0,46.8,5,1,47.6,1,1,112
LAP-10274,Jharkhand,JHA-6,Highway,Forest,20.7,41,2,703,Partially Disbursed,50,Not Started,0,0,1,8,8.5,91.0,2,4,100.0,1,0,0
LAP-10275,Tamil Nadu,TAM-6,Industrial Corridor,Private Agricultural,68.0,13,1,1318,Partially Disbursed,35,Partial Possession,1,1,1,53,6.9,82.6,1,5,4.3,0,1,129
LAP-10276,Gujarat,GUJ-6,Industrial Corridor,Government,45.6,1195,6,1204,Not Started,8,Partial Possession,0,0,0,100,6.1,42.8,2,2,26.4,0,0,0
LAP-10277,Telangana,TEL-1,Railway,Forest,11.1,41,5,77,Fully Disbursed,88,Partial Possession,3,0,0,100,8.4,61.6,1,3,53.5,0,0,0
LAP-10278,Odisha,ODI-1,Airport,Private Agricultural,14.1,76,6,417,Not Started,9,Partial Possession,0,0,0,100,6.3,55.0,2,6,20.9,0,0,0
LAP-10279,Jharkhand,JHA-2,Power Transmission,Private Agricultural,8.3,227,1,1144,Not Started,7,Partial Possession,0,0,1,64,4.8,91.1,2,6,83.7,1,0,0
LAP-10280,Bihar,BIH-2,Highway,Government,13.8,36,3,1488,Partially Disbursed,13,Not Started,0,0,0,100,6.3,46.8,3,4,53.6,0,0,0
LAP-10281,Uttar Pradesh,UTT-5,Railway,Tribal,125.7,8,6,131,Not Started,1,Not Started,1,1,1,86,3.5,39.4,3,5,50.5,0,0,0
LAP-10282,Karnataka,KAR-2,Irrigation,Forest,66.2,59,4,630,Fully Disbursed,98,Partial Possession,1,1,0,100,5.9,72.8,2,6,79.1,0,1,55
LAP-10283,Telangana,TEL-4,Highway,Private Agricultural,30.8,160,1,131,Fully Disbursed,88,Not Started,0,0,0,100,5.8,60.7,0,1,54.8,0,0,0
LAP-10284,Chhattisgarh,CHH-1,Renewable Energy,Private Agricultural,24.0,24,2,932,Fully Disbursed,95,Award Declared,0,0,0,100,5.4,75.1,3,4,91.4,0,1,31
LAP-10285,Maharashtra,MAH-5,Urban Development,Private Agricultural,13.5,40,3,1408,Not Started,9,Full Possession,1,1,1,13,4.5,80.2,2,5,58.0,0,0,0
LAP-10286,Punjab,PUN-5,Irrigation,Private Agricultural,120.8,1571,2,491,Partially Disbursed,42,Not Started,0,0,0,100,4.7,46.3,4,6,32.9,0,0,0
LAP-10287,Gujarat,GUJ-3,Irrigation,Private Agricultural,30.9,204,3,692,Not Started,7,Partial Possession,1,1,0,100,8.8,36.6,1,1,47.0,0,1,203
LAP-10288,Maharashtra,MAH-4,Urban Development,Tribal,1.1,17,4,943,Partially Disbursed,39,Award Declared,0,0,1,38,5.5,50.9,2,5,43.7,0,1,44
LAP-10289,Haryana,HAR-6,Renewable Energy,Private Agricultural,126.0,13,4,468,Not Started,0,Not Started,1,1,0,100,6.3,68.3,3,3,55.9,0,1,274
LAP-10290,Punjab,PUN-6,Railway,Forest,8.1,249,5,736,Partially Disbursed,12,Award Declared,2,1,0,100,4.7,10.0,2,5,69.6,0,1,83
LAP-10291,Karnataka,KAR-2,Irrigation,Private Agricultural,37.8,23,6,227,Partially Disbursed,48,Not Started,1,1,0,100,3.3,61.6,5,6,40.8,0,1,61
LAP-10292,Bihar,BIH-4,Highway,Mixed,14.6,19,2,491,Not Started,4,Award Declared,0,0,0,100,2.4,99.3,2,7,48.4,1,0,0
LAP-10293,Chhattisgarh,CHH-3,Airport,Forest,6.7,7,6,223,Partially Disbursed,69,Survey Complete,1,0,0,100,3.0,32.3,1,0,75.5,0,1,84
LAP-10294,Odisha,ODI-3,Railway,Government,7.4,38,1,1049,Partially Disbursed,60,Partial Possession,1,1,1,42,5.0,53.1,1,4,84.8,0,0,0
LAP-10295,Telangana,TEL-6,Power Transmission,Private Agricultural,32.3,5,3,947,Partially Disbursed,34,Survey Complete,0,0,1,6,8.2,55.7,3,6,20.8,0,0,0
LAP-10296,Telangana,TEL-5,Power Transmission,Private Agricultural,5.4,319,5,865,Partially Disbursed,15,Full Possession,0,0,0,100,5.4,73.2,3,4,70.0,1,0,0
LAP-10297,Odisha,ODI-1,Railway,Forest,64.9,34,6,1033,Partially Disbursed,11,Award Declared,0,0,0,100,9.5,32.0,2,6,25.8,0,0,0
LAP-10298,Punjab,PUN-6,Power Transmission,Private Agricultural,23.7,13,4,63,Not Started,4,Survey Complete,1,1,1,44,6.7,45.5,1,3,100.0,0,0,0
LAP-10299,Telangana,TEL-2,Power Transmission,Government,21.4,113,6,307,Fully Disbursed,95,Full Possession,0,0,0,100,5.1,61.0,1,8,56.1,1,0,0
LAP-10300,Punjab,PUN-6,Industrial Corridor,Tribal,323.9,194,4,596,Fully Disbursed,91,Full Possession,3,0,1,75,6.0,67.0,0,8,52.4,0,0,0
LAP-10301,Chhattisgarh,CHH-4,Highway,Private Agricultural,17.7,2,3,768,Not Started,9,Not Started,1,1,0,100,5.2,60.2,1,4,67.0,0,0,0
LAP-10302,Maharashtra,MAH-2,Power Transmission,Forest,12.9,65,6,161,Fully Disbursed,91,Survey Complete,1,0,1,53,5.0,60.0,2,3,74.9,0,1,77
LAP-10303,Odisha,ODI-3,Renewable Energy,Forest,16.2,10,1,1066,Partially Disbursed,26,Award Declared,2,0,1,30,4.5,69.3,3,6,100.0,1,1,439
LAP-10304,Punjab,PUN-4,Renewable Energy,Forest,17.0,11,6,437,Not Started,3,Survey Complete,1,1,0,100,4.5,64.1,2,8,91.0,0,0,0
LAP-10305,Chhattisgarh,CHH-4,Irrigation,Forest,2.7,27,6,1148,Not Started,3,Full Possession,2,1,0,100,7.9,74.1,1,8,70.5,0,1,380
LAP-10306,Gujarat,GUJ-4,Urban Development,Tribal,120.2,12,3,851,Not Started,7,Partial Possession,2,0,1,91,9.9,28.3,2,7,24.4,0,0,0
LAP-10307,Uttar Pradesh,UTT-6,Irrigation,Forest,13.7,81,3,47,Partially Disbursed,50,Partial Possession,1,1,0,100,4.2,45.6,1,6,72.7,0,0,0
LAP-10308,Chhattisgarh,CHH-2,Railway,Private Agricultural,15.8,34,3,417,Partially Disbursed,46,Full Possession,0,0,0,100,8.4,48.0,1,7,56.0,0,0,0
LAP-10309,Karnataka,KAR-4,Highway,Private Agricultural,155.8,59,6,1183,Partially Disbursed,55,Not Started,1,1,1,82,1.7,100.0,1,4,73.2,1,1,404
LAP-10310,Karnataka,KAR-1,Highway,Private Agricultural,433.6,27,2,1432,Partially Disbursed,71,Partial Possession,1,0,0,100,7.9,16.7,3,5,56.2,0,0,0
LAP-10311,West Bengal,WES-4,Irrigation,Mixed,94.7,189,1,1136,Fully Disbursed,93,Not Started,1,1,0,100,3.9,26.3,2,8,22.3,0,1,312
LAP-10312,Madhya Pradesh,MAD-1,Highway,Private Agricultural,21.1,90,5,278,Fully Disbursed,86,Award Declared,0,0,1,20,3.0,57.7,3,2,70.2,0,0,0
LAP-10313,Maharashtra,MAH-6,Irrigation,Government,10.2,21,5,1183,Not Started,1,Survey Complete,0,0,0,100,4.5,48.8,3,3,32.2,1,0,0
LAP-10314,Haryana,HAR-5,Irrigation,Mixed,39.6,32,4,648,Not Started,0,Partial Possession,0,0,0,100,6.3,35.0,0,3,60.5,0,0,0
LAP-10315,Madhya Pradesh,MAD-1,Railway,Government,5.5,468,4,407,Not Started,0,Full Possession,1,1,0,100,6.1,56.2,5,1,72.8,1,0,0
LAP-10316,Jharkhand,JHA-6,Railway,Tribal,11.4,246,2,829,Not Started,0,Award Declared,1,1,0,100,4.4,85.8,2,8,47.5,1,1,56
LAP-10317,Jharkhand,JHA-6,Airport,Private Agricultural,9.4,119,3,393,Not Started,7,Not Started,2,1,0,100,8.1,37.5,3,4,56.0,0,1,48
LAP-10318,Telangana,TEL-3,Urban Development,Private Agricultural,5.8,91,2,905,Fully Disbursed,94,Partial Possession,0,0,1,65,5.4,93.5,1,3,56.8,0,0,0
LAP-10319,Jharkhand,JHA-5,Urban Development,Forest,48.3,510,1,962,Partially Disbursed,17,Full Possession,3,1,0,100,8.3,41.0,2,6,68.6,0,1,315
LAP-10320,Madhya Pradesh,MAD-5,Irrigation,Government,9.6,75,3,542,Fully Disbursed,93,Full Possession,1,1,0,100,5.8,59.1,1,1,36.7,0,0,0
LAP-10321,Chhattisgarh,CHH-5,Urban Development,Private Agricultural,24.1,12,4,864,Partially Disbursed,83,Partial Possession,3,1,1,31,3.9,82.9,3,0,51.1,1,1,90
LAP-10322,Maharashtra,MAH-2,Renewable Energy,Tribal,26.0,106,5,179,Not Started,2,Survey Complete,3,1,0,100,6.3,52.8,3,0,43.4,1,0,0
LAP-10323,West Bengal,WES-5,Railway,Private Agricultural,50.0,124,1,459,Not Started,6,Full Possession,0,0,1,90,3.3,54.9,1,5,44.2,0,0,0
LAP-10324,Karnataka,KAR-4,Irrigation,Private Agricultural,6.3,47,1,988,Not Started,0,Survey Complete,1,0,1,97,6.4,90.9,2,3,48.2,0,0,0
LAP-10325,Chhattisgarh,CHH-6,Railway,Forest,14.6,165,1,1497,Fully Disbursed,91,Full Possession,2,1,0,100,6.4,31.1,2,5,81.2,1,1,250
LAP-10326,Rajasthan,RAJ-5,Highway,Private Agricultural,10.8,223,2,1422,Fully Disbursed,91,Award Declared,2,1,1,84,1.3,37.9,2,6,91.7,0,1,173
LAP-10327,Jharkhand,JHA-6,Urban Development,Tribal,4.2,93,2,1465,Not Started,0,Partial Possession,1,1,1,16,7.3,39.5,1,8,40.7,0,1,1
LAP-10328,Punjab,PUN-6,Irrigation,Government,19.5,44,4,1446,Fully Disbursed,91,Partial Possession,0,0,0,100,6.4,49.7,2,8,41.1,1,0,0
LAP-10329,Chhattisgarh,CHH-2,Railway,Government,10.8,21,2,180,Partially Disbursed,22,Award Declared,1,1,1,53,3.0,7.2,3,2,43.5,1,0,0
LAP-10330,Madhya Pradesh,MAD-5,Irrigation,Private Agricultural,135.3,90,5,853,Fully Disbursed,91,Not Started,0,0,0,100,5.2,51.9,2,0,49.4,0,0,0
LAP-10331,Haryana,HAR-1,Industrial Corridor,Government,56.2,66,3,344,Partially Disbursed,10,Partial Possession,0,0,0,100,4.4,52.9,4,4,0.0,0,0,0
LAP-10332,Uttar Pradesh,UTT-5,Railway,Forest,23.9,274,2,197,Fully Disbursed,96,Not Started,0,0,1,68,7.4,40.5,2,8,83.7,0,0,0
LAP-10333,Jharkhand,JHA-2,Irrigation,Mixed,15.9,165,5,817,Not Started,3,Not Started,0,0,0,100,3.7,97.0,2,4,84.5,0,0,0
LAP-10334,Maharashtra,MAH-2,Urban Development,Tribal,111.1,133,6,60,Not Started,8,Survey Complete,1,1,0,100,8.1,23.1,2,6,53.9,0,0,0
LAP-10335,Gujarat,GUJ-1,Renewable Energy,Private Agricultural,5.7,20,3,148,Partially Disbursed,55,Survey Complete,2,0,1,34,7.3,49.0,0,0,55.8,1,0,0
LAP-10336,Rajasthan,RAJ-2,Renewable Energy,Government,80.0,46,4,1195,Not Started,7,Partial Possession,1,1,1,90,10.0,34.3,0,4,39.3,0,1,137
LAP-10337,Haryana,HAR-1,Industrial Corridor,Private Agricultural,32.1,99,1,1456,Fully Disbursed,92,Survey Complete,1,1,1,2,8.4,50.1,3,6,57.3,0,1,90
LAP-10338,Bihar,BIH-3,Urban Development,Mixed,11.3,22,3,540,Partially Disbursed,81,Award Declared,0,0,0,100,6.3,71.0,4,7,27.9,0,0,0
LAP-10339,Jharkhand,JHA-6,Airport,Private Agricultural,80.3,32,4,340,Partially Disbursed,69,Award Declared,0,0,1,26,5.5,77.1,1,5,25.8,1,0,0
LAP-10340,Bihar,BIH-2,Power Transmission,Private Agricultural,43.7,71,6,988,Partially Disbursed,76,Partial Possession,1,1,1,5,3.1,64.9,2,4,81.5,0,1,40
LAP-10341,Bihar,BIH-2,Industrial Corridor,Private Agricultural,20.0,41,1,1224,Fully Disbursed,99,Award Declared,0,0,0,100,5.1,29.0,4,4,70.6,0,0,0
LAP-10342,Haryana,HAR-4,Railway,Private Agricultural,5.4,10,1,1001,Partially Disbursed,12,Survey Complete,0,0,0,100,4.1,40.5,6,2,79.9,0,1,112
LAP-10343,Uttar Pradesh,UTT-4,Power Transmission,Private Agricultural,239.0,696,2,1083,Partially Disbursed,34,Award Declared,1,1,1,46,1.2,56.2,1,0,79.9,1,0,0
LAP-10344,Jharkhand,JHA-3,Power Transmission,Private Agricultural,252.2,7,2,831,Partially Disbursed,39,Full Possession,2,1,1,75,3.5,59.0,2,5,81.6,1,1,125
LAP-10345,Punjab,PUN-1,Industrial Corridor,Private Agricultural,56.5,27,3,158,Not Started,4,Full Possession,1,1,1,65,6.0,50.4,2,5,36.6,0,1,409
LAP-10346,Uttar Pradesh,UTT-6,Highway,Government,10.8,132,5,310,Not Started,4,Partial Possession,0,0,0,100,2.6,38.0,2,6,69.6,0,0,0
LAP-10347,Madhya Pradesh,MAD-4,Railway,Private Agricultural,4.2,55,6,874,Partially Disbursed,24,Survey Complete,0,0,0,100,8.2,45.3,4,8,68.2,0,0,0
LAP-10348,Rajasthan,RAJ-2,Railway,Private Agricultural,15.6,252,5,913,Partially Disbursed,29,Partial Possession,0,0,1,20,6.7,73.5,4,6,31.6,0,1,323
LAP-10349,Madhya Pradesh,MAD-3,Urban Development,Mixed,139.3,46,5,1255,Partially Disbursed,27,Award Declared,0,0,0,100,6.0,42.9,2,8,52.7,1,0,0
LAP-10350,Punjab,PUN-6,Irrigation,Forest,12.9,29,3,1474,Not Started,8,Full Possession,2,1,1,32,2.3,62.0,2,0,65.1,0,0,0
LAP-10351,Telangana,TEL-3,Power Transmission,Forest,86.8,354,1,108,Fully Disbursed,86,Partial Possession,1,1,0,100,6.4,62.6,1,3,68.5,0,1,93
LAP-10352,Jharkhand,JHA-6,Highway,Mixed,28.2,135,5,568,Not Started,0,Survey Complete,1,1,1,100,6.4,71.1,1,7,86.6,0,0,0
LAP-10353,Telangana,TEL-4,Urban Development,Government,100.0,104,2,1128,Fully Disbursed,95,Full Possession,1,0,0,100,3.2,63.9,3,7,100.0,0,0,0
LAP-10354,Gujarat,GUJ-1,Irrigation,Government,76.7,114,4,230,Fully Disbursed,90,Survey Complete,2,1,0,100,4.7,55.7,1,0,86.2,0,0,0
LAP-10355,Odisha,ODI-5,Highway,Forest,75.8,2,5,163,Fully Disbursed,90,Not Started,1,1,0,100,3.8,33.0,1,0,41.7,0,1,256
LAP-10356,West Bengal,WES-4,Irrigation,Private Agricultural,19.5,11,5,1058,Not Started,5,Partial Possession,0,0,1,41,7.1,81.2,3,6,54.0,1,1,125
LAP-10357,Telangana,TEL-5,Highway,Government,8.0,43,5,186,Fully Disbursed,97,Full Possession,0,0,0,100,7.4,100.0,0,1,54.2,0,0,0
LAP-10358,Gujarat,GUJ-4,Highway,Private Agricultural,21.9,97,2,1088,Fully Disbursed,91,Award Declared,1,1,1,42,5.7,35.7,3,1,97.7,0,0,0
LAP-10359,Gujarat,GUJ-4,Urban Development,Mixed,7.9,58,4,929,Partially Disbursed,49,Full Possession,1,0,0,100,4.2,85.4,2,2,22.8,0,0,0
LAP-10360,Maharashtra,MAH-1,Railway,Tribal,12.4,18,1,233,Partially Disbursed,49,Survey Complete,2,1,0,100,6.5,61.6,4,6,25.5,0,0,0
LAP-10361,Punjab,PUN-5,Irrigation,Forest,7.0,262,1,1452,Fully Disbursed,88,Not Started,5,1,0,100,6.5,59.1,2,6,25.5,0,1,228
LAP-10362,Odisha,ODI-4,Irrigation,Private Agricultural,8.2,37,5,1249,Fully Disbursed,93,Partial Possession,2,0,0,100,7.5,47.0,3,0,70.2,0,1,51
LAP-10363,Bihar,BIH-6,Urban Development,Private Agricultural,34.7,10,4,379,Fully Disbursed,89,Award Declared,1,1,1,62,4.8,69.1,0,8,0.0,0,1,106
LAP-10364,Uttar Pradesh,UTT-5,Urban Development,Forest,18.9,41,3,71,Not Started,9,Survey Complete,0,0,0,100,8.6,58.3,1,6,16.2,0,0,0
LAP-10365,Haryana,HAR-5,Industrial Corridor,Forest,69.4,7,3,979,Fully Disbursed,88,Not Started,2,0,0,100,1.6,96.0,1,7,34.4,0,0,0
LAP-10366,Bihar,BIH-5,Urban Development,Mixed,13.8,77,3,1426,Partially Disbursed,11,Partial Possession,0,0,0,100,2.4,50.6,0,2,100.0,0,0,0
LAP-10367,West Bengal,WES-3,Urban Development,Government,30.1,357,3,692,Not Started,3,Partial Possession,0,0,0,100,5.2,46.6,3,5,84.0,0,1,109
LAP-10368,Telangana,TEL-4,Highway,Private Agricultural,22.3,140,3,1033,Not Started,8,Partial Possession,0,0,0,100,8.0,68.5,2,8,84.8,0,1,111
LAP-10369,Maharashtra,MAH-3,Railway,Private Agricultural,11.3,44,1,437,Fully Disbursed,88,Survey Complete,0,0,0,100,8.7,89.3,4,2,21.8,1,0,0
LAP-10370,Uttar Pradesh,UTT-4,Irrigation,Private Agricultural,35.3,133,3,1386,Not Started,4,Partial Possession,2,1,0,100,3.7,60.3,5,4,14.2,0,1,162
LAP-10371,Punjab,PUN-2,Highway,Tribal,26.9,252,2,31,Not Started,1,Not Started,1,1,1,49,5.5,79.7,2,5,60.2,1,0,0
LAP-10372,Maharashtra,MAH-3,Renewable Energy,Forest,23.5,37,1,563,Not Started,1,Not Started,3,1,0,100,4.9,41.6,0,8,93.8,0,1,127
LAP-10373,Odisha,ODI-5,Railway,Tribal,30.4,61,4,1095,Not Started,6,Award Declared,2,0,1,52,4.5,50.3,1,6,100.0,1,1,243
LAP-10374,Uttar Pradesh,UTT-1,Railway,Forest,21.3,30,1,1199,Fully Disbursed,94,Not Started,4,1,0,100,2.1,39.8,1,0,9.9,1,1,23
LAP-10375,Gujarat,GUJ-2,Renewable Energy,Tribal,94.7,112,4,1120,Partially Disbursed,54,Partial Possession,0,0,1,48,5.7,56.5,0,8,58.7,0,0,0
LAP-10376,Madhya Pradesh,MAD-2,Airport,Tribal,7.3,476,6,23,Fully Disbursed,90,Full Possession,3,1,0,100,1.0,61.1,3,6,27.5,0,1,115
LAP-10377,Chhattisgarh,CHH-4,Urban Development,Private Agricultural,77.7,24,4,602,Not Started,1,Partial Possession,1,1,0,100,2.3,70.0,1,6,43.6,1,0,0
LAP-10378,West Bengal,WES-6,Highway,Private Agricultural,28.6,14,2,610,Not Started,5,Not Started,0,0,1,50,7.2,7.9,1,5,44.7,0,1,30
LAP-10379,Rajasthan,RAJ-6,Urban Development,Private Agricultural,1.1,36,2,903,Fully Disbursed,89,Partial Possession,1,1,1,79,4.9,52.5,1,0,51.0,0,0,0
LAP-10380,Bihar,BIH-5,Irrigation,Tribal,5.5,10,2,1277,Partially Disbursed,30,Award Declared,1,1,1,19,3.3,48.6,1,7,36.5,0,0,0
LAP-10381,Telangana,TEL-6,Irrigation,Private Agricultural,304.4,86,1,224,Fully Disbursed,92,Survey Complete,0,0,1,96,7.3,59.5,0,2,48.7,0,0,0
LAP-10382,Punjab,PUN-3,Highway,Private Agricultural,24.8,8,3,276,Partially Disbursed,64,Partial Possession,1,1,1,98,9.9,46.0,1,3,56.4,0,0,0
LAP-10383,Tamil Nadu,TAM-6,Irrigation,Tribal,11.5,295,5,131,Not Started,1,Partial Possession,2,0,1,72,2.5,72.4,1,1,53.4,1,0,0
LAP-10384,Odisha,ODI-1,Power Transmission,Tribal,156.8,10,3,1188,Fully Disbursed,88,Award Declared,0,0,1,80,8.4,83.2,1,6,74.2,0,0,0
LAP-10385,Madhya Pradesh,MAD-6,Airport,Forest,18.4,83,6,1227,Not Started,2,Award Declared,3,1,1,91,7.5,68.4,3,4,72.5,0,1,121
LAP-10386,Jharkhand,JHA-5,Railway,Private Agricultural,28.4,33,4,686,Partially Disbursed,45,Award Declared,4,0,1,44,8.5,69.3,2,7,19.6,0,0,0
LAP-10387,Bihar,BIH-3,Highway,Private Agricultural,16.1,13,2,1115,Not Started,3,Not Started,0,0,1,69,8.9,22.5,1,0,61.5,0,0,0
LAP-10388,Maharashtra,MAH-6,Industrial Corridor,Private Agricultural,8.0,360,4,1237,Partially Disbursed,18,Award Declared,1,1,1,25,7.4,71.7,1,6,87.5,0,1,25
LAP-10389,Uttar Pradesh,UTT-3,Airport,Private Agricultural,73.6,4,5,1279,Partially Disbursed,82,Survey Complete,2,1,1,88,5.6,38.1,3,3,72.3,0,1,60
LAP-10390,Telangana,TEL-5,Urban Development,Private Agricultural,144.8,193,2,417,Partially Disbursed,26,Survey Complete,0,0,1,19,9.2,42.6,1,8,45.8,0,0,0
LAP-10391,Uttar Pradesh,UTT-5,Industrial Corridor,Government,42.9,7,3,200,Not Started,7,Partial Possession,0,0,1,17,5.8,29.0,3,4,26.8,0,0,0
LAP-10392,Gujarat,GUJ-1,Urban Development,Forest,26.2,70,6,925,Not Started,4,Survey Complete,1,1,1,27,1.5,40.1,3,2,90.6,0,1,29
LAP-10393,Punjab,PUN-3,Highway,Private Agricultural,27.4,13,6,1472,Fully Disbursed,96,Full Possession,0,0,1,16,3.9,52.6,5,5,65.3,0,1,298
LAP-10394,Punjab,PUN-1,Power Transmission,Private Agricultural,52.3,57,5,1445,Partially Disbursed,45,Survey Complete,2,1,0,100,7.1,84.7,1,1,50.3,0,1,78
LAP-10395,Jharkhand,JHA-3,Urban Development,Government,40.3,31,1,464,Not Started,8,Full Possession,1,1,0,100,4.7,78.4,4,1,67.3,0,0,0
LAP-10396,Tamil Nadu,TAM-2,Irrigation,Tribal,11.6,22,1,340,Partially Disbursed,67,Full Possession,1,0,1,10,3.6,63.7,3,2,48.4,1,0,0
LAP-10397,Jharkhand,JHA-4,Highway,Mixed,29.2,20,6,1168,Not Started,1,Not Started,1,1,0,100,7.9,42.5,2,2,53.2,0,0,0
LAP-10398,Gujarat,GUJ-3,Industrial Corridor,Government,38.5,27,6,21,Fully Disbursed,96,Award Declared,0,0,0,100,4.0,56.4,3,5,68.0,0,0,0
LAP-10399,West Bengal,WES-4,Highway,Private Agricultural,8.7,60,4,776,Fully Disbursed,91,Partial Possession,3,1,0,100,4.5,82.2,2,6,66.7,0,1,229
LAP-10400,Punjab,PUN-4,Airport,Tribal,328.2,72,3,949,Fully Disbursed,87,Partial Possession,4,1,0,100,5.5,77.5,3,1,8.4,0,0,0
LAP-10401,Uttar Pradesh,UTT-2,Power Transmission,Tribal,7.7,74,3,1109,Partially Disbursed,83,Not Started,1,1,0,100,5.9,46.8,3,0,19.4,0,0,0
LAP-10402,Jharkhand,JHA-2,Urban Development,Government,8.9,41,2,1423,Partially Disbursed,32,Survey Complete,1,1,0,100,6.9,60.1,3,6,36.4,1,0,0
LAP-10403,Odisha,ODI-6,Highway,Private Agricultural,20.6,258,2,364,Not Started,8,Survey Complete,1,1,1,56,2.8,45.6,2,8,100.0,0,0,0
LAP-10404,Telangana,TEL-4,Railway,Forest,19.8,19,5,1148,Partially Disbursed,42,Full Possession,1,1,1,61,7.1,24.4,3,0,74.1,0,0,0
LAP-10405,Gujarat,GUJ-5,Highway,Government,36.0,54,1,1213,Not Started,5,Survey Complete,0,0,1,89,4.7,60.8,0,7,44.7,0,1,42
LAP-10406,Tamil Nadu,TAM-3,Urban Development,Mixed,13.1,117,4,1253,Fully Disbursed,88,Partial Possession,0,0,0,100,9.4,74.1,2,2,34.6,0,0,0
LAP-10407,Telangana,TEL-2,Urban Development,Private Agricultural,15.6,78,1,1063,Partially Disbursed,22,Partial Possession,1,1,0,100,5.4,47.8,2,0,29.3,0,0,0
LAP-10408,Karnataka,KAR-5,Industrial Corridor,Private Agricultural,13.1,1902,1,920,Partially Disbursed,26,Survey Complete,3,1,0,100,6.4,77.5,0,0,50.6,0,1,170
LAP-10409,Jharkhand,JHA-2,Highway,Forest,32.8,23,4,861,Partially Disbursed,21,Full Possession,2,1,1,29,4.6,59.6,2,0,71.4,0,0,0
LAP-10410,Bihar,BIH-5,Railway,Private Agricultural,7.8,89,6,1186,Fully Disbursed,96,Partial Possession,0,0,1,32,8.1,74.2,2,7,73.7,0,1,120
LAP-10411,Jharkhand,JHA-1,Airport,Tribal,15.6,16,3,130,Not Started,4,Survey Complete,2,0,1,86,8.6,70.6,4,6,47.8,1,0,0
LAP-10412,Gujarat,GUJ-3,Irrigation,Government,16.7,386,6,445,Not Started,9,Full Possession,0,0,1,86,3.2,45.0,1,8,59.2,0,1,30
LAP-10413,West Bengal,WES-4,Power Transmission,Private Agricultural,12.5,51,1,643,Fully Disbursed,97,Partial Possession,1,0,0,100,6.0,23.4,1,5,48.8,0,0,0
LAP-10414,Haryana,HAR-1,Industrial Corridor,Tribal,182.8,53,3,539,Fully Disbursed,89,Survey Complete,1,1,1,64,5.1,5.0,2,0,44.9,0,0,0
LAP-10415,Madhya Pradesh,MAD-4,Airport,Tribal,22.5,29,6,1339,Not Started,8,Award Declared,2,1,0,100,7.3,100.0,1,5,39.3,1,0,0
LAP-10416,Gujarat,GUJ-1,Irrigation,Forest,10.0,31,3,1169,Not Started,4,Partial Possession,1,1,0,100,1.0,62.5,2,5,23.6,0,1,161
LAP-10417,West Bengal,WES-2,Industrial Corridor,Private Agricultural,14.5,171,2,614,Not Started,5,Partial Possession,0,0,0,100,7.5,29.9,2,6,53.5,0,0,0
LAP-10418,Odisha,ODI-2,Highway,Private Agricultural,15.7,49,5,1232,Fully Disbursed,96,Survey Complete,0,0,0,100,6.2,79.1,2,4,94.2,1,0,0
LAP-10419,Maharashtra,MAH-6,Power Transmission,Government,208.5,114,6,964,Not Started,5,Survey Complete,0,0,1,84,5.8,78.7,1,4,100.0,0,0,0
LAP-10420,Maharashtra,MAH-2,Highway,Government,10.4,29,4,1066,Partially Disbursed,53,Partial Possession,0,0,0,100,4.9,70.1,2,3,78.9,0,0,0
LAP-10421,Odisha,ODI-6,Highway,Forest,55.2,127,2,905,Partially Disbursed,52,Not Started,3,0,0,100,4.9,65.4,3,3,12.5,0,1,91
LAP-10422,Madhya Pradesh,MAD-4,Airport,Private Agricultural,20.4,48,2,355,Not Started,2,Award Declared,0,0,1,79,8.4,71.6,1,8,100.0,0,1,174
LAP-10423,Punjab,PUN-1,Urban Development,Government,47.1,52,1,447,Not Started,0,Partial Possession,1,0,0,100,5.6,73.0,2,6,66.5,1,0,0
LAP-10424,Haryana,HAR-3,Urban Development,Government,3.5,45,1,677,Not Started,2,Not Started,1,1,0,100,10.0,50.1,2,4,83.2,0,1,189
LAP-10425,Uttar Pradesh,UTT-1,Highway,Private Agricultural,18.4,337,3,903,Partially Disbursed,81,Partial Possession,0,0,1,84,7.0,80.6,1,3,78.1,0,0,0
LAP-10426,Odisha,ODI-3,Urban Development,Forest,90.1,30,3,1057,Not Started,3,Full Possession,0,0,0,100,2.3,57.6,0,0,38.8,1,0,0
LAP-10427,Bihar,BIH-3,Urban Development,Private Agricultural,39.9,132,2,109,Not Started,9,Full Possession,0,0,0,100,7.2,35.1,2,5,77.3,0,0,0
LAP-10428,Chhattisgarh,CHH-2,Highway,Government,4.7,7,4,1074,Partially Disbursed,82,Partial Possession,0,0,1,32,5.1,33.6,1,6,52.1,0,0,0
LAP-10429,Maharashtra,MAH-3,Renewable Energy,Private Agricultural,62.1,31,1,603,Fully Disbursed,89,Award Declared,1,0,1,10,2.6,70.8,1,5,50.3,1,0,0
LAP-10430,Telangana,TEL-1,Renewable Energy,Forest,42.4,36,4,266,Partially Disbursed,69,Not Started,3,0,1,39,8.6,68.2,4,2,75.6,0,0,0
LAP-10431,Gujarat,GUJ-2,Railway,Tribal,31.8,25,4,1415,Partially Disbursed,43,Not Started,0,0,1,31,6.0,65.7,1,1,100.0,0,1,56
LAP-10432,Chhattisgarh,CHH-2,Highway,Forest,22.0,9,4,1346,Fully Disbursed,90,Not Started,2,1,0,100,4.0,27.1,1,1,100.0,0,0,0
LAP-10433,Odisha,ODI-3,Urban Development,Private Agricultural,100.2,54,2,771,Not Started,5,Full Possession,2,1,1,83,3.1,71.4,1,7,29.4,1,0,0
LAP-10434,Rajasthan,RAJ-4,Highway,Private Agricultural,20.4,190,5,876,Not Started,3,Full Possession,0,0,1,22,2.5,60.1,1,3,52.8,0,0,0
LAP-10435,Telangana,TEL-2,Industrial Corridor,Forest,80.8,44,3,641,Not Started,2,Not Started,1,1,0,100,8.4,40.6,0,2,77.9,0,0,0
LAP-10436,Uttar Pradesh,UTT-5,Urban Development,Forest,13.7,125,5,663,Partially Disbursed,44,Partial Possession,1,0,1,62,7.8,30.6,1,7,56.6,1,0,0
LAP-10437,West Bengal,WES-5,Highway,Private Agricultural,38.1,133,1,1188,Fully Disbursed,99,Partial Possession,0,0,0,100,6.8,59.8,3,2,15.2,0,0,0
LAP-10438,Madhya Pradesh,MAD-2,Renewable Energy,Private Agricultural,10.8,7,6,911,Partially Disbursed,24,Partial Possession,0,0,1,13,10.0,52.9,3,2,52.4,0,0,0
LAP-10439,Bihar,BIH-2,Urban Development,Tribal,6.2,20,2,653,Partially Disbursed,74,Award Declared,1,1,0,100,7.4,44.9,2,1,58.4,1,0,0
LAP-10440,Telangana,TEL-4,Urban Development,Tribal,37.8,64,6,608,Partially Disbursed,77,Award Declared,0,0,1,35,5.9,24.9,1,1,51.7,0,0,0
LAP-10441,Karnataka,KAR-1,Highway,Mixed,699.1,27,1,475,Partially Disbursed,67,Not Started,1,0,0,100,7.2,100.0,2,8,33.3,0,0,0
LAP-10442,Punjab,PUN-3,Urban Development,Forest,16.4,20,5,1024,Not Started,7,Award Declared,2,1,1,80,3.7,23.1,2,8,61.2,0,1,110
LAP-10443,Tamil Nadu,TAM-1,Urban Development,Forest,30.0,93,2,796,Fully Disbursed,94,Award Declared,2,1,0,100,7.8,41.9,1,8,75.7,1,0,0
LAP-10444,West Bengal,WES-6,Railway,Government,16.8,50,4,1026,Not Started,5,Award Declared,0,0,1,34,6.8,30.9,1,6,81.8,0,0,0
LAP-10445,Gujarat,GUJ-3,Urban Development,Private Agricultural,24.3,34,2,749,Not Started,5,Full Possession,1,1,1,23,4.2,37.1,1,6,99.1,1,1,119
LAP-10446,Haryana,HAR-2,Irrigation,Tribal,36.6,78,2,1372,Partially Disbursed,79,Partial Possession,0,0,0,100,6.0,41.1,1,2,55.7,1,0,0
LAP-10447,Tamil Nadu,TAM-5,Irrigation,Private Agricultural,74.7,75,6,1124,Fully Disbursed,100,Not Started,2,1,1,26,1.3,60.6,1,0,71.8,0,0,0
LAP-10448,Rajasthan,RAJ-3,Urban Development,Forest,20.5,601,5,92,Not Started,7,Partial Possession,1,1,0,100,6.9,47.8,1,6,44.2,1,1,332
LAP-10449,Rajasthan,RAJ-6,Urban Development,Private Agricultural,77.4,36,2,658,Fully Disbursed,86,Award Declared,1,1,0,100,7.1,76.4,5,0,34.8,0,0,0
LAP-10450,Rajasthan,RAJ-4,Irrigation,Government,58.8,28,2,333,Fully Disbursed,87,Full Possession,0,0,1,77,4.0,43.2,3,6,46.3,1,1,35
LAP-10451,Karnataka,KAR-4,Irrigation,Private Agricultural,61.2,104,4,628,Partially Disbursed,14,Not Started,1,1,1,17,5.0,91.8,1,3,37.5,1,0,0
LAP-10452,Chhattisgarh,CHH-3,Renewable Energy,Government,3.7,28,1,120,Fully Disbursed,91,Full Possession,1,1,0,100,4.4,42.9,2,6,56.1,1,1,178
LAP-10453,Tamil Nadu,TAM-6,Renewable Energy,Government,49.2,75,4,873,Partially Disbursed,61,Not Started,2,1,0,100,6.2,63.2,0,2,77.8,0,1,165
LAP-10454,Jharkhand,JHA-5,Power Transmission,Forest,58.8,8,4,1227,Not Started,0,Award Declared,1,1,0,100,4.9,62.7,2,6,13.8,0,1,364
LAP-10455,Jharkhand,JHA-1,Highway,Private Agricultural,7.2,16,6,449,Fully Disbursed,88,Award Declared,1,1,1,58,4.7,43.9,5,2,35.2,1,1,172
LAP-10456,Chhattisgarh,CHH-3,Airport,Tribal,19.0,40,6,519,Not Started,6,Full Possession,2,0,1,46,6.6,74.0,2,4,62.4,0,1,75
LAP-10457,Gujarat,GUJ-6,Power Transmission,Forest,71.1,76,1,1346,Partially Disbursed,12,Full Possession,1,1,0,100,6.8,60.9,2,6,42.5,0,0,0
LAP-10458,Rajasthan,RAJ-6,Irrigation,Private Agricultural,12.1,39,6,1026,Not Started,8,Partial Possession,0,0,0,100,7.0,70.0,2,4,56.7,1,0,0
LAP-10459,West Bengal,WES-5,Renewable Energy,Private Agricultural,7.6,94,6,884,Not Started,0,Award Declared,1,1,0,100,6.3,88.6,1,7,44.9,1,0,0
LAP-10460,Chhattisgarh,CHH-4,Power Transmission,Private Agricultural,8.2,187,2,470,Fully Disbursed,85,Survey Complete,1,1,1,10,5.3,41.5,2,3,40.8,0,1,92
LAP-10461,West Bengal,WES-6,Highway,Private Agricultural,11.1,34,6,311,Partially Disbursed,33,Partial Possession,0,0,0,100,6.2,71.6,2,8,71.9,1,0,0
LAP-10462,Odisha,ODI-3,Railway,Tribal,101.1,109,4,1016,Not Started,7,Award Declared,1,1,0,100,6.4,52.7,4,4,48.7,1,1,201
LAP-10463,Punjab,PUN-2,Power Transmission,Government,33.8,27,5,761,Fully Disbursed,94,Survey Complete,0,0,0,100,5.7,36.2,4,0,100.0,0,0,0
LAP-10464,Tamil Nadu,TAM-1,Airport,Government,32.2,245,2,542,Fully Disbursed,85,Not Started,0,0,0,100,6.1,26.5,1,6,48.5,0,0,0
LAP-10465,Telangana,TEL-3,Urban Development,Forest,32.0,11,4,1230,Partially Disbursed,68,Not Started,3,1,1,38,7.4,55.0,1,5,66.0,0,1,470
LAP-10466,Bihar,BIH-6,Urban Development,Mixed,4.9,31,3,1406,Fully Disbursed,94,Award Declared,0,0,0,100,8.0,70.6,7,7,41.6,0,0,0
LAP-10467,Telangana,TEL-1,Industrial Corridor,Mixed,74.9,82,1,833,Fully Disbursed,100,Partial Possession,0,0,0,100,8.3,68.3,2,3,59.7,1,0,0
LAP-10468,Rajasthan,RAJ-1,Power Transmission,Private Agricultural,21.2,883,5,1076,Partially Disbursed,23,Partial Possession,0,0,0,100,5.6,65.1,1,7,55.9,0,1,137
LAP-10469,Punjab,PUN-3,Airport,Government,152.4,27,5,443,Fully Disbursed,95,Award Declared,0,0,0,100,3.3,71.1,3,4,63.7,0,0,0
LAP-10470,Madhya Pradesh,MAD-3,Railway,Mixed,14.3,10,2,1367,Partially Disbursed,44,Partial Possession,1,0,0,100,9.7,53.4,3,4,56.6,0,0,0
LAP-10471,Gujarat,GUJ-2,Urban Development,Private Agricultural,25.3,28,3,136,Partially Disbursed,53,Survey Complete,0,0,1,23,6.3,64.8,3,1,32.1,0,1,100
LAP-10472,Jharkhand,JHA-5,Urban Development,Forest,12.8,194,5,179,Fully Disbursed,96,Award Declared,3,1,0,100,7.3,75.8,0,6,43.5,0,1,74
LAP-10473,Telangana,TEL-6,Highway,Tribal,100.6,190,6,106,Partially Disbursed,65,Not Started,2,1,1,4,6.4,62.8,2,3,27.2,0,0,0
LAP-10474,Bihar,BIH-1,Renewable Energy,Private Agricultural,19.4,149,2,1462,Fully Disbursed,96,Full Possession,0,0,1,87,9.1,74.3,1,6,41.6,1,0,0
LAP-10475,Bihar,BIH-4,Highway,Private Agricultural,281.5,55,5,1230,Not Started,2,Full Possession,0,0,1,77,4.4,60.0,3,1,50.9,0,1,228
LAP-10476,Jharkhand,JHA-6,Industrial Corridor,Government,94.0,18,2,1382,Partially Disbursed,27,Partial Possession,1,1,0,100,6.1,63.3,1,0,35.4,0,0,0
LAP-10477,Uttar Pradesh,UTT-1,Highway,Private Agricultural,217.2,5,2,193,Partially Disbursed,23,Not Started,1,0,1,11,7.7,55.3,1,2,94.9,0,0,0
LAP-10478,Bihar,BIH-5,Irrigation,Forest,5.5,384,5,230,Not Started,0,Partial Possession,2,0,1,98,9.3,80.8,3,7,70.5,1,0,0
LAP-10479,Jharkhand,JHA-5,Irrigation,Private Agricultural,192.8,54,6,800,Partially Disbursed,68,Not Started,0,0,1,24,7.1,92.9,1,6,57.1,0,1,112
LAP-10480,West Bengal,WES-4,Highway,Private Agricultural,34.6,90,5,239,Not Started,9,Survey Complete,0,0,1,23,8.3,83.4,2,3,100.0,1,0,0
LAP-10481,Jharkhand,JHA-3,Railway,Tribal,8.9,109,4,834,Partially Disbursed,73,Full Possession,2,0,0,100,7.9,64.8,2,6,60.4,1,0,0
LAP-10482,Chhattisgarh,CHH-4,Highway,Private Agricultural,102.3,459,1,35,Partially Disbursed,28,Survey Complete,1,1,1,35,6.8,49.7,5,1,62.7,1,1,187
LAP-10483,Maharashtra,MAH-2,Railway,Private Agricultural,6.3,76,2,113,Not Started,7,Full Possession,0,0,1,80,5.9,28.5,1,0,60.6,1,0,0
LAP-10484,Chhattisgarh,CHH-3,Airport,Private Agricultural,25.0,110,3,269,Fully Disbursed,94,Not Started,0,0,1,82,4.3,42.8,0,1,68.0,0,0,0
LAP-10485,Jharkhand,JHA-3,Irrigation,Government,11.1,58,2,503,Partially Disbursed,60,Survey Complete,0,0,0,100,2.9,51.6,4,3,65.2,0,0,0
LAP-10486,Chhattisgarh,CHH-6,Irrigation,Forest,5.4,61,4,127,Not Started,1,Partial Possession,4,0,0,100,10.0,78.6,1,7,84.1,0,1,130
LAP-10487,Maharashtra,MAH-2,Urban Development,Tribal,35.1,146,1,724,Not Started,3,Partial Possession,1,1,1,41,5.4,54.5,2,2,35.7,0,0,0
LAP-10488,Karnataka,KAR-5,Highway,Private Agricultural,15.1,27,5,22,Partially Disbursed,41,Survey Complete,2,1,0,100,6.1,66.1,1,5,74.1,1,1,471
LAP-10489,Punjab,PUN-6,Urban Development,Forest,171.7,18,5,430,Partially Disbursed,81,Survey Complete,1,1,1,87,6.9,29.7,1,4,47.4,0,0,0
LAP-10490,Chhattisgarh,CHH-6,Urban Development,Tribal,17.6,10,3,745,Fully Disbursed,89,Survey Complete,2,1,1,50,8.3,70.6,2,8,10.5,1,0,0
LAP-10491,Haryana,HAR-1,Urban Development,Tribal,87.7,46,2,103,Partially Disbursed,17,Award Declared,0,0,0,100,7.8,46.5,0,2,52.0,0,0,0
LAP-10492,Punjab,PUN-4,Irrigation,Private Agricultural,16.0,46,1,1292,Partially Disbursed,18,Award Declared,0,0,0,100,9.8,28.6,3,6,48.9,0,0,0
LAP-10493,Bihar,BIH-3,Industrial Corridor,Tribal,1.3,12,2,1354,Fully Disbursed,95,Survey Complete,2,0,1,33,5.7,9.4,3,7,60.4,1,1,108
LAP-10494,Madhya Pradesh,MAD-6,Irrigation,Forest,4.2,158,3,1471,Not Started,1,Not Started,0,0,0,100,6.6,42.4,0,5,57.5,1,0,0
LAP-10495,Maharashtra,MAH-3,Railway,Private Agricultural,17.9,536,1,1344,Not Started,7,Partial Possession,1,1,0,100,4.8,70.5,2,6,26.3,0,0,0
LAP-10496,Bihar,BIH-2,Power Transmission,Forest,80.7,35,6,301,Partially Disbursed,25,Award Declared,1,0,0,100,6.9,32.5,1,1,79.4,0,0,0
LAP-10497,West Bengal,WES-6,Irrigation,Private Agricultural,27.2,95,5,1142,Partially Disbursed,57,Award Declared,1,1,1,41,5.8,26.8,3,6,63.8,0,0,0
LAP-10498,Maharashtra,MAH-6,Airport,Private Agricultural,28.0,362,3,989,Not Started,0,Survey Complete,0,0,0,100,7.4,49.7,4,1,53.9,1,0,0
LAP-10499,West Bengal,WES-1,Irrigation,Forest,2.0,16,6,156,Partially Disbursed,73,Survey Complete,3,1,0,100,8.4,55.1,0,7,90.3,0,1,249
LAP-10500,Rajasthan,RAJ-6,Highway,Tribal,34.9,14,1,1216,Partially Disbursed,63,Award Declared,2,0,1,58,6.8,65.6,2,6,64.3,0,0,0
LAP-10501,Karnataka,KAR-2,Railway,Government,42.6,152,3,708,Not Started,0,Not Started,1,1,1,74,6.2,69.7,2,3,54.0,0,0,0
LAP-10502,Punjab,PUN-1,Industrial Corridor,Government,13.8,68,3,27,Partially Disbursed,34,Not Started,1,1,1,78,4.4,81.7,2,4,57.7,0,0,0
LAP-10503,Rajasthan,RAJ-4,Urban Development,Forest,27.3,14,5,1184,Fully Disbursed,92,Full Possession,3,1,1,97,7.5,89.2,3,4,22.1,1,1,65
LAP-10504,Maharashtra,MAH-3,Railway,Tribal,16.7,108,1,957,Not Started,6,Partial Possession,1,1,0,100,6.4,71.3,0,7,55.2,1,0,0
LAP-10505,Bihar,BIH-2,Railway,Private Agricultural,49.6,6,5,805,Fully Disbursed,85,Partial Possession,0,0,1,84,7.0,43.1,1,8,23.2,0,0,0
LAP-10506,Uttar Pradesh,UTT-4,Renewable Energy,Private Agricultural,12.4,10,3,702,Fully Disbursed,94,Full Possession,0,0,1,76,4.0,68.5,0,8,82.3,1,1,19
LAP-10507,Jharkhand,JHA-3,Power Transmission,Private Agricultural,79.3,15,2,431,Not Started,4,Partial Possession,0,0,0,100,6.4,83.3,5,5,100.0,0,0,0
LAP-10508,Chhattisgarh,CHH-5,Urban Development,Private Agricultural,5.1,35,3,1125,Partially Disbursed,72,Award Declared,0,0,0,100,6.4,63.6,4,7,45.1,1,0,0
LAP-10509,Odisha,ODI-4,Highway,Private Agricultural,17.5,41,5,1284,Partially Disbursed,16,Partial Possession,2,0,1,100,7.9,64.1,2,3,40.5,1,0,0
LAP-10510,Maharashtra,MAH-5,Railway,Mixed,84.6,507,5,1496,Not Started,2,Survey Complete,1,1,0,100,3.8,73.7,1,4,38.4,0,1,29
LAP-10511,Bihar,BIH-2,Renewable Energy,Private Agricultural,12.0,541,1,574,Partially Disbursed,56,Not Started,1,1,1,40,5.8,32.8,1,8,49.1,1,1,276
LAP-10512,Chhattisgarh,CHH-2,Irrigation,Private Agricultural,28.7,83,4,925,Fully Disbursed,93,Award Declared,0,0,0,100,6.3,63.7,3,3,25.1,0,0,0
LAP-10513,West Bengal,WES-6,Highway,Private Agricultural,11.9,10,5,583,Partially Disbursed,62,Not Started,0,0,1,50,4.8,43.1,2,4,86.9,0,0,0
LAP-10514,Tamil Nadu,TAM-1,Irrigation,Private Agricultural,3.7,315,2,1429,Partially Disbursed,63,Survey Complete,0,0,1,98,7.6,85.5,0,8,47.4,0,0,0
LAP-10515,Uttar Pradesh,UTT-5,Airport,Tribal,24.8,70,1,123,Partially Disbursed,47,Survey Complete,1,1,1,24,4.0,90.6,1,8,50.3,0,1,48
LAP-10516,Gujarat,GUJ-2,Highway,Government,41.3,3,2,442,Partially Disbursed,83,Survey Complete,1,1,0,100,6.3,81.5,4,5,61.8,1,0,0
LAP-10517,Jharkhand,JHA-2,Industrial Corridor,Government,24.8,178,6,1039,Partially Disbursed,52,Full Possession,0,0,0,100,7.8,72.1,2,4,47.2,0,0,0
LAP-10518,Uttar Pradesh,UTT-4,Airport,Forest,4.5,9,1,61,Partially Disbursed,79,Partial Possession,0,0,1,11,8.2,64.5,3,4,43.6,0,0,0
LAP-10519,Uttar Pradesh,UTT-6,Railway,Private Agricultural,82.6,20,4,1396,Partially Disbursed,56,Not Started,0,0,1,39,2.4,55.2,1,6,3.3,1,1,87
LAP-10520,Odisha,ODI-4,Urban Development,Forest,9.1,75,6,259,Partially Disbursed,10,Survey Complete,0,0,0,100,5.2,40.6,2,6,30.4,0,0,0
LAP-10521,Gujarat,GUJ-3,Urban Development,Forest,43.7,522,4,722,Partially Disbursed,37,Partial Possession,2,1,0,100,6.8,56.2,3,4,58.9,0,0,0
LAP-10522,Madhya Pradesh,MAD-2,Urban Development,Government,50.1,116,4,1306,Fully Disbursed,85,Not Started,2,1,0,100,7.5,24.3,1,3,23.4,0,1,141
LAP-10523,Telangana,TEL-3,Railway,Private Agricultural,7.1,140,2,520,Partially Disbursed,42,Partial Possession,0,0,0,100,3.2,53.8,1,2,59.6,0,0,0
LAP-10524,West Bengal,WES-1,Railway,Forest,33.9,42,5,745,Not Started,9,Not Started,0,0,0,100,5.9,37.6,2,0,66.5,0,0,0
LAP-10525,Haryana,HAR-2,Industrial Corridor,Forest,66.1,134,2,1147,Partially Disbursed,56,Award Declared,1,1,0,100,4.9,71.4,1,6,53.6,0,1,136
LAP-10526,West Bengal,WES-6,Urban Development,Forest,1.0,58,4,875,Partially Disbursed,80,Not Started,1,0,0,100,4.1,82.5,1,4,100.0,0,1,94
LAP-10527,Chhattisgarh,CHH-5,Power Transmission,Tribal,9.2,383,4,325,Not Started,5,Not Started,0,0,1,65,5.2,34.7,3,1,43.3,0,0,0
LAP-10528,Tamil Nadu,TAM-3,Highway,Government,24.1,52,4,544,Partially Disbursed,67,Not Started,0,0,1,5,10.0,85.6,4,7,46.4,1,0,0
LAP-10529,Telangana,TEL-5,Renewable Energy,Mixed,18.1,60,5,1402,Fully Disbursed,85,Partial Possession,0,0,0,100,6.4,49.9,0,8,57.7,0,0,0
LAP-10530,Madhya Pradesh,MAD-4,Railway,Tribal,57.4,10,3,1456,Partially Disbursed,81,Not Started,1,0,0,100,5.0,22.9,1,3,26.8,0,0,0
LAP-10531,Telangana,TEL-3,Urban Development,Forest,12.4,55,6,250,Partially Disbursed,33,Not Started,2,1,0,100,6.5,49.1,0,2,78.0,0,0,0
LAP-10532,Madhya Pradesh,MAD-5,Industrial Corridor,Forest,34.1,16,1,1138,Partially Disbursed,45,Partial Possession,0,0,0,100,10.0,55.6,1,7,17.3,1,0,0
LAP-10533,Jharkhand,JHA-6,Urban Development,Mixed,18.8,44,5,1466,Not Started,2,Not Started,0,0,0,100,4.4,50.4,4,8,58.2,0,0,0
LAP-10534,Madhya Pradesh,MAD-6,Railway,Private Agricultural,10.7,33,4,1320,Fully Disbursed,88,Partial Possession,0,0,0,100,6.3,61.9,1,5,55.0,0,0,0
LAP-10535,West Bengal,WES-2,Industrial Corridor,Tribal,10.6,120,2,269,Not Started,5,Award Declared,2,1,1,37,6.0,60.5,3,4,32.4,0,1,302
LAP-10536,Bihar,BIH-6,Irrigation,Private Agricultural,12.8,18,3,1485,Partially Disbursed,60,Partial Possession,0,0,0,100,6.8,45.5,2,8,38.6,1,0,0
LAP-10537,Gujarat,GUJ-4,Railway,Private Agricultural,66.5,58,5,1159,Partially Disbursed,75,Survey Complete,1,0,1,79,5.2,62.8,3,0,55.4,0,0,0
LAP-10538,Madhya Pradesh,MAD-2,Urban Development,Private Agricultural,24.9,118,6,1240,Fully Disbursed,93,Award Declared,0,0,0,100,7.4,66.1,4,7,45.2,0,0,0
LAP-10539,Rajasthan,RAJ-5,Irrigation,Private Agricultural,66.6,66,6,1056,Partially Disbursed,11,Award Declared,1,1,1,72,6.3,67.7,1,8,59.6,0,0,0
LAP-10540,Maharashtra,MAH-2,Irrigation,Private Agricultural,17.3,14,3,344,Fully Disbursed,95,Partial Possession,0,0,1,56,7.9,74.4,2,4,59.2,0,0,0
LAP-10541,Jharkhand,JHA-3,Urban Development,Private Agricultural,11.3,6,1,1329,Not Started,3,Not Started,0,0,0,100,5.1,52.1,2,2,70.2,0,0,0
LAP-10542,Chhattisgarh,CHH-6,Industrial Corridor,Government,90.2,23,5,670,Partially Disbursed,26,Survey Complete,0,0,0,100,5.9,63.6,2,5,59.5,0,0,0
LAP-10543,Bihar,BIH-4,Railway,Private Agricultural,20.2,152,2,180,Not Started,0,Partial Possession,0,0,0,100,4.9,48.7,4,1,23.0,0,0,0
LAP-10544,Chhattisgarh,CHH-2,Industrial Corridor,Tribal,20.1,590,2,1473,Partially Disbursed,22,Full Possession,0,0,1,56,4.4,65.9,1,1,52.7,0,0,0
LAP-10545,Haryana,HAR-3,Urban Development,Government,25.1,138,4,499,Partially Disbursed,20,Survey Complete,1,1,1,55,7.6,66.3,2,3,28.2,0,1,182
LAP-10546,Punjab,PUN-4,Railway,Forest,16.6,7,5,1452,Not Started,0,Full Possession,0,0,0,100,5.9,47.4,1,5,58.6,1,0,0
LAP-10547,Bihar,BIH-4,Railway,Forest,19.2,104,6,1302,Not Started,2,Full Possession,2,1,0,100,5.5,65.1,3,3,57.3,0,1,143
LAP-10548,Punjab,PUN-4,Power Transmission,Private Agricultural,23.9,1,1,1407,Partially Disbursed,48,Survey Complete,0,0,1,51,4.6,70.6,3,3,57.6,1,0,0
LAP-10549,Bihar,BIH-4,Industrial Corridor,Tribal,6.6,38,1,926,Fully Disbursed,96,Not Started,0,0,0,100,3.6,54.9,2,6,68.8,1,0,0
LAP-10550,Tamil Nadu,TAM-1,Urban Development,Private Agricultural,329.0,26,1,1275,Not Started,4,Award Declared,2,1,0,100,8.0,56.4,3,8,19.0,0,1,157
LAP-10551,Karnataka,KAR-5,Railway,Private Agricultural,27.4,23,6,445,Fully Disbursed,88,Award Declared,1,1,1,94,7.2,44.4,2,7,68.8,1,1,191
LAP-10552,Karnataka,KAR-5,Power Transmission,Private Agricultural,15.2,18,5,662,Not Started,7,Award Declared,2,1,1,78,6.1,46.0,1,4,26.5,0,1,101
LAP-10553,Haryana,HAR-6,Airport,Private Agricultural,127.4,66,2,1155,Partially Disbursed,64,Survey Complete,0,0,1,58,5.7,55.0,2,7,43.5,0,0,0
LAP-10554,Maharashtra,MAH-4,Highway,Forest,6.0,40,2,508,Fully Disbursed,85,Partial Possession,0,0,0,100,7.5,56.0,2,7,29.9,0,0,0
LAP-10555,Jharkhand,JHA-1,Renewable Energy,Government,16.3,186,5,755,Partially Disbursed,32,Survey Complete,0,0,0,100,10.0,63.3,1,7,37.3,0,0,0
LAP-10556,Telangana,TEL-5,Industrial Corridor,Private Agricultural,73.5,30,3,778,Partially Disbursed,25,Survey Complete,0,0,1,72,5.9,59.6,3,1,11.9,0,0,0
LAP-10557,Jharkhand,JHA-5,Power Transmission,Tribal,4.4,254,5,1467,Not Started,0,Not Started,1,1,1,83,7.4,55.8,3,4,73.0,1,0,0
LAP-10558,Chhattisgarh,CHH-1,Urban Development,Forest,35.3,94,1,1417,Not Started,2,Award Declared,3,1,0,100,6.0,73.5,2,6,45.9,0,0,0
LAP-10559,Haryana,HAR-3,Irrigation,Government,14.9,21,5,804,Partially Disbursed,83,Not Started,0,0,0,100,2.9,100.0,3,6,22.2,1,1,46
LAP-10560,Gujarat,GUJ-1,Industrial Corridor,Forest,38.2,87,6,275,Fully Disbursed,99,Not Started,2,1,0,100,7.6,23.3,1,5,8.2,1,0,0
LAP-10561,Jharkhand,JHA-2,Highway,Private Agricultural,24.6,27,5,994,Fully Disbursed,87,Award Declared,0,0,0,100,5.6,63.2,4,4,67.7,1,0,0
LAP-10562,Jharkhand,JHA-1,Railway,Forest,10.6,15,1,134,Not Started,4,Not Started,2,1,0,100,9.8,91.2,3,6,95.8,1,1,43
LAP-10563,Bihar,BIH-5,Power Transmission,Private Agricultural,11.2,298,2,714,Not Started,8,Partial Possession,0,0,1,74,6.8,51.9,4,2,10.7,0,0,0
LAP-10564,Madhya Pradesh,MAD-2,Power Transmission,Government,7.9,40,4,838,Partially Disbursed,59,Award Declared,0,0,0,100,4.3,46.9,3,1,43.4,0,0,0
LAP-10565,Odisha,ODI-5,Railway,Private Agricultural,23.8,12,6,1487,Not Started,7,Full Possession,0,0,0,100,5.5,58.3,0,8,38.5,1,1,29
LAP-10566,Bihar,BIH-1,Airport,Private Agricultural,44.3,20,4,518,Not Started,0,Award Declared,0,0,0,100,6.6,29.2,2,5,68.7,0,0,0
LAP-10567,Odisha,ODI-4,Railway,Private Agricultural,1.9,8,2,1460,Partially Disbursed,77,Award Declared,2,1,1,97,5.6,61.2,1,7,45.7,0,0,0
LAP-10568,Tamil Nadu,TAM-1,Urban Development,Private Agricultural,80.9,26,6,907,Not Started,1,Partial Possession,0,0,0,100,4.9,77.7,1,3,72.8,1,0,0
LAP-10569,Punjab,PUN-4,Urban Development,Government,15.3,57,6,1476,Partially Disbursed,61,Award Declared,0,0,0,100,10.0,57.8,0,8,25.7,1,1,29
LAP-10570,Jharkhand,JHA-5,Airport,Tribal,33.2,967,1,1380,Partially Disbursed,76,Partial Possession,3,1,1,40,5.5,57.8,2,0,27.6,0,0,0
LAP-10571,West Bengal,WES-4,Highway,Government,36.9,19,3,1404,Fully Disbursed,100,Partial Possession,1,1,1,75,5.1,65.7,1,8,89.9,0,0,0
LAP-10572,Haryana,HAR-4,Highway,Private Agricultural,35.9,39,5,736,Partially Disbursed,77,Survey Complete,0,0,1,12,7.6,27.8,1,6,100.0,1,1,163
LAP-10573,Karnataka,KAR-2,Railway,Tribal,29.7,4,2,811,Partially Disbursed,69,Award Declared,1,0,1,100,7.7,87.9,3,5,33.7,0,0,0
LAP-10574,Haryana,HAR-5,Renewable Energy,Private Agricultural,28.9,65,1,315,Fully Disbursed,87,Full Possession,0,0,1,56,8.2,52.5,1,5,58.2,0,0,0
LAP-10575,Rajasthan,RAJ-1,Industrial Corridor,Government,17.9,17,2,128,Not Started,1,Survey Complete,1,1,1,14,7.6,73.2,4,4,49.5,1,0,0
LAP-10576,Bihar,BIH-1,Highway,Government,138.4,183,3,271,Fully Disbursed,91,Partial Possession,0,0,0,100,6.7,53.8,3,8,54.8,0,0,0
LAP-10577,Madhya Pradesh,MAD-3,Renewable Energy,Private Agricultural,89.0,54,2,501,Not Started,5,Survey Complete,0,0,1,97,2.9,41.8,1,5,51.8,1,1,23
LAP-10578,Maharashtra,MAH-5,Highway,Private Agricultural,30.8,363,1,694,Partially Disbursed,77,Full Possession,0,0,0,100,7.5,53.1,0,2,39.2,0,0,0
LAP-10579,Madhya Pradesh,MAD-2,Highway,Tribal,62.4,109,6,1392,Not Started,4,Full Possession,1,1,0,100,6.0,49.4,2,8,51.7,0,1,81
LAP-10580,Odisha,ODI-4,Renewable Energy,Private Agricultural,9.2,261,3,431,Partially Disbursed,30,Partial Possession,2,0,0,100,6.2,65.4,2,5,48.5,0,0,0
LAP-10581,Gujarat,GUJ-3,Urban Development,Forest,58.3,28,2,345,Not Started,7,Full Possession,1,0,0,100,1.8,35.3,1,0,82.0,0,0,0
LAP-10582,Rajasthan,RAJ-4,Industrial Corridor,Tribal,635.3,22,2,927,Partially Disbursed,32,Award Declared,0,0,0,100,7.6,71.9,2,8,59.4,0,1,28
LAP-10583,Gujarat,GUJ-1,Railway,Tribal,76.7,47,6,160,Partially Disbursed,69,Not Started,1,1,0,100,9.5,19.1,0,2,9.8,0,0,0
LAP-10584,Chhattisgarh,CHH-5,Railway,Government,6.1,54,1,1071,Fully Disbursed,94,Not Started,2,1,0,100,5.5,35.8,1,1,100.0,0,0,0
LAP-10585,Telangana,TEL-2,Irrigation,Private Agricultural,27.3,287,1,179,Not Started,9,Not Started,0,0,1,33,7.6,81.3,1,5,0.2,0,0,0
LAP-10586,Tamil Nadu,TAM-6,Highway,Private Agricultural,69.0,20,6,778,Partially Disbursed,30,Partial Possession,0,0,0,100,1.5,64.8,2,0,10.7,0,1,67
LAP-10587,Haryana,HAR-2,Irrigation,Tribal,60.6,173,3,1019,Partially Disbursed,37,Partial Possession,2,0,1,78,3.4,84.9,1,7,89.0,0,1,183
LAP-10588,Haryana,HAR-6,Irrigation,Private Agricultural,38.4,6,2,786,Not Started,4,Partial Possession,1,1,1,66,7.8,64.1,3,2,83.9,1,0,0
LAP-10589,Gujarat,GUJ-2,Urban Development,Private Agricultural,8.0,319,6,1146,Not Started,5,Partial Possession,0,0,0,100,6.3,56.5,2,6,64.1,0,0,0
LAP-10590,Odisha,ODI-3,Industrial Corridor,Government,19.8,110,1,701,Partially Disbursed,37,Not Started,1,1,0,100,6.7,59.5,5,0,67.0,0,0,0
LAP-10591,Haryana,HAR-3,Highway,Private Agricultural,11.2,37,3,1212,Partially Disbursed,35,Partial Possession,0,0,1,13,3.5,15.1,3,4,50.9,1,1,79
LAP-10592,Karnataka,KAR-2,Irrigation,Private Agricultural,13.9,81,6,485,Partially Disbursed,74,Partial Possession,0,0,1,45,5.2,80.4,1,1,71.4,0,0,0
LAP-10593,Odisha,ODI-1,Highway,Private Agricultural,14.7,747,2,310,Not Started,6,Survey Complete,1,0,0,100,4.9,64.1,4,2,58.7,0,0,0
LAP-10594,Punjab,PUN-4,Urban Development,Forest,21.8,28,3,152,Partially Disbursed,50,Award Declared,1,1,0,100,3.1,48.2,3,3,35.4,0,0,0
LAP-10595,Tamil Nadu,TAM-6,Railway,Forest,152.9,21,3,1408,Partially Disbursed,76,Partial Possession,2,1,0,100,5.8,10.8,2,3,22.2,1,1,71
LAP-10596,Punjab,PUN-6,Renewable Energy,Mixed,23.6,7,6,349,Fully Disbursed,87,Full Possession,0,0,0,100,4.2,50.8,3,2,38.0,1,0,0
LAP-10597,Haryana,HAR-6,Renewable Energy,Private Agricultural,83.5,8,2,479,Partially Disbursed,21,Partial Possession,2,1,0,100,5.7,34.7,0,0,100.0,0,1,80
LAP-10598,West Bengal,WES-3,Industrial Corridor,Forest,44.3,16,3,360,Fully Disbursed,98,Full Possession,3,0,0,100,6.9,56.4,1,4,79.4,0,0,0
LAP-10599,Odisha,ODI-6,Industrial Corridor,Forest,3.7,53,3,159,Partially Disbursed,28,Award Declared,3,0,0,100,6.7,81.3,5,7,65.5,0,0,0
LAP-10600,Gujarat,GUJ-4,Irrigation,Private Agricultural,18.9,53,5,372,Not Started,1,Survey Complete,1,1,1,36,6.2,64.1,4,8,71.8,0,1,95
LAP-10601,West Bengal,WES-3,Highway,Private Agricultural,24.1,283,3,509,Not Started,0,Not Started,0,0,1,50,5.1,68.8,0,5,70.2,1,0,0
LAP-10602,Odisha,ODI-6,Railway,Mixed,42.2,218,1,267,Fully Disbursed,88,Survey Complete,2,1,1,11,4.6,97.6,0,3,35.2,1,1,82
LAP-10603,Rajasthan,RAJ-4,Power Transmission,Private Agricultural,4.0,79,3,445,Fully Disbursed,88,Award Declared,1,1,0,100,6.0,70.1,1,7,48.2,0,0,0
LAP-10604,Bihar,BIH-3,Power Transmission,Forest,45.9,43,3,677,Fully Disbursed,99,Partial Possession,4,1,0,100,8.2,42.8,3,3,49.7,0,0,0
LAP-10605,West Bengal,WES-4,Railway,Government,17.9,28,6,699,Not Started,0,Award Declared,0,0,0,100,5.4,49.0,3,7,66.4,0,0,0
LAP-10606,Madhya Pradesh,MAD-5,Highway,Private Agricultural,48.2,187,4,815,Fully Disbursed,92,Full Possession,0,0,0,100,3.7,76.4,2,6,43.8,1,0,0
LAP-10607,West Bengal,WES-6,Urban Development,Forest,30.7,116,4,486,Fully Disbursed,85,Full Possession,0,0,0,100,6.7,5.0,3,3,70.7,0,0,0
LAP-10608,Odisha,ODI-4,Highway,Private Agricultural,34.3,263,6,366,Not Started,3,Award Declared,0,0,1,58,9.8,62.1,2,7,31.5,0,0,0
LAP-10609,Gujarat,GUJ-3,Highway,Forest,112.5,84,2,365,Partially Disbursed,25,Full Possession,4,1,1,100,9.1,77.8,1,5,51.9,1,1,48
LAP-10610,Gujarat,GUJ-6,Irrigation,Government,28.9,48,2,556,Not Started,1,Partial Possession,1,0,0,100,5.6,76.1,2,8,65.6,0,0,0
LAP-10611,Gujarat,GUJ-1,Urban Development,Forest,142.9,84,2,873,Partially Disbursed,74,Award Declared,1,1,0,100,6.5,31.6,1,3,48.9,1,0,0
LAP-10612,West Bengal,WES-5,Irrigation,Private Agricultural,8.1,96,4,657,Partially Disbursed,35,Not Started,3,0,1,39,4.7,75.3,1,4,55.5,0,1,248
LAP-10613,Chhattisgarh,CHH-3,Renewable Energy,Tribal,36.6,97,2,981,Partially Disbursed,76,Full Possession,0,0,1,53,6.4,75.5,3,3,11.1,1,0,0
LAP-10614,Punjab,PUN-4,Irrigation,Private Agricultural,41.8,20,5,640,Partially Disbursed,77,Survey Complete,1,1,0,100,6.0,69.6,5,6,56.1,0,1,234
LAP-10615,Chhattisgarh,CHH-1,Industrial Corridor,Tribal,240.8,79,3,324,Fully Disbursed,96,Full Possession,0,0,1,40,2.8,80.4,4,8,44.6,0,0,0
LAP-10616,Punjab,PUN-2,Urban Development,Private Agricultural,40.8,6,2,1297,Partially Disbursed,55,Partial Possession,3,1,0,100,8.8,68.0,2,7,83.7,0,0,0
LAP-10617,Karnataka,KAR-6,Highway,Private Agricultural,38.1,11,4,362,Not Started,3,Not Started,0,0,0,100,7.1,71.7,0,6,50.4,0,1,104
LAP-10618,Tamil Nadu,TAM-3,Renewable Energy,Private Agricultural,57.4,86,2,75,Fully Disbursed,99,Survey Complete,2,1,0,100,1.0,43.1,5,5,49.6,0,1,127
LAP-10619,Karnataka,KAR-1,Urban Development,Private Agricultural,95.0,15,4,1323,Not Started,3,Partial Possession,4,1,1,27,6.5,66.9,6,0,86.4,0,1,233
LAP-10620,Tamil Nadu,TAM-1,Highway,Private Agricultural,10.4,24,1,643,Fully Disbursed,96,Not Started,1,1,1,68,3.8,32.9,4,0,95.0,0,1,286
LAP-10621,Rajasthan,RAJ-1,Urban Development,Private Agricultural,80.8,32,2,1287,Not Started,7,Partial Possession,1,0,1,31,4.7,50.2,3,5,66.4,1,1,19
LAP-10622,Jharkhand,JHA-6,Industrial Corridor,Mixed,31.5,9,5,355,Partially Disbursed,65,Not Started,0,0,0,100,6.5,81.9,0,8,23.5,0,1,195
LAP-10623,Uttar Pradesh,UTT-6,Urban Development,Mixed,43.8,64,6,834,Partially Disbursed,45,Not Started,2,1,0,100,5.6,36.2,5,1,35.1,1,0,0
LAP-10624,Chhattisgarh,CHH-4,Industrial Corridor,Private Agricultural,58.6,6,6,136,Not Started,8,Survey Complete,0,0,0,100,3.5,67.0,1,2,95.5,1,1,480
LAP-10625,Karnataka,KAR-2,Industrial Corridor,Government,60.4,155,6,871,Partially Disbursed,19,Full Possession,3,0,1,64,4.8,65.8,2,6,42.8,0,1,346
LAP-10626,Telangana,TEL-1,Power Transmission,Forest,13.6,49,4,915,Not Started,1,Survey Complete,2,1,0,100,4.6,69.4,0,5,19.7,1,0,0
LAP-10627,Tamil Nadu,TAM-6,Urban Development,Forest,35.1,20,2,1346,Not Started,5,Award Declared,1,1,0,100,4.5,65.7,2,5,20.2,0,0,0
LAP-10628,Punjab,PUN-4,Renewable Energy,Private Agricultural,7.6,17,6,1314,Not Started,8,Survey Complete,3,0,1,6,6.1,58.8,1,3,75.8,1,1,285
LAP-10629,Jharkhand,JHA-5,Irrigation,Private Agricultural,78.5,123,2,1153,Not Started,2,Award Declared,1,0,1,0,6.6,76.2,5,8,57.6,0,1,215
LAP-10630,Haryana,HAR-3,Urban Development,Private Agricultural,9.8,531,1,509,Partially Disbursed,29,Award Declared,0,0,0,100,5.8,96.2,0,1,20.8,0,0,0
LAP-10631,Maharashtra,MAH-2,Highway,Government,25.8,36,3,372,Fully Disbursed,98,Not Started,0,0,0,100,6.7,84.4,3,0,88.6,0,0,0
LAP-10632,West Bengal,WES-3,Railway,Forest,44.7,28,3,1168,Partially Disbursed,80,Not Started,3,0,0,100,10.0,41.5,1,5,30.5,0,1,114
LAP-10633,Madhya Pradesh,MAD-5,Industrial Corridor,Private Agricultural,12.5,22,1,616,Partially Disbursed,25,Partial Possession,1,1,0,100,6.2,57.8,0,1,66.4,0,0,0
LAP-10634,Maharashtra,MAH-3,Irrigation,Mixed,93.6,24,6,588,Partially Disbursed,39,Not Started,0,0,1,33,7.0,55.7,0,5,19.7,0,0,0
LAP-10635,Rajasthan,RAJ-1,Irrigation,Forest,27.4,69,1,926,Partially Disbursed,12,Partial Possession,1,1,0,100,5.3,58.6,1,2,69.6,0,0,0
LAP-10636,Karnataka,KAR-3,Railway,Private Agricultural,78.2,462,4,1354,Not Started,0,Partial Possession,0,0,1,5,8.0,67.4,2,2,99.9,0,0,0
LAP-10637,Uttar Pradesh,UTT-4,Irrigation,Private Agricultural,147.5,7,5,1308,Not Started,1,Survey Complete,0,0,1,89,4.7,64.9,5,0,31.4,0,0,0
LAP-10638,Gujarat,GUJ-5,Irrigation,Government,19.7,25,2,52,Partially Disbursed,79,Full Possession,2,1,0,100,6.9,66.8,1,5,62.5,0,1,191
LAP-10639,Madhya Pradesh,MAD-3,Highway,Private Agricultural,6.4,458,6,269,Not Started,2,Award Declared,0,0,1,43,4.4,56.5,3,3,1.9,0,0,0
LAP-10640,Uttar Pradesh,UTT-2,Renewable Energy,Forest,26.0,6,5,348,Partially Disbursed,37,Award Declared,0,0,1,87,5.9,26.4,0,7,58.5,0,0,0
LAP-10641,Maharashtra,MAH-1,Industrial Corridor,Government,32.1,80,5,517,Partially Disbursed,83,Partial Possession,1,0,0,100,4.4,85.5,1,7,74.7,0,1,101
LAP-10642,Haryana,HAR-5,Renewable Energy,Private Agricultural,8.9,36,6,1333,Not Started,8,Partial Possession,1,1,1,57,1.1,80.6,2,3,59.9,0,0,0
LAP-10643,Haryana,HAR-3,Urban Development,Private Agricultural,37.0,86,2,262,Partially Disbursed,77,Partial Possession,0,0,0,100,5.5,16.8,0,6,65.2,0,0,0
LAP-10644,Gujarat,GUJ-6,Highway,Private Agricultural,3.4,70,6,806,Partially Disbursed,13,Full Possession,0,0,1,32,8.3,65.9,4,2,33.5,0,1,112
LAP-10645,Karnataka,KAR-4,Industrial Corridor,Private Agricultural,15.9,204,4,1418,Not Started,2,Not Started,2,0,1,36,10.0,44.7,1,7,66.8,0,1,73
LAP-10646,Punjab,PUN-3,Highway,Private Agricultural,39.0,9,4,507,Partially Disbursed,65,Survey Complete,1,0,1,50,4.7,29.6,5,0,40.9,0,0,0
LAP-10647,Madhya Pradesh,MAD-1,Railway,Private Agricultural,12.4,28,5,1131,Fully Disbursed,92,Award Declared,0,0,1,15,8.8,51.8,3,3,14.9,0,0,0
LAP-10648,Punjab,PUN-3,Irrigation,Tribal,24.5,53,3,868,Partially Disbursed,60,Award Declared,1,1,0,100,6.1,56.8,3,8,74.1,0,1,228
LAP-10649,Uttar Pradesh,UTT-6,Highway,Mixed,35.4,25,5,105,Not Started,8,Not Started,1,0,1,67,7.7,23.3,1,1,60.9,0,0,0
LAP-10650,West Bengal,WES-2,Highway,Private Agricultural,4.9,310,6,55,Not Started,9,Not Started,1,0,1,75,5.1,95.0,2,6,35.2,1,0,0
LAP-10651,Chhattisgarh,CHH-1,Renewable Energy,Private Agricultural,5.8,268,1,802,Partially Disbursed,14,Not Started,0,0,1,61,5.4,70.0,2,0,34.6,0,0,0
LAP-10652,Maharashtra,MAH-2,Industrial Corridor,Tribal,1.4,7,2,632,Partially Disbursed,65,Award Declared,0,0,0,100,3.8,48.9,0,0,72.2,0,0,0
LAP-10653,Rajasthan,RAJ-4,Railway,Tribal,6.9,51,2,855,Not Started,9,Survey Complete,2,0,1,62,5.2,55.5,3,6,62.3,0,0,0
LAP-10654,Rajasthan,RAJ-1,Irrigation,Private Agricultural,84.5,36,1,1161,Fully Disbursed,92,Partial Possession,3,1,1,53,6.0,35.7,3,2,73.7,1,1,166
LAP-10655,Karnataka,KAR-1,Industrial Corridor,Private Agricultural,82.9,397,2,198,Partially Disbursed,29,Award Declared,0,0,0,100,3.3,57.9,2,7,53.4,1,0,0
LAP-10656,Punjab,PUN-6,Railway,Private Agricultural,2.7,26,1,1420,Partially Disbursed,69,Survey Complete,0,0,1,75,3.3,28.5,0,8,82.4,0,0,0
LAP-10657,Karnataka,KAR-5,Airport,Forest,33.4,68,3,372,Partially Disbursed,83,Partial Possession,0,0,0,100,4.2,61.9,4,4,44.4,0,0,0
LAP-10658,Madhya Pradesh,MAD-3,Railway,Private Agricultural,32.0,53,6,1007,Fully Disbursed,97,Survey Complete,0,0,1,50,7.8,67.8,0,6,43.6,1,1,88
LAP-10659,Karnataka,KAR-2,Irrigation,Forest,22.7,40,3,805,Not Started,9,Survey Complete,0,0,1,11,2.8,59.7,0,4,85.3,0,0,0
LAP-10660,Haryana,HAR-3,Highway,Tribal,37.3,181,5,1424,Partially Disbursed,21,Survey Complete,0,0,1,30,4.7,42.4,2,8,71.3,1,1,413
LAP-10661,Madhya Pradesh,MAD-4,Industrial Corridor,Private Agricultural,24.9,151,4,940,Partially Disbursed,19,Partial Possession,0,0,0,100,6.3,67.2,2,5,77.4,0,0,0
LAP-10662,Punjab,PUN-1,Industrial Corridor,Mixed,105.4,56,4,352,Partially Disbursed,70,Award Declared,0,0,0,100,4.1,75.0,3,1,49.4,0,0,0
LAP-10663,Telangana,TEL-6,Highway,Mixed,2.1,25,4,853,Fully Disbursed,97,Survey Complete,0,0,0,100,9.1,64.6,2,4,70.7,1,0,0
LAP-10664,Chhattisgarh,CHH-1,Highway,Forest,12.9,175,1,943,Not Started,5,Partial Possession,1,1,0,100,5.5,52.5,0,1,99.4,0,1,26
LAP-10665,Chhattisgarh,CHH-1,Industrial Corridor,Private Agricultural,164.4,67,6,337,Partially Disbursed,21,Award Declared,0,0,0,100,6.0,37.0,1,3,60.8,0,0,0
LAP-10666,West Bengal,WES-5,Highway,Government,119.7,22,4,960,Partially Disbursed,20,Partial Possession,2,1,0,100,5.2,48.7,1,7,67.0,1,0,0
LAP-10667,Rajasthan,RAJ-4,Highway,Forest,22.2,523,5,488,Not Started,3,Partial Possession,5,1,0,100,8.4,35.7,1,2,50.2,1,1,88
LAP-10668,West Bengal,WES-5,Highway,Forest,89.1,44,1,623,Not Started,0,Survey Complete,2,0,1,12,6.8,45.7,4,3,1.2,0,1,283
LAP-10669,Karnataka,KAR-6,Industrial Corridor,Mixed,6.5,55,1,895,Partially Disbursed,59,Partial Possession,1,1,0,100,1.1,38.3,1,1,55.6,0,1,142
LAP-10670,Haryana,HAR-1,Irrigation,Government,17.8,28,6,1444,Fully Disbursed,90,Full Possession,0,0,0,100,7.9,55.0,2,5,38.3,0,0,0
LAP-10671,Bihar,BIH-3,Renewable Energy,Government,29.0,133,1,1160,Not Started,2,Partial Possession,0,0,0,100,8.0,62.3,2,3,85.1,0,0,0
LAP-10672,Uttar Pradesh,UTT-4,Urban Development,Private Agricultural,75.3,163,1,294,Fully Disbursed,94,Survey Complete,0,0,1,1,8.7,39.5,0,4,19.5,0,0,0
LAP-10673,Odisha,ODI-6,Power Transmission,Private Agricultural,29.6,142,3,81,Partially Disbursed,10,Partial Possession,1,0,0,100,4.0,45.2,0,8,40.6,1,0,0
LAP-10674,Telangana,TEL-2,Power Transmission,Private Agricultural,35.9,368,2,636,Not Started,7,Survey Complete,1,1,0,100,3.2,58.9,1,6,27.3,0,0,0
LAP-10675,Uttar Pradesh,UTT-1,Urban Development,Private Agricultural,23.5,256,1,1047,Partially Disbursed,55,Not Started,1,1,1,43,2.1,35.8,1,1,48.8,0,0,0
LAP-10676,Haryana,HAR-1,Urban Development,Mixed,3.9,59,1,194,Fully Disbursed,95,Not Started,0,0,1,68,7.5,87.0,1,3,41.4,0,0,0
LAP-10677,Chhattisgarh,CHH-6,Urban Development,Tribal,31.2,86,6,443,Fully Disbursed,90,Full Possession,0,0,0,100,10.0,84.4,3,5,67.8,1,1,16
LAP-10678,Karnataka,KAR-2,Airport,Mixed,10.6,55,6,858,Not Started,2,Full Possession,1,1,0,100,6.8,86.5,1,3,63.5,1,1,156
LAP-10679,Odisha,ODI-6,Renewable Energy,Forest,21.6,18,2,958,Partially Disbursed,15,Survey Complete,0,0,0,100,7.3,81.8,1,8,61.8,1,0,0
LAP-10680,Madhya Pradesh,MAD-2,Highway,Private Agricultural,5.0,59,2,861,Not Started,6,Award Declared,2,1,1,22,6.0,97.5,4,7,47.0,0,0,0
LAP-10681,Madhya Pradesh,MAD-1,Irrigation,Government,23.7,9,5,49,Not Started,8,Not Started,0,0,0,100,7.0,57.4,1,2,75.9,0,0,0
LAP-10682,West Bengal,WES-3,Industrial Corridor,Government,102.7,15,1,1409,Partially Disbursed,49,Partial Possession,0,0,1,94,10.0,41.8,2,0,80.7,0,0,0
LAP-10683,Bihar,BIH-2,Industrial Corridor,Private Agricultural,26.0,129,5,1065,Fully Disbursed,99,Full Possession,3,0,0,100,4.8,46.3,0,6,76.9,1,1,271
LAP-10684,Uttar Pradesh,UTT-1,Power Transmission,Government,66.8,34,2,1200,Partially Disbursed,44,Full Possession,2,0,0,100,6.5,75.7,4,2,35.6,0,1,187
LAP-10685,Madhya Pradesh,MAD-5,Railway,Private Agricultural,37.2,38,2,689,Not Started,1,Not Started,0,0,1,49,8.3,41.8,5,6,59.4,1,0,0
LAP-10686,Uttar Pradesh,UTT-1,Highway,Mixed,51.4,56,2,799,Fully Disbursed,96,Award Declared,0,0,0,100,10.0,61.0,1,5,62.8,0,0,0
LAP-10687,Jharkhand,JHA-3,Highway,Private Agricultural,6.6,7,6,1273,Fully Disbursed,89,Full Possession,0,0,1,18,7.8,58.0,1,5,36.7,1,0,0
LAP-10688,Telangana,TEL-2,Irrigation,Forest,93.0,571,2,271,Fully Disbursed,90,Not Started,2,1,1,36,8.3,85.3,1,8,100.0,0,1,104
LAP-10689,Odisha,ODI-5,Highway,Private Agricultural,1.5,36,6,957,Not Started,0,Partial Possession,0,0,0,100,6.8,87.9,1,1,29.5,0,0,0
LAP-10690,Jharkhand,JHA-1,Power Transmission,Forest,7.4,24,6,1417,Not Started,0,Partial Possession,1,1,1,96,6.6,90.8,2,8,10.9,1,0,0
LAP-10691,Karnataka,KAR-2,Urban Development,Government,14.4,18,3,493,Partially Disbursed,10,Award Declared,0,0,1,74,8.5,69.3,3,7,52.5,0,0,0
LAP-10692,Madhya Pradesh,MAD-6,Power Transmission,Tribal,124.8,100,3,1417,Fully Disbursed,87,Award Declared,1,0,1,14,7.8,73.1,2,0,59.6,0,1,74
LAP-10693,Jharkhand,JHA-2,Urban Development,Government,94.5,95,4,224,Partially Disbursed,16,Partial Possession,0,0,0,100,3.5,50.1,3,7,71.1,0,0,0
LAP-10694,Uttar Pradesh,UTT-1,Urban Development,Private Agricultural,24.4,68,6,1405,Partially Disbursed,13,Partial Possession,0,0,1,99,9.9,40.9,2,3,58.9,1,0,0
LAP-10695,Tamil Nadu,TAM-5,Highway,Mixed,125.0,47,3,1047,Partially Disbursed,77,Award Declared,2,1,0,100,6.5,76.5,3,4,51.6,0,0,0
LAP-10696,Chhattisgarh,CHH-2,Highway,Forest,23.6,14,4,165,Partially Disbursed,25,Not Started,1,0,0,100,8.0,83.9,0,2,54.9,1,0,0
LAP-10697,Jharkhand,JHA-1,Highway,Forest,16.1,23,2,543,Fully Disbursed,90,Not Started,1,0,0,100,6.8,62.0,3,8,63.3,0,1,80
LAP-10698,Rajasthan,RAJ-3,Railway,Private Agricultural,17.5,48,3,1458,Partially Disbursed,19,Not Started,0,0,1,1,3.1,26.6,1,3,84.8,0,1,106
LAP-10699,Chhattisgarh,CHH-6,Power Transmission,Government,5.7,289,2,425,Partially Disbursed,53,Award Declared,1,0,0,100,2.9,51.5,1,4,55.8,0,0,0
LAP-10700,Jharkhand,JHA-4,Power Transmission,Government,13.3,9,2,1025,Partially Disbursed,20,Partial Possession,1,0,1,99,6.7,100.0,0,2,32.4,0,0,0
LAP-10701,Punjab,PUN-1,Irrigation,Mixed,54.8,53,5,1168,Fully Disbursed,88,Partial Possession,0,0,0,100,6.7,92.3,0,3,61.8,0,0,0
LAP-10702,Rajasthan,RAJ-6,Urban Development,Tribal,32.6,64,1,1146,Not Started,3,Not Started,0,0,1,76,8.3,84.6,1,6,55.8,0,0,0
LAP-10703,Haryana,HAR-4,Renewable Energy,Tribal,104.2,23,3,556,Fully Disbursed,89,Survey Complete,5,1,1,57,8.7,51.5,0,3,81.6,0,1,325
LAP-10704,Madhya Pradesh,MAD-6,Urban Development,Private Agricultural,60.2,79,1,1278,Partially Disbursed,54,Survey Complete,0,0,1,77,2.9,23.9,3,6,77.0,1,1,35
LAP-10705,Chhattisgarh,CHH-2,Highway,Private Agricultural,10.1,25,5,245,Fully Disbursed,87,Not Started,0,0,0,100,5.1,97.9,5,2,28.6,0,0,0
LAP-10706,West Bengal,WES-2,Urban Development,Tribal,4.3,10,3,142,Not Started,1,Not Started,2,1,0,100,7.1,51.5,2,2,60.5,0,1,155
LAP-10707,Rajasthan,RAJ-1,Highway,Government,21.5,39,2,1300,Not Started,1,Not Started,3,0,0,100,4.9,68.1,2,8,80.5,0,1,350
LAP-10708,Telangana,TEL-1,Urban Development,Private Agricultural,62.4,32,2,53,Fully Disbursed,85,Not Started,1,0,0,100,5.9,34.4,4,3,56.7,0,0,0
LAP-10709,Madhya Pradesh,MAD-1,Highway,Private Agricultural,16.5,39,4,211,Partially Disbursed,40,Partial Possession,0,0,1,99,8.2,37.8,3,5,79.4,0,0,0
LAP-10710,Telangana,TEL-5,Renewable Energy,Government,130.7,41,5,74,Not Started,4,Award Declared,0,0,0,100,8.5,55.8,1,4,43.8,0,0,0
LAP-10711,Punjab,PUN-1,Highway,Private Agricultural,29.8,34,6,190,Partially Disbursed,13,Survey Complete,0,0,0,100,3.1,46.2,2,7,45.7,0,1,3
LAP-10712,Telangana,TEL-4,Highway,Tribal,60.2,52,2,685,Not Started,0,Survey Complete,1,1,0,100,8.0,51.4,2,8,65.3,0,0,0
LAP-10713,Maharashtra,MAH-1,Railway,Forest,27.7,78,3,1020,Partially Disbursed,58,Not Started,2,1,0,100,10.0,64.1,8,6,18.3,1,1,73
LAP-10714,Maharashtra,MAH-4,Irrigation,Forest,11.8,13,4,266,Partially Disbursed,77,Full Possession,1,1,0,100,10.0,59.5,2,6,40.3,0,0,0
LAP-10715,Chhattisgarh,CHH-1,Urban Development,Private Agricultural,36.4,20,6,549,Fully Disbursed,85,Not Started,1,1,1,69,1.3,63.9,3,6,29.0,0,1,304
LAP-10716,Punjab,PUN-3,Highway,Forest,28.2,121,2,942,Not Started,5,Full Possession,5,1,0,100,5.4,46.5,3,3,34.5,0,1,71
LAP-10717,Rajasthan,RAJ-5,Highway,Tribal,6.2,741,6,768,Partially Disbursed,35,Survey Complete,1,1,0,100,6.3,59.2,0,7,35.8,0,1,239
LAP-10718,Punjab,PUN-5,Irrigation,Private Agricultural,19.3,34,5,1226,Fully Disbursed,95,Not Started,1,1,1,9,4.5,56.0,5,8,66.7,0,1,316
LAP-10719,Telangana,TEL-2,Industrial Corridor,Private Agricultural,9.0,59,2,1488,Fully Disbursed,87,Survey Complete,0,0,1,54,6.3,64.8,3,0,57.7,0,0,0
LAP-10720,Rajasthan,RAJ-2,Irrigation,Tribal,137.0,12,2,701,Partially Disbursed,43,Partial Possession,1,1,1,77,3.7,65.3,6,8,65.1,0,1,118
LAP-10721,Bihar,BIH-4,Renewable Energy,Government,130.3,11,4,660,Partially Disbursed,50,Full Possession,3,1,1,31,4.2,94.5,2,7,64.8,0,1,99
LAP-10722,Telangana,TEL-2,Airport,Government,1.6,72,5,599,Not Started,1,Full Possession,1,0,1,76,7.1,46.6,2,5,36.2,0,0,0
LAP-10723,Uttar Pradesh,UTT-4,Urban Development,Private Agricultural,8.5,23,4,60,Not Started,6,Full Possession,1,1,1,9,6.5,95.0,1,1,69.5,0,0,0
LAP-10724,Rajasthan,RAJ-1,Highway,Mixed,82.8,165,4,46,Fully Disbursed,99,Survey Complete,1,1,0,100,9.1,69.2,2,5,67.8,0,0,0
LAP-10725,Gujarat,GUJ-5,Power Transmission,Private Agricultural,32.7,5,3,689,Fully Disbursed,94,Partial Possession,1,0,1,4,5.4,62.2,2,5,86.8,0,0,0
LAP-10726,Tamil Nadu,TAM-5,Power Transmission,Private Agricultural,78.7,12,3,378,Not Started,8,Survey Complete,0,0,1,65,9.3,70.3,1,8,61.7,1,0,0
LAP-10727,Uttar Pradesh,UTT-2,Renewable Energy,Private Agricultural,16.8,18,2,1339,Partially Disbursed,46,Award Declared,1,0,0,100,7.4,11.5,2,2,19.7,0,0,0
LAP-10728,Uttar Pradesh,UTT-6,Power Transmission,Private Agricultural,26.5,4,4,19,Partially Disbursed,53,Partial Possession,0,0,0,100,5.5,69.9,1,4,61.7,0,0,0
LAP-10729,Madhya Pradesh,MAD-4,Power Transmission,Private Agricultural,51.6,315,6,1060,Partially Disbursed,16,Not Started,1,1,0,100,6.5,83.2,1,8,0.0,0,0,0
LAP-10730,Haryana,HAR-6,Renewable Energy,Private Agricultural,95.6,445,5,1312,Not Started,5,Full Possession,1,0,0,100,1.1,51.8,2,3,27.6,0,1,209
LAP-10731,West Bengal,WES-5,Urban Development,Private Agricultural,23.9,7,5,548,Partially Disbursed,65,Not Started,1,0,1,87,6.4,50.7,2,2,58.5,0,0,0
LAP-10732,Bihar,BIH-4,Airport,Government,2.5,70,1,32,Fully Disbursed,86,Partial Possession,0,0,1,65,5.5,73.1,6,7,56.6,0,0,0
LAP-10733,Rajasthan,RAJ-3,Renewable Energy,Private Agricultural,76.4,43,1,1074,Not Started,4,Full Possession,1,0,0,100,8.5,55.7,0,4,20.1,0,1,30
LAP-10734,Gujarat,GUJ-1,Urban Development,Tribal,68.1,111,2,222,Partially Disbursed,71,Full Possession,1,1,1,64,10.0,86.7,3,2,17.5,0,1,112
LAP-10735,Maharashtra,MAH-3,Highway,Government,113.4,65,5,1101,Partially Disbursed,53,Survey Complete,0,0,1,16,4.3,79.5,0,0,41.4,1,0,0
LAP-10736,Madhya Pradesh,MAD-3,Industrial Corridor,Forest,13.5,87,5,30,Fully Disbursed,90,Survey Complete,0,0,0,100,6.5,56.5,3,3,78.6,0,0,0
LAP-10737,Haryana,HAR-2,Highway,Mixed,22.1,39,2,1085,Not Started,9,Not Started,2,1,0,100,7.4,59.4,0,8,56.1,0,1,27
LAP-10738,Rajasthan,RAJ-5,Power Transmission,Forest,24.8,39,3,858,Partially Disbursed,27,Not Started,1,1,1,58,6.0,66.5,2,8,100.0,0,1,138
LAP-10739,Karnataka,KAR-2,Highway,Private Agricultural,40.5,39,1,837,Not Started,9,Survey Complete,0,0,1,96,8.2,42.2,6,6,38.9,0,1,24
LAP-10740,Maharashtra,MAH-4,Power Transmission,Government,201.2,121,5,57,Partially Disbursed,77,Partial Possession,1,0,0,100,9.6,44.3,2,0,13.8,0,0,0
LAP-10741,Maharashtra,MAH-6,Highway,Private Agricultural,21.6,90,1,182,Fully Disbursed,96,Award Declared,1,1,0,100,6.7,65.7,2,4,68.2,1,1,24
LAP-10742,Odisha,ODI-3,Highway,Tribal,52.7,551,4,937,Partially Disbursed,70,Survey Complete,1,1,1,41,5.7,48.7,0,5,30.6,0,0,0
LAP-10743,Rajasthan,RAJ-4,Renewable Energy,Private Agricultural,16.6,17,1,1199,Partially Disbursed,51,Survey Complete,1,0,1,16,10.0,54.3,4,5,69.9,1,0,0
LAP-10744,Karnataka,KAR-6,Highway,Government,24.3,28,5,1128,Partially Disbursed,64,Not Started,1,0,0,100,9.7,82.2,2,7,82.4,0,0,0
LAP-10745,Uttar Pradesh,UTT-2,Renewable Energy,Private Agricultural,11.6,21,3,890,Not Started,1,Award Declared,0,0,1,27,6.8,52.3,2,6,59.6,0,0,0
LAP-10746,Jharkhand,JHA-2,Urban Development,Tribal,8.9,346,3,1445,Fully Disbursed,96,Not Started,3,1,1,21,5.7,45.9,2,5,51.1,1,1,284
LAP-10747,Punjab,PUN-6,Airport,Private Agricultural,30.7,27,5,1218,Fully Disbursed,85,Survey Complete,0,0,1,61,6.3,73.3,1,4,44.3,0,0,0
LAP-10748,West Bengal,WES-6,Urban Development,Private Agricultural,88.4,115,1,1291,Not Started,4,Full Possession,1,1,1,57,7.6,10.7,3,6,70.1,1,0,0
LAP-10749,Karnataka,KAR-2,Highway,Private Agricultural,5.0,62,1,1265,Not Started,1,Not Started,1,1,1,41,4.9,67.5,2,1,42.7,0,0,0
LAP-10750,Maharashtra,MAH-1,Irrigation,Tribal,8.5,30,5,1233,Fully Disbursed,87,Full Possession,2,1,0,100,6.7,59.2,2,3,36.8,0,1,87
LAP-10751,Tamil Nadu,TAM-2,Highway,Forest,107.1,42,6,79,Not Started,2,Survey Complete,0,0,0,100,1.9,77.6,2,3,40.4,0,0,0
LAP-10752,Karnataka,KAR-5,Railway,Tribal,7.7,45,5,229,Fully Disbursed,91,Award Declared,2,1,1,47,6.9,58.6,0,7,84.4,0,0,0
LAP-10753,Haryana,HAR-5,Irrigation,Tribal,91.3,150,4,41,Fully Disbursed,93,Survey Complete,5,1,0,100,10.0,41.1,1,4,88.0,1,1,152
LAP-10754,Rajasthan,RAJ-2,Power Transmission,Mixed,188.9,39,3,132,Fully Disbursed,90,Full Possession,0,0,0,100,8.3,56.0,1,8,67.4,0,0,0
LAP-10755,Tamil Nadu,TAM-6,Urban Development,Government,33.8,290,6,522,Fully Disbursed,92,Partial Possession,0,0,0,100,2.3,51.5,3,3,51.5,0,0,0
LAP-10756,Chhattisgarh,CHH-2,Industrial Corridor,Mixed,60.7,34,5,354,Fully Disbursed,88,Survey Complete,0,0,0,100,7.5,61.6,2,5,90.6,0,0,0
LAP-10757,Bihar,BIH-1,Airport,Private Agricultural,88.3,45,5,1032,Partially Disbursed,80,Not Started,1,0,1,36,1.9,42.7,3,6,20.2,0,1,20
LAP-10758,Punjab,PUN-1,Railway,Private Agricultural,5.5,91,4,1341,Partially Disbursed,44,Award Declared,1,1,1,22,3.4,50.0,1,3,56.5,0,1,50
LAP-10759,Bihar,BIH-1,Irrigation,Tribal,30.8,111,4,129,Not Started,9,Partial Possession,0,0,1,47,2.8,64.4,2,7,57.4,0,0,0
LAP-10760,Telangana,TEL-5,Industrial Corridor,Private Agricultural,93.0,164,6,762,Fully Disbursed,99,Survey Complete,1,1,1,62,5.1,100.0,2,8,56.0,0,0,0
LAP-10761,West Bengal,WES-5,Airport,Private Agricultural,26.2,35,5,1445,Not Started,7,Full Possession,0,0,0,100,5.3,84.9,2,8,61.9,1,0,0
LAP-10762,Odisha,ODI-5,Power Transmission,Tribal,167.1,57,1,1489,Partially Disbursed,41,Survey Complete,1,1,0,100,7.9,27.9,4,4,58.7,0,1,295
LAP-10763,Punjab,PUN-3,Highway,Forest,35.7,43,6,799,Not Started,1,Partial Possession,2,1,0,100,5.0,60.4,0,1,73.9,0,0,0
LAP-10764,Chhattisgarh,CHH-6,Renewable Energy,Forest,26.5,93,3,601,Fully Disbursed,100,Full Possession,1,1,0,100,4.2,59.1,6,6,22.1,0,0,0
LAP-10765,Karnataka,KAR-4,Railway,Private Agricultural,41.7,11,5,1296,Not Started,8,Survey Complete,0,0,1,67,5.6,91.0,2,3,100.0,0,0,0
LAP-10766,Punjab,PUN-4,Irrigation,Private Agricultural,103.4,75,6,372,Partially Disbursed,15,Not Started,2,1,1,28,3.4,83.2,4,8,87.9,0,0,0
LAP-10767,Tamil Nadu,TAM-2,Power Transmission,Private Agricultural,24.4,100,4,948,Fully Disbursed,100,Full Possession,1,0,1,9,7.4,68.4,3,2,45.5,1,1,184
LAP-10768,Chhattisgarh,CHH-6,Urban Development,Private Agricultural,5.2,35,5,310,Partially Disbursed,29,Award Declared,1,0,0,100,2.8,62.1,3,8,69.0,0,0,0
LAP-10769,Madhya Pradesh,MAD-4,Power Transmission,Private Agricultural,98.8,76,5,704,Partially Disbursed,76,Partial Possession,0,0,1,11,6.0,31.8,3,3,44.7,1,0,0
LAP-10770,Chhattisgarh,CHH-4,Highway,Private Agricultural,127.3,282,4,1090,Fully Disbursed,100,Survey Complete,0,0,1,35,6.2,96.9,3,0,53.9,0,0,0
LAP-10771,Madhya Pradesh,MAD-5,Industrial Corridor,Government,22.1,132,6,92,Fully Disbursed,87,Survey Complete,1,1,0,100,3.4,68.1,0,4,65.9,0,0,0
LAP-10772,Punjab,PUN-2,Urban Development,Private Agricultural,33.0,121,6,1455,Not Started,4,Partial Possession,1,0,0,100,7.6,63.8,1,5,27.7,0,0,0
LAP-10773,Chhattisgarh,CHH-3,Power Transmission,Mixed,26.2,76,5,48,Partially Disbursed,66,Partial Possession,0,0,0,100,5.8,69.7,1,4,72.7,0,0,0
LAP-10774,Odisha,ODI-6,Railway,Private Agricultural,17.9,36,1,245,Not Started,0,Not Started,1,1,1,71,3.8,38.2,1,0,61.1,1,1,16
LAP-10775,Bihar,BIH-6,Urban Development,Private Agricultural,26.4,456,6,1012,Fully Disbursed,94,Award Declared,1,1,1,90,4.4,50.9,3,5,62.1,0,1,192
LAP-10776,Telangana,TEL-2,Irrigation,Private Agricultural,20.7,29,3,207,Fully Disbursed,89,Survey Complete,0,0,1,69,5.0,48.2,2,1,75.0,0,0,0
LAP-10777,Gujarat,GUJ-3,Irrigation,Forest,25.3,24,3,258,Partially Disbursed,15,Not Started,1,1,0,100,8.9,79.7,1,8,34.7,0,0,0
LAP-10778,Bihar,BIH-3,Irrigation,Tribal,32.1,102,3,735,Partially Disbursed,78,Full Possession,2,0,1,34,8.5,59.4,1,3,45.0,0,0,0
LAP-10779,Punjab,PUN-5,Railway,Private Agricultural,189.8,11,2,1057,Partially Disbursed,43,Full Possession,0,0,1,4,4.9,85.8,2,7,67.0,0,0,0
LAP-10780,Maharashtra,MAH-1,Renewable Energy,Private Agricultural,2.8,51,4,720,Not Started,1,Award Declared,0,0,0,100,3.7,67.8,2,7,99.5,1,0,0
LAP-10781,Gujarat,GUJ-5,Industrial Corridor,Private Agricultural,67.0,59,3,45,Not Started,8,Partial Possession,1,1,1,12,5.9,92.9,1,3,39.2,1,1,101
LAP-10782,Odisha,ODI-3,Irrigation,Mixed,36.7,41,5,192,Not Started,0,Partial Possession,0,0,0,100,4.2,93.9,1,3,72.5,0,0,0
LAP-10783,Madhya Pradesh,MAD-2,Irrigation,Mixed,9.6,7,3,531,Not Started,4,Survey Complete,1,1,1,27,6.7,64.6,0,5,55.0,1,0,0
LAP-10784,Bihar,BIH-1,Power Transmission,Private Agricultural,12.8,46,1,1006,Not Started,7,Award Declared,1,1,1,94,7.7,79.8,1,7,89.6,1,1,58
LAP-10785,Jharkhand,JHA-4,Highway,Government,56.2,119,5,306,Not Started,3,Partial Possession,4,0,0,100,6.6,61.9,2,1,51.4,1,0,0
LAP-10786,Tamil Nadu,TAM-5,Renewable Energy,Tribal,29.6,47,3,659,Fully Disbursed,94,Partial Possession,0,0,0,100,3.8,43.4,4,7,46.5,1,1,85
LAP-10787,West Bengal,WES-1,Highway,Forest,15.9,29,5,469,Fully Disbursed,96,Not Started,3,1,0,100,7.5,61.6,2,7,70.1,0,1,178
LAP-10788,Punjab,PUN-1,Highway,Government,19.7,65,6,460,Partially Disbursed,30,Full Possession,1,0,0,100,5.1,70.2,2,8,92.8,0,0,0
LAP-10789,Telangana,TEL-1,Highway,Tribal,49.2,129,4,248,Not Started,6,Partial Possession,3,1,0,100,4.7,87.6,1,1,96.3,0,0,0
LAP-10790,Karnataka,KAR-4,Renewable Energy,Forest,14.2,152,3,33,Partially Disbursed,32,Not Started,2,0,1,100,6.3,77.9,0,8,64.7,1,1,55
LAP-10791,Haryana,HAR-2,Highway,Private Agricultural,36.0,15,5,234,Partially Disbursed,79,Not Started,1,1,0,100,7.6,40.8,5,2,34.8,1,0,0
LAP-10792,Rajasthan,RAJ-5,Highway,Tribal,19.9,11,5,604,Not Started,4,Not Started,1,0,0,100,6.6,60.5,5,2,42.4,0,0,0
LAP-10793,Odisha,ODI-3,Railway,Tribal,21.8,35,1,1006,Fully Disbursed,87,Full Possession,2,1,1,23,4.8,100.0,2,0,61.8,0,0,0
LAP-10794,Tamil Nadu,TAM-6,Urban Development,Private Agricultural,19.4,313,6,1141,Partially Disbursed,75,Partial Possession,2,1,1,67,2.6,41.5,2,8,42.6,0,1,241
LAP-10795,Telangana,TEL-2,Urban Development,Private Agricultural,14.8,21,2,1048,Fully Disbursed,92,Award Declared,1,0,0,100,9.7,71.6,0,0,37.9,0,0,0
LAP-10796,Tamil Nadu,TAM-1,Highway,Private Agricultural,64.9,93,3,1239,Fully Disbursed,89,Partial Possession,0,0,1,70,5.0,58.0,0,1,63.5,0,0,0
LAP-10797,Jharkhand,JHA-2,Railway,Private Agricultural,26.7,65,5,1183,Fully Disbursed,92,Full Possession,0,0,1,31,3.6,32.7,2,0,14.6,0,0,0
LAP-10798,Tamil Nadu,TAM-2,Railway,Government,28.8,16,1,461,Partially Disbursed,49,Full Possession,2,1,1,21,4.1,48.5,1,8,50.0,0,0,0
LAP-10799,Rajasthan,RAJ-4,Highway,Private Agricultural,45.4,268,2,937,Fully Disbursed,98,Award Declared,3,0,1,82,3.5,25.4,1,3,63.3,0,0,0
LAP-10800,Jharkhand,JHA-5,Highway,Tribal,9.6,48,5,1139,Fully Disbursed,95,Full Possession,1,1,0,100,6.5,61.7,2,5,72.9,0,0,0
LAP-10801,Chhattisgarh,CHH-3,Airport,Tribal,8.2,90,1,306,Partially Disbursed,15,Not Started,2,1,1,52,4.8,73.1,3,1,92.2,0,0,0
LAP-10802,Rajasthan,RAJ-1,Industrial Corridor,Mixed,3.5,156,3,413,Not Started,7,Full Possession,1,1,0,100,7.7,69.2,1,6,77.4,1,1,41
LAP-10803,Telangana,TEL-5,Railway,Forest,22.5,12,3,1150,Partially Disbursed,48,Not Started,2,1,0,100,1.0,67.6,5,6,46.0,0,1,72
LAP-10804,Madhya Pradesh,MAD-3,Industrial Corridor,Private Agricultural,9.0,3,2,90,Fully Disbursed,87,Survey Complete,1,1,0,100,3.4,66.1,1,3,67.8,0,0,0
LAP-10805,Bihar,BIH-2,Industrial Corridor,Government,23.3,73,6,455,Not Started,6,Survey Complete,1,1,0,100,4.8,63.2,2,1,39.9,0,0,0
LAP-10806,West Bengal,WES-5,Urban Development,Tribal,8.7,67,1,845,Not Started,6,Not Started,1,1,0,100,5.9,70.4,1,7,45.6,1,0,0
LAP-10807,Gujarat,GUJ-1,Highway,Tribal,47.6,74,2,722,Not Started,5,Partial Possession,1,1,1,88,5.0,69.4,4,1,23.5,0,1,22
LAP-10808,Haryana,HAR-2,Industrial Corridor,Tribal,16.1,13,4,43,Partially Disbursed,16,Award Declared,1,1,0,100,7.3,46.2,2,6,36.2,0,0,0
LAP-10809,Jharkhand,JHA-1,Highway,Private Agricultural,88.7,88,3,1142,Partially Disbursed,71,Partial Possession,0,0,1,99,4.8,50.0,2,2,35.8,1,0,0
LAP-10810,Haryana,HAR-6,Highway,Forest,16.5,54,3,1272,Partially Disbursed,16,Survey Complete,1,0,0,100,8.3,60.3,4,8,37.8,0,1,95
LAP-10811,Tamil Nadu,TAM-3,Highway,Private Agricultural,10.7,9,5,296,Not Started,7,Survey Complete,1,1,1,98,7.8,48.3,1,7,35.2,0,1,118
LAP-10812,Uttar Pradesh,UTT-3,Urban Development,Forest,13.9,207,3,997,Partially Disbursed,72,Not Started,1,1,1,20,4.2,46.9,2,7,75.5,0,1,49
LAP-10813,Rajasthan,RAJ-6,Railway,Forest,34.5,15,2,1262,Partially Disbursed,82,Partial Possession,2,1,0,100,7.1,62.9,5,0,84.9,0,0,0
LAP-10814,Bihar,BIH-6,Airport,Forest,16.1,5,6,217,Partially Disbursed,33,Survey Complete,0,0,0,100,8.3,67.8,4,8,39.9,0,0,0
LAP-10815,Madhya Pradesh,MAD-6,Urban Development,Private Agricultural,162.6,189,1,87,Partially Disbursed,36,Partial Possession,3,0,1,87,8.7,76.2,1,3,92.4,0,0,0
LAP-10816,Bihar,BIH-4,Railway,Forest,19.5,26,2,19,Fully Disbursed,93,Partial Possession,0,0,0,100,3.6,48.8,4,8,70.5,0,0,0
LAP-10817,Tamil Nadu,TAM-4,Highway,Private Agricultural,7.6,26,6,1076,Fully Disbursed,98,Full Possession,0,0,0,100,4.3,67.5,5,7,0.9,1,0,0
LAP-10818,Uttar Pradesh,UTT-1,Irrigation,Private Agricultural,74.4,83,4,314,Not Started,5,Full Possession,0,0,1,52,4.1,66.7,1,4,38.3,0,1,182
LAP-10819,Jharkhand,JHA-2,Railway,Private Agricultural,21.8,75,5,918,Partially Disbursed,20,Award Declared,0,0,0,100,4.6,30.2,3,2,59.2,0,0,0
LAP-10820,Bihar,BIH-4,Railway,Private Agricultural,18.3,68,1,450,Partially Disbursed,54,Full Possession,2,1,1,24,8.3,91.4,4,5,53.1,1,1,59
LAP-10821,Tamil Nadu,TAM-4,Irrigation,Mixed,22.6,99,1,16,Not Started,0,Partial Possession,1,0,1,73,6.6,53.2,4,3,52.9,0,1,163
LAP-10822,Haryana,HAR-3,Highway,Forest,42.2,5,2,36,Not Started,0,Partial Possession,4,1,0,100,8.0,64.5,6,6,48.7,0,0,0
LAP-10823,Tamil Nadu,TAM-4,Airport,Private Agricultural,6.0,47,1,1477,Partially Disbursed,61,Survey Complete,0,0,1,47,1.7,75.6,2,1,71.2,0,0,0
LAP-10824,Uttar Pradesh,UTT-6,Renewable Energy,Government,12.4,206,5,1238,Not Started,0,Partial Possession,0,0,0,100,6.2,61.2,2,7,8.9,0,0,0
LAP-10825,Haryana,HAR-6,Power Transmission,Government,17.3,113,5,955,Partially Disbursed,83,Full Possession,1,0,0,100,5.3,5.0,1,3,49.0,1,0,0
LAP-10826,Tamil Nadu,TAM-1,Industrial Corridor,Private Agricultural,23.7,166,1,1488,Fully Disbursed,94,Not Started,2,0,0,100,7.5,86.5,2,6,94.2,0,0,0
LAP-10827,Bihar,BIH-5,Railway,Private Agricultural,34.7,23,3,126,Not Started,3,Award Declared,0,0,1,70,7.1,40.1,5,4,48.6,0,0,0
LAP-10828,Bihar,BIH-5,Power Transmission,Government,17.7,16,2,997,Fully Disbursed,99,Not Started,3,1,0,100,8.5,65.6,1,8,20.9,1,1,176
LAP-10829,Gujarat,GUJ-5,Highway,Mixed,31.0,112,3,1220,Fully Disbursed,88,Partial Possession,1,1,0,100,4.3,90.5,4,3,46.5,0,0,0
LAP-10830,West Bengal,WES-1,Airport,Government,17.7,11,2,201,Partially Disbursed,24,Award Declared,0,0,1,44,5.7,58.8,1,2,37.5,0,0,0
LAP-10831,Bihar,BIH-1,Industrial Corridor,Mixed,34.2,22,4,1300,Fully Disbursed,98,Award Declared,1,0,0,100,6.9,55.4,1,7,72.7,1,0,0
LAP-10832,West Bengal,WES-1,Railway,Private Agricultural,10.9,38,3,1498,Not Started,5,Full Possession,0,0,1,56,7.0,5.0,4,6,92.4,0,1,192
LAP-10833,West Bengal,WES-1,Railway,Private Agricultural,29.8,51,3,278,Not Started,4,Partial Possession,2,1,1,7,6.7,100.0,4,6,60.9,0,0,0
LAP-10834,Madhya Pradesh,MAD-3,Urban Development,Private Agricultural,8.0,1,5,1012,Fully Disbursed,88,Not Started,0,0,1,43,8.7,61.2,2,2,34.4,0,0,0
LAP-10835,Odisha,ODI-6,Highway,Private Agricultural,57.2,33,3,1010,Not Started,7,Survey Complete,1,0,1,69,8.4,78.9,1,5,57.5,0,0,0
LAP-10836,Chhattisgarh,CHH-1,Irrigation,Private Agricultural,26.0,33,2,964,Fully Disbursed,90,Partial Possession,0,0,0,100,6.2,81.2,1,4,17.0,0,0,0
LAP-10837,Maharashtra,MAH-4,Urban Development,Tribal,5.5,27,1,541,Not Started,1,Not Started,1,0,0,100,7.0,83.7,2,2,6.8,0,0,0
LAP-10838,Chhattisgarh,CHH-1,Urban Development,Forest,7.1,82,3,1436,Partially Disbursed,54,Full Possession,1,1,0,100,10.0,34.0,2,5,82.4,1,1,157
LAP-10839,Bihar,BIH-6,Irrigation,Forest,1.4,52,1,1055,Partially Disbursed,67,Award Declared,3,1,0,100,6.3,46.2,0,5,48.6,0,1,43
LAP-10840,Gujarat,GUJ-1,Highway,Tribal,8.2,157,5,406,Not Started,5,Full Possession,2,1,0,100,5.3,28.3,1,3,69.6,0,1,13
LAP-10841,Jharkhand,JHA-5,Highway,Forest,19.1,94,4,199,Partially Disbursed,39,Partial Possession,0,0,0,100,2.7,54.2,4,8,70.2,0,0,0
LAP-10842,Bihar,BIH-6,Highway,Private Agricultural,236.3,65,2,1407,Partially Disbursed,32,Partial Possession,1,1,1,81,5.6,44.4,5,2,22.4,0,1,599
LAP-10843,Telangana,TEL-2,Urban Development,Tribal,14.3,47,2,467,Partially Disbursed,59,Full Possession,3,0,1,27,3.1,55.1,1,3,100.0,0,1,96
LAP-10844,Punjab,PUN-2,Highway,Government,69.6,12,6,473,Partially Disbursed,31,Award Declared,2,0,0,100,7.2,67.3,0,1,37.3,0,0,0
LAP-10845,Odisha,ODI-2,Industrial Corridor,Mixed,177.8,192,6,1440,Not Started,1,Survey Complete,1,0,1,43,4.9,67.5,1,0,92.2,0,0,0
LAP-10846,Jharkhand,JHA-3,Industrial Corridor,Forest,47.8,3,4,384,Not Started,5,Partial Possession,2,1,0,100,7.3,43.3,0,4,40.5,0,1,200
LAP-10847,Odisha,ODI-6,Industrial Corridor,Government,5.2,2,5,169,Not Started,9,Not Started,2,0,0,100,8.4,66.3,1,8,23.6,0,0,0
LAP-10848,Telangana,TEL-2,Highway,Private Agricultural,7.8,23,5,1450,Not Started,7,Award Declared,1,1,1,44,6.5,38.4,2,7,37.0,1,0,0
LAP-10849,Maharashtra,MAH-4,Airport,Forest,31.3,6,2,1493,Not Started,0,Award Declared,3,1,0,100,8.5,58.7,0,5,0.0,0,0,0
LAP-10850,Uttar Pradesh,UTT-4,Airport,Tribal,74.1,34,2,1283,Not Started,3,Partial Possession,1,1,0,100,6.1,13.8,2,1,49.2,0,1,53
LAP-10851,Punjab,PUN-3,Industrial Corridor,Tribal,34.4,86,6,948,Not Started,8,Not Started,1,0,0,100,6.8,100.0,1,7,55.9,1,0,0
LAP-10852,Gujarat,GUJ-3,Urban Development,Private Agricultural,61.6,4,3,1489,Not Started,4,Full Possession,0,0,0,100,7.0,70.8,3,1,45.4,0,0,0
LAP-10853,Odisha,ODI-3,Railway,Tribal,110.4,22,1,38,Not Started,3,Survey Complete,0,0,1,85,8.5,78.2,3,8,38.6,0,0,0
LAP-10854,Tamil Nadu,TAM-6,Irrigation,Private Agricultural,66.4,55,3,321,Not Started,3,Not Started,1,0,0,100,6.1,93.3,2,5,93.0,0,1,14
LAP-10855,Maharashtra,MAH-2,Highway,Government,230.3,42,1,843,Partially Disbursed,23,Not Started,1,1,1,93,2.0,65.1,4,8,51.9,0,1,251
LAP-10856,Uttar Pradesh,UTT-5,Industrial Corridor,Tribal,34.7,209,4,851,Partially Disbursed,61,Partial Possession,1,0,0,100,4.7,43.4,1,8,49.9,1,1,317
LAP-10857,Uttar Pradesh,UTT-3,Railway,Forest,20.0,5,3,799,Partially Disbursed,40,Award Declared,1,1,0,100,8.5,36.7,3,0,49.6,0,1,64
LAP-10858,Uttar Pradesh,UTT-3,Power Transmission,Forest,125.5,22,4,73,Fully Disbursed,87,Full Possession,3,1,1,87,7.4,53.1,2,8,100.0,0,0,0
LAP-10859,Gujarat,GUJ-5,Highway,Forest,110.6,19,1,147,Partially Disbursed,75,Award Declared,2,1,1,38,6.0,78.8,3,1,47.6,0,0,0
LAP-10860,Haryana,HAR-1,Renewable Energy,Private Agricultural,89.9,54,4,1070,Not Started,2,Not Started,0,0,1,78,4.5,45.7,0,0,32.6,1,0,0
LAP-10861,West Bengal,WES-6,Renewable Energy,Tribal,55.4,95,6,454,Partially Disbursed,43,Not Started,1,0,0,100,6.5,47.5,5,8,46.8,1,1,12
LAP-10862,Madhya Pradesh,MAD-4,Irrigation,Tribal,212.1,40,6,330,Not Started,1,Partial Possession,3,1,0,100,7.7,54.5,1,2,89.8,0,1,66
LAP-10863,Madhya Pradesh,MAD-4,Renewable Energy,Tribal,207.2,190,3,908,Partially Disbursed,21,Survey Complete,0,0,0,100,10.0,24.9,0,0,40.8,1,0,0
LAP-10864,Uttar Pradesh,UTT-5,Highway,Private Agricultural,37.5,35,5,713,Fully Disbursed,86,Not Started,1,1,1,15,9.0,46.0,3,1,81.3,0,1,75
LAP-10865,Punjab,PUN-6,Power Transmission,Private Agricultural,22.9,68,4,816,Fully Disbursed,94,Full Possession,1,0,1,62,6.7,96.8,1,0,69.0,0,0,0
LAP-10866,Madhya Pradesh,MAD-6,Irrigation,Private Agricultural,141.7,19,5,212,Not Started,9,Partial Possession,1,0,0,100,5.8,55.1,2,8,100.0,0,0,0
LAP-10867,Punjab,PUN-6,Urban Development,Tribal,28.0,52,6,1352,Fully Disbursed,91,Not Started,3,1,1,87,7.2,20.4,3,1,27.1,1,0,0
LAP-10868,Madhya Pradesh,MAD-5,Renewable Energy,Tribal,33.5,11,4,1075,Partially Disbursed,15,Partial Possession,0,0,0,100,6.7,100.0,6,6,75.3,0,0,0
LAP-10869,Tamil Nadu,TAM-5,Power Transmission,Mixed,170.9,20,6,869,Not Started,3,Full Possession,0,0,0,100,5.5,80.7,1,3,26.5,1,0,0
LAP-10870,West Bengal,WES-5,Urban Development,Private Agricultural,55.5,15,2,503,Not Started,8,Survey Complete,1,1,0,100,8.3,70.8,2,5,88.8,0,0,0
LAP-10871,Bihar,BIH-1,Irrigation,Mixed,6.3,19,2,592,Not Started,7,Award Declared,0,0,0,100,7.4,80.2,3,4,91.8,0,0,0
LAP-10872,Tamil Nadu,TAM-6,Highway,Government,27.5,15,6,262,Partially Disbursed,13,Partial Possession,0,0,0,100,3.1,69.2,2,6,24.1,0,0,0
LAP-10873,Madhya Pradesh,MAD-3,Highway,Government,41.4,111,3,55,Not Started,4,Survey Complete,0,0,0,100,6.4,92.3,1,0,68.5,0,1,109
LAP-10874,Maharashtra,MAH-4,Power Transmission,Private Agricultural,10.8,21,4,732,Fully Disbursed,87,Full Possession,0,0,0,100,9.5,37.4,1,5,42.5,0,0,0
LAP-10875,Maharashtra,MAH-2,Railway,Private Agricultural,3.7,553,2,1405,Fully Disbursed,97,Partial Possession,1,1,1,35,8.5,27.4,3,3,35.6,1,1,86
LAP-10876,Rajasthan,RAJ-1,Power Transmission,Forest,14.1,81,6,432,Fully Disbursed,97,Award Declared,0,0,1,36,4.4,57.6,3,3,100.0,0,0,0
LAP-10877,Uttar Pradesh,UTT-3,Railway,Mixed,95.3,1224,6,1447,Not Started,4,Not Started,1,1,0,100,6.3,64.2,2,6,44.8,1,0,0
LAP-10878,Bihar,BIH-2,Urban Development,Government,5.6,45,2,459,Fully Disbursed,87,Survey Complete,0,0,0,100,7.8,49.5,5,4,16.6,0,0,0
LAP-10879,Tamil Nadu,TAM-3,Irrigation,Forest,19.3,140,2,619,Fully Disbursed,87,Survey Complete,1,1,0,100,7.2,68.5,4,0,94.2,0,0,0
LAP-10880,Madhya Pradesh,MAD-5,Irrigation,Tribal,74.7,269,4,1485,Not Started,9,Full Possession,0,0,1,14,8.1,57.8,2,2,79.9,0,0,0
LAP-10881,Karnataka,KAR-3,Highway,Private Agricultural,17.1,54,2,1085,Not Started,9,Partial Possession,0,0,1,89,4.1,60.7,6,7,76.7,0,0,0
LAP-10882,Telangana,TEL-3,Urban Development,Government,29.9,84,1,1468,Partially Disbursed,60,Full Possession,1,1,0,100,5.2,62.2,1,5,9.7,0,1,394
LAP-10883,Maharashtra,MAH-6,Highway,Private Agricultural,13.4,25,1,276,Not Started,0,Partial Possession,3,1,0,100,4.6,82.5,3,8,75.1,0,1,379
LAP-10884,West Bengal,WES-5,Renewable Energy,Government,27.3,11,1,679,Not Started,6,Award Declared,1,1,1,66,4.9,58.8,4,7,29.8,1,1,158
LAP-10885,Uttar Pradesh,UTT-6,Highway,Private Agricultural,68.7,43,1,183,Fully Disbursed,90,Survey Complete,0,0,1,3,6.3,68.7,3,5,78.7,0,0,0
LAP-10886,Tamil Nadu,TAM-2,Industrial Corridor,Private Agricultural,2.6,108,1,899,Not Started,7,Award Declared,1,1,0,100,6.6,58.0,1,7,36.1,1,0,0
LAP-10887,Karnataka,KAR-6,Railway,Forest,22.9,20,1,705,Fully Disbursed,86,Partial Possession,0,0,1,35,5.3,36.2,0,8,56.0,0,0,0
LAP-10888,West Bengal,WES-1,Irrigation,Private Agricultural,40.8,60,4,623,Fully Disbursed,92,Partial Possession,0,0,0,100,8.0,63.4,6,2,43.5,1,0,0
LAP-10889,Punjab,PUN-5,Highway,Private Agricultural,35.5,37,6,1190,Not Started,4,Award Declared,0,0,1,67,9.6,82.8,2,1,46.5,0,0,0
LAP-10890,Punjab,PUN-3,Power Transmission,Tribal,5.6,667,3,734,Fully Disbursed,86,Full Possession,1,1,0,100,8.6,60.4,0,6,93.1,0,0,0
LAP-10891,Jharkhand,JHA-3,Urban Development,Mixed,28.8,82,3,402,Partially Disbursed,64,Partial Possession,1,1,0,100,3.7,58.4,3,6,57.6,0,0,0
LAP-10892,Haryana,HAR-2,Railway,Forest,2.2,186,4,797,Partially Disbursed,66,Partial Possession,3,0,0,100,8.0,30.4,2,4,50.2,0,1,114
LAP-10893,Karnataka,KAR-3,Industrial Corridor,Private Agricultural,8.2,109,5,348,Fully Disbursed,91,Survey Complete,1,0,1,5,5.2,46.1,2,8,52.3,1,1,126
LAP-10894,Telangana,TEL-1,Renewable Energy,Private Agricultural,33.0,6,6,757,Fully Disbursed,93,Award Declared,1,0,0,100,8.8,53.5,2,6,44.5,0,0,0
LAP-10895,Jharkhand,JHA-1,Power Transmission,Government,31.2,137,1,1245,Partially Disbursed,40,Not Started,1,0,0,100,5.5,47.8,2,5,76.9,0,1,97
LAP-10896,West Bengal,WES-2,Industrial Corridor,Government,13.1,266,2,551,Partially Disbursed,56,Not Started,1,1,0,100,6.1,54.4,2,3,81.4,0,0,0
LAP-10897,Chhattisgarh,CHH-5,Highway,Private Agricultural,250.9,171,5,72,Partially Disbursed,13,Full Possession,0,0,1,60,5.7,75.4,2,1,58.9,0,0,0
LAP-10898,Uttar Pradesh,UTT-3,Railway,Tribal,23.9,33,5,657,Fully Disbursed,96,Not Started,1,0,1,89,7.6,39.5,0,3,36.0,0,0,0
LAP-10899,Punjab,PUN-4,Irrigation,Tribal,13.1,219,6,605,Partially Disbursed,12,Award Declared,0,0,0,100,4.4,61.4,0,1,52.1,0,0,0
LAP-10900,Uttar Pradesh,UTT-1,Urban Development,Forest,15.7,27,2,340,Not Started,2,Partial Possession,1,0,0,100,5.5,42.7,1,2,73.1,1,0,0
LAP-10901,Chhattisgarh,CHH-5,Railway,Private Agricultural,88.7,13,1,62,Partially Disbursed,84,Survey Complete,1,0,1,27,7.5,60.2,4,5,62.1,1,0,0
LAP-10902,Bihar,BIH-3,Industrial Corridor,Private Agricultural,53.9,3,6,280,Not Started,1,Not Started,0,0,1,37,5.2,44.7,2,3,67.6,0,0,0
LAP-10903,Rajasthan,RAJ-2,Highway,Private Agricultural,19.2,18,6,1042,Partially Disbursed,30,Not Started,1,0,1,27,5.2,60.9,1,2,71.2,0,1,77
LAP-10904,Odisha,ODI-2,Highway,Private Agricultural,12.9,16,4,894,Not Started,4,Full Possession,0,0,0,100,5.8,47.5,0,2,100.0,0,0,0
LAP-10905,Punjab,PUN-4,Power Transmission,Tribal,78.7,80,2,291,Partially Disbursed,69,Partial Possession,1,0,1,61,7.4,72.6,5,8,75.3,0,0,0
LAP-10906,Haryana,HAR-5,Industrial Corridor,Mixed,55.2,8,3,429,Partially Disbursed,79,Partial Possession,0,0,1,41,7.9,40.5,0,8,45.1,0,0,0
LAP-10907,Madhya Pradesh,MAD-4,Airport,Private Agricultural,7.9,74,4,1484,Partially Disbursed,51,Not Started,0,0,0,100,7.8,67.6,4,7,67.5,0,0,0
LAP-10908,Tamil Nadu,TAM-5,Renewable Energy,Private Agricultural,33.4,87,3,257,Not Started,3,Not Started,0,0,0,100,2.5,71.7,3,1,45.4,0,0,0
LAP-10909,Chhattisgarh,CHH-3,Power Transmission,Tribal,15.3,57,1,1348,Partially Disbursed,59,Award Declared,3,0,1,79,9.2,37.6,2,3,10.5,1,0,0
LAP-10910,Telangana,TEL-2,Industrial Corridor,Private Agricultural,25.0,5,6,221,Partially Disbursed,83,Partial Possession,2,1,0,100,6.4,58.9,0,7,12.2,0,0,0
LAP-10911,Karnataka,KAR-2,Urban Development,Private Agricultural,201.3,81,6,200,Fully Disbursed,86,Not Started,3,1,0,100,4.4,20.1,1,4,55.8,0,1,127
LAP-10912,Punjab,PUN-5,Industrial Corridor,Forest,55.1,188,2,670,Fully Disbursed,87,Award Declared,2,1,0,100,9.3,83.3,2,1,50.6,0,0,0
LAP-10913,Telangana,TEL-5,Urban Development,Tribal,9.9,37,4,57,Not Started,8,Award Declared,2,0,0,100,9.0,41.1,6,0,14.7,0,0,0
LAP-10914,Chhattisgarh,CHH-3,Railway,Private Agricultural,108.4,32,3,283,Not Started,7,Not Started,0,0,1,9,7.4,53.0,1,8,40.9,0,1,105
LAP-10915,Maharashtra,MAH-1,Urban Development,Forest,88.8,100,4,171,Not Started,2,Partial Possession,3,1,0,100,6.2,56.6,1,5,93.4,0,0,0
LAP-10916,Bihar,BIH-5,Power Transmission,Government,126.3,124,3,742,Not Started,3,Award Declared,0,0,1,54,5.7,35.6,2,4,57.4,0,0,0
LAP-10917,West Bengal,WES-2,Irrigation,Tribal,9.5,219,3,726,Partially Disbursed,32,Not Started,1,1,1,72,7.6,65.4,2,0,31.6,0,0,0
LAP-10918,Telangana,TEL-3,Airport,Government,5.4,16,4,209,Fully Disbursed,89,Not Started,0,0,0,100,6.3,64.9,2,2,38.6,1,0,0
LAP-10919,West Bengal,WES-1,Irrigation,Tribal,17.4,991,6,269,Fully Disbursed,85,Not Started,2,1,0,100,4.8,22.7,1,2,74.2,0,0,0
LAP-10920,Bihar,BIH-3,Irrigation,Private Agricultural,28.2,167,1,1305,Fully Disbursed,93,Award Declared,0,0,0,100,3.7,24.9,0,0,31.8,0,0,0
LAP-10921,Tamil Nadu,TAM-3,Highway,Government,53.4,129,2,740,Partially Disbursed,28,Award Declared,0,0,1,23,5.9,69.0,1,4,21.5,0,0,0
LAP-10922,Madhya Pradesh,MAD-6,Renewable Energy,Government,5.4,93,5,782,Not Started,4,Award Declared,1,1,0,100,7.8,25.8,0,2,69.0,0,0,0
LAP-10923,Haryana,HAR-1,Airport,Private Agricultural,172.5,181,5,1182,Not Started,0,Full Possession,0,0,0,100,6.0,69.3,4,2,24.0,0,1,100
LAP-10924,Tamil Nadu,TAM-2,Industrial Corridor,Government,20.5,15,6,193,Not Started,9,Partial Possession,0,0,0,100,5.0,100.0,3,8,40.6,1,0,0
LAP-10925,Madhya Pradesh,MAD-1,Irrigation,Government,41.7,44,5,1099,Fully Disbursed,98,Survey Complete,0,0,0,100,6.8,49.9,4,4,35.6,1,0,0
LAP-10926,Haryana,HAR-5,Renewable Energy,Private Agricultural,1.9,145,5,1092,Partially Disbursed,83,Survey Complete,1,0,0,100,6.2,80.6,2,0,46.3,0,0,0
LAP-10927,Chhattisgarh,CHH-6,Highway,Private Agricultural,21.6,413,1,269,Not Started,4,Partial Possession,0,0,1,10,8.5,83.6,6,4,55.3,1,0,0
LAP-10928,Odisha,ODI-2,Power Transmission,Forest,29.4,91,2,376,Fully Disbursed,95,Award Declared,3,1,0,100,5.5,14.7,2,1,64.4,0,0,0
LAP-10929,Gujarat,GUJ-2,Power Transmission,Forest,16.7,196,4,1090,Partially Disbursed,35,Partial Possession,1,0,0,100,5.4,59.1,1,6,100.0,1,0,0
LAP-10930,Maharashtra,MAH-2,Power Transmission,Mixed,9.8,56,5,291,Fully Disbursed,89,Award Declared,0,0,0,100,5.6,66.0,4,1,35.6,0,0,0
LAP-10931,Uttar Pradesh,UTT-6,Railway,Private Agricultural,12.3,21,2,811,Not Started,4,Award Declared,1,1,0,100,8.7,69.8,1,2,51.0,1,0,0
LAP-10932,Tamil Nadu,TAM-4,Irrigation,Government,76.7,22,5,1471,Partially Disbursed,38,Not Started,0,0,0,100,4.2,43.8,3,7,0.1,1,1,108
LAP-10933,Uttar Pradesh,UTT-2,Urban Development,Private Agricultural,8.9,32,5,651,Not Started,8,Partial Possession,1,1,1,20,2.5,80.5,3,2,45.7,1,1,289
LAP-10934,Bihar,BIH-1,Highway,Mixed,26.1,353,5,925,Partially Disbursed,46,Award Declared,0,0,0,100,5.3,77.5,5,0,51.5,1,0,0
LAP-10935,Tamil Nadu,TAM-2,Railway,Tribal,519.9,40,1,577,Fully Disbursed,100,Partial Possession,0,0,1,77,7.0,44.5,3,2,50.5,0,0,0
LAP-10936,Tamil Nadu,TAM-3,Power Transmission,Private Agricultural,7.5,30,3,46,Fully Disbursed,91,Survey Complete,3,1,1,33,4.4,76.6,5,5,86.6,0,0,0
LAP-10937,Odisha,ODI-5,Highway,Private Agricultural,32.5,550,6,1203,Partially Disbursed,83,Award Declared,3,0,1,27,5.6,70.6,2,7,30.5,0,0,0
LAP-10938,Telangana,TEL-5,Irrigation,Tribal,73.5,34,3,1463,Fully Disbursed,89,Not Started,2,0,1,84,6.8,55.0,3,8,40.4,1,0,0
LAP-10939,Rajasthan,RAJ-6,Industrial Corridor,Government,29.7,587,5,784,Partially Disbursed,40,Not Started,0,0,0,100,7.0,51.9,2,8,86.9,0,0,0
LAP-10940,Bihar,BIH-1,Industrial Corridor,Tribal,65.4,274,2,426,Not Started,9,Not Started,4,0,1,72,6.0,29.5,0,2,67.2,1,1,178
LAP-10941,Bihar,BIH-2,Urban Development,Mixed,153.0,159,2,1420,Partially Disbursed,77,Not Started,0,0,0,100,6.3,54.7,4,0,45.1,1,0,0
LAP-10942,Jharkhand,JHA-2,Urban Development,Forest,7.7,65,4,125,Not Started,0,Not Started,0,0,0,100,5.6,75.5,1,5,35.0,0,0,0
LAP-10943,Haryana,HAR-1,Renewable Energy,Private Agricultural,4.6,83,1,1188,Not Started,1,Survey Complete,0,0,1,78,7.2,62.7,0,3,70.4,1,0,0
LAP-10944,Uttar Pradesh,UTT-3,Power Transmission,Tribal,32.9,3,1,182,Partially Disbursed,72,Partial Possession,0,0,1,61,7.4,96.2,1,1,37.9,1,0,0
LAP-10945,Haryana,HAR-6,Urban Development,Government,142.6,71,6,1219,Partially Disbursed,74,Survey Complete,0,0,1,63,5.8,32.8,5,6,67.6,1,1,266
LAP-10946,Tamil Nadu,TAM-6,Irrigation,Tribal,15.7,211,6,148,Fully Disbursed,93,Partial Possession,1,0,1,16,7.7,39.4,1,0,0.0,0,0,0
LAP-10947,Gujarat,GUJ-3,Renewable Energy,Private Agricultural,13.0,28,4,1188,Not Started,5,Full Possession,1,0,0,100,4.0,96.1,2,8,43.5,0,0,0
LAP-10948,Rajasthan,RAJ-5,Highway,Forest,111.4,2,1,1315,Partially Disbursed,44,Survey Complete,2,1,0,100,3.4,30.9,1,6,63.4,1,1,9
LAP-10949,Madhya Pradesh,MAD-6,Airport,Forest,33.2,99,4,519,Fully Disbursed,97,Partial Possession,1,1,0,100,5.8,31.0,3,2,73.4,0,1,96
LAP-10950,West Bengal,WES-2,Railway,Forest,52.6,22,4,651,Partially Disbursed,39,Award Declared,2,1,0,100,4.7,78.3,2,2,61.0,0,0,0
LAP-10951,Chhattisgarh,CHH-5,Industrial Corridor,Private Agricultural,79.1,71,4,1003,Partially Disbursed,40,Partial Possession,1,1,1,76,3.8,83.6,3,8,70.5,1,1,102
LAP-10952,Bihar,BIH-1,Airport,Tribal,21.6,199,5,469,Partially Disbursed,38,Full Possession,2,1,1,21,7.3,48.7,4,0,41.3,0,0,0
LAP-10953,Haryana,HAR-2,Irrigation,Private Agricultural,188.0,52,2,1291,Not Started,8,Full Possession,1,1,0,100,6.6,72.6,1,0,52.8,0,0,0
LAP-10954,Telangana,TEL-3,Highway,Forest,8.1,65,4,719,Partially Disbursed,46,Survey Complete,3,1,0,100,7.1,56.3,1,8,61.7,0,0,0
LAP-10955,Uttar Pradesh,UTT-3,Urban Development,Forest,4.8,110,5,318,Not Started,6,Partial Possession,3,1,0,100,5.3,75.5,1,3,53.6,0,1,170
LAP-10956,Maharashtra,MAH-4,Highway,Tribal,17.5,537,5,882,Not Started,6,Partial Possession,1,0,1,77,5.3,53.5,4,3,45.5,0,1,245
LAP-10957,Rajasthan,RAJ-2,Industrial Corridor,Government,37.0,33,5,1285,Partially Disbursed,46,Survey Complete,2,1,1,64,5.0,72.4,2,5,100.0,0,1,152
LAP-10958,Odisha,ODI-3,Renewable Energy,Private Agricultural,7.9,24,3,1307,Fully Disbursed,97,Award Declared,1,1,1,1,7.8,54.4,2,6,36.4,0,0,0
LAP-10959,Uttar Pradesh,UTT-2,Irrigation,Forest,23.6,21,4,853,Fully Disbursed,93,Survey Complete,1,1,0,100,6.5,84.5,2,0,76.2,1,1,95
LAP-10960,Karnataka,KAR-3,Irrigation,Private Agricultural,86.2,35,3,1260,Not Started,8,Award Declared,0,0,1,38,6.2,39.0,4,4,18.0,0,1,67
LAP-10961,Tamil Nadu,TAM-2,Urban Development,Government,8.0,53,2,109,Not Started,3,Partial Possession,1,1,1,81,1.2,49.3,3,4,46.9,0,1,250
LAP-10962,Gujarat,GUJ-2,Urban Development,Forest,20.1,1160,4,873,Partially Disbursed,51,Award Declared,1,0,0,100,7.2,46.2,0,1,52.1,1,0,0
LAP-10963,Punjab,PUN-1,Highway,Forest,189.4,27,3,768,Not Started,5,Survey Complete,2,1,0,100,3.6,67.0,1,7,52.6,0,1,19
LAP-10964,Tamil Nadu,TAM-4,Power Transmission,Private Agricultural,24.4,5,2,572,Not Started,8,Full Possession,1,1,1,58,5.3,63.5,3,2,9.7,1,0,0
LAP-10965,Punjab,PUN-2,Irrigation,Private Agricultural,13.1,119,5,1315,Partially Disbursed,40,Full Possession,1,1,0,100,7.5,48.8,2,6,98.6,1,0,0
LAP-10966,Chhattisgarh,CHH-3,Urban Development,Forest,33.4,24,1,293,Not Started,2,Survey Complete,1,1,0,100,4.2,65.2,1,0,79.0,1,0,0
LAP-10967,Gujarat,GUJ-5,Highway,Private Agricultural,5.0,111,5,535,Fully Disbursed,100,Full Possession,1,1,0,100,4.9,52.8,3,3,24.9,0,1,156
LAP-10968,Rajasthan,RAJ-6,Irrigation,Forest,16.5,131,4,712,Not Started,1,Not Started,2,0,1,74,6.1,65.8,3,0,72.0,0,0,0
LAP-10969,Telangana,TEL-5,Irrigation,Government,48.6,10,4,1020,Partially Disbursed,81,Partial Possession,1,0,0,100,3.2,65.0,2,4,49.6,0,0,0
LAP-10970,Karnataka,KAR-2,Renewable Energy,Private Agricultural,73.0,7,6,928,Fully Disbursed,91,Award Declared,1,1,1,71,7.4,44.0,3,4,55.8,0,1,248
LAP-10971,Madhya Pradesh,MAD-1,Industrial Corridor,Private Agricultural,146.6,126,3,1206,Partially Disbursed,51,Survey Complete,0,0,1,58,5.4,75.3,1,2,78.8,0,0,0
LAP-10972,Telangana,TEL-6,Power Transmission,Private Agricultural,51.2,77,2,927,Partially Disbursed,47,Partial Possession,0,0,1,74,5.4,72.0,2,0,72.8,1,1,82
LAP-10973,Telangana,TEL-2,Industrial Corridor,Forest,47.2,34,2,871,Partially Disbursed,73,Partial Possession,3,0,1,82,3.3,70.0,1,3,70.6,0,0,0
LAP-10974,Gujarat,GUJ-2,Highway,Private Agricultural,15.4,33,3,1257,Not Started,6,Partial Possession,0,0,1,66,7.1,54.3,5,0,75.1,0,0,0
LAP-10975,Telangana,TEL-2,Renewable Energy,Private Agricultural,22.7,51,5,1272,Partially Disbursed,64,Not Started,0,0,1,88,3.9,49.5,4,0,30.4,0,0,0
LAP-10976,Uttar Pradesh,UTT-3,Industrial Corridor,Forest,37.8,41,1,214,Partially Disbursed,72,Award Declared,1,0,0,100,6.4,26.5,1,8,73.6,1,0,0
LAP-10977,Bihar,BIH-4,Irrigation,Private Agricultural,9.1,1162,1,1038,Partially Disbursed,22,Not Started,0,0,0,100,1.0,100.0,4,2,54.5,0,0,0
LAP-10978,Gujarat,GUJ-3,Renewable Energy,Private Agricultural,19.1,102,6,404,Fully Disbursed,100,Survey Complete,0,0,1,33,3.0,69.7,1,8,80.0,0,1,77
LAP-10979,Uttar Pradesh,UTT-6,Urban Development,Tribal,14.7,31,4,618,Not Started,5,Full Possession,1,1,1,13,6.6,57.7,2,5,50.7,1,1,81
LAP-10980,Tamil Nadu,TAM-1,Railway,Private Agricultural,42.1,54,5,1173,Partially Disbursed,80,Full Possession,0,0,1,17,3.3,38.4,1,6,57.0,1,0,0
LAP-10981,Telangana,TEL-5,Urban Development,Government,83.6,108,1,187,Not Started,7,Award Declared,0,0,0,100,7.6,5.0,3,6,77.7,0,0,0
LAP-10982,West Bengal,WES-5,Airport,Private Agricultural,61.9,64,1,421,Not Started,4,Partial Possession,0,0,1,41,2.9,56.3,0,6,88.7,0,0,0
LAP-10983,Punjab,PUN-1,Power Transmission,Private Agricultural,192.5,33,4,422,Partially Disbursed,19,Survey Complete,2,1,0,100,5.4,97.3,2,4,29.0,1,1,31
LAP-10984,Maharashtra,MAH-1,Industrial Corridor,Tribal,9.3,31,1,111,Fully Disbursed,98,Award Declared,2,1,0,100,7.1,56.3,2,8,43.5,0,1,128
LAP-10985,Chhattisgarh,CHH-6,Highway,Private Agricultural,8.2,25,6,472,Fully Disbursed,85,Partial Possession,2,0,1,37,8.2,62.4,5,6,87.4,1,1,247
LAP-10986,Odisha,ODI-6,Airport,Private Agricultural,37.3,36,1,648,Not Started,8,Award Declared,1,0,1,6,8.0,85.6,2,2,86.6,0,0,0
LAP-10987,Haryana,HAR-5,Urban Development,Tribal,19.5,16,3,71,Not Started,0,Not Started,1,0,1,34,5.8,54.2,1,0,20.7,0,0,0
LAP-10988,West Bengal,WES-1,Highway,Tribal,13.5,174,4,1452,Partially Disbursed,18,Survey Complete,2,1,1,72,6.0,49.3,1,0,14.7,0,0,0
LAP-10989,Uttar Pradesh,UTT-2,Highway,Tribal,24.9,28,1,620,Partially Disbursed,36,Survey Complete,1,0,0,100,8.4,44.9,2,6,56.2,0,1,43
LAP-10990,Jharkhand,JHA-1,Highway,Tribal,15.3,47,2,1447,Partially Disbursed,10,Survey Complete,6,0,1,3,8.5,38.3,2,0,10.7,0,0,0
LAP-10991,Gujarat,GUJ-4,Renewable Energy,Private Agricultural,26.9,15,5,80,Partially Disbursed,34,Partial Possession,0,0,1,42,5.9,57.4,2,1,53.5,0,0,0
LAP-10992,Karnataka,KAR-3,Power Transmission,Private Agricultural,10.1,272,1,943,Partially Disbursed,35,Partial Possession,1,1,0,100,7.4,53.1,1,3,24.4,1,0,0
LAP-10993,Telangana,TEL-4,Railway,Private Agricultural,32.9,21,6,995,Fully Disbursed,86,Full Possession,1,1,1,26,5.5,37.1,1,3,18.8,1,1,160
LAP-10994,Punjab,PUN-4,Industrial Corridor,Forest,16.5,39,2,1189,Not Started,1,Partial Possession,0,0,0,100,3.6,79.6,2,4,15.9,0,0,0
LAP-10995,Tamil Nadu,TAM-4,Railway,Private Agricultural,11.8,31,2,220,Not Started,6,Survey Complete,1,0,0,100,6.6,76.1,1,1,8.3,0,0,0
LAP-10996,Karnataka,KAR-2,Highway,Mixed,7.3,77,3,367,Not Started,0,Survey Complete,1,1,0,100,6.5,48.0,2,6,53.5,0,1,50
LAP-10997,Punjab,PUN-3,Highway,Private Agricultural,269.2,452,2,839,Not Started,2,Award Declared,1,1,1,98,6.6,65.7,4,5,53.3,0,1,166
LAP-10998,Uttar Pradesh,UTT-3,Urban Development,Private Agricultural,48.6,10,6,1413,Not Started,3,Not Started,0,0,0,100,9.4,69.7,1,4,60.3,0,1,116
LAP-10999,Rajasthan,RAJ-3,Irrigation,Private Agricultural,68.0,1428,1,1115,Fully Disbursed,95,Not Started,1,1,1,11,6.3,59.2,2,4,32.5,1,1,162
LAP-11000,Maharashtra,MAH-4,Highway,Government,54.3,203,6,805,Partially Disbursed,73,Full Possession,1,1,0,100,5.9,80.0,3,3,95.3,0,0,0
LAP-11001,Punjab,PUN-5,Railway,Tribal,101.8,291,2,319,Not Started,4,Award Declared,1,1,1,51,6.6,62.4,3,8,64.0,0,0,0
LAP-11002,Punjab,PUN-6,Power Transmission,Mixed,23.0,7,1,413,Fully Disbursed,87,Survey Complete,0,0,0,100,5.2,42.6,3,3,100.0,0,1,72
LAP-11003,Chhattisgarh,CHH-1,Industrial Corridor,Private Agricultural,101.6,12,5,225,Fully Disbursed,93,Partial Possession,1,1,1,64,6.1,59.6,3,8,72.3,0,0,0
LAP-11004,West Bengal,WES-4,Highway,Forest,152.4,209,3,1111,Partially Disbursed,37,Survey Complete,1,1,0,100,3.2,49.5,4,2,40.9,1,1,156
LAP-11005,Telangana,TEL-3,Industrial Corridor,Mixed,41.5,33,5,1437,Not Started,0,Survey Complete,0,0,0,100,5.1,73.3,2,0,42.7,0,0,0
LAP-11006,Chhattisgarh,CHH-6,Airport,Government,33.7,75,2,1007,Not Started,1,Partial Possession,1,0,0,100,8.1,17.5,1,2,46.7,0,0,0
LAP-11007,Haryana,HAR-4,Railway,Private Agricultural,112.8,37,5,421,Partially Disbursed,79,Not Started,0,0,1,18,8.1,57.0,1,5,55.6,0,0,0
LAP-11008,Bihar,BIH-3,Industrial Corridor,Forest,16.8,554,6,412,Not Started,1,Not Started,1,1,0,100,8.4,73.4,1,2,61.8,0,0,0
LAP-11009,Telangana,TEL-3,Renewable Energy,Private Agricultural,65.1,9,3,96,Fully Disbursed,85,Survey Complete,1,0,1,95,7.5,32.0,2,4,40.8,0,0,0
LAP-11010,Haryana,HAR-3,Highway,Private Agricultural,40.7,563,3,80,Partially Disbursed,44,Partial Possession,1,0,1,42,6.4,56.5,0,3,39.2,1,0,0
LAP-11011,West Bengal,WES-6,Industrial Corridor,Private Agricultural,9.0,49,1,609,Partially Disbursed,51,Partial Possession,1,1,0,100,6.0,72.0,2,3,72.3,0,0,0
LAP-11012,Rajasthan,RAJ-5,Irrigation,Tribal,72.7,89,2,1121,Fully Disbursed,90,Not Started,0,0,1,63,7.9,28.2,2,7,53.0,1,0,0
LAP-11013,Haryana,HAR-4,Industrial Corridor,Mixed,27.5,21,3,194,Not Started,6,Full Possession,1,0,0,100,6.0,38.7,4,1,76.5,1,0,0
LAP-11014,Tamil Nadu,TAM-3,Highway,Tribal,24.9,98,6,554,Partially Disbursed,68,Partial Possession,2,1,0,100,6.9,26.6,3,8,70.9,0,1,74
LAP-11015,Madhya Pradesh,MAD-2,Urban Development,Private Agricultural,97.1,29,3,187,Partially Disbursed,82,Survey Complete,0,0,1,55,4.1,55.9,1,4,87.7,0,0,0
LAP-11016,Karnataka,KAR-2,Urban Development,Private Agricultural,12.1,6,4,683,Partially Disbursed,12,Not Started,1,1,0,100,6.3,36.1,3,7,45.7,0,0,0
LAP-11017,Haryana,HAR-1,Renewable Energy,Government,52.4,44,4,767,Fully Disbursed,89,Award Declared,1,1,1,44,7.1,57.0,4,2,12.4,1,0,0
LAP-11018,Chhattisgarh,CHH-5,Railway,Private Agricultural,21.6,19,4,379,Partially Disbursed,36,Award Declared,0,0,1,36,7.2,79.5,3,4,45.1,1,0,0
LAP-11019,Tamil Nadu,TAM-6,Irrigation,Private Agricultural,19.5,94,2,577,Not Started,9,Not Started,0,0,1,33,3.4,78.2,0,2,18.9,1,1,235
LAP-11020,Rajasthan,RAJ-1,Urban Development,Private Agricultural,43.3,12,4,1125,Partially Disbursed,25,Partial Possession,1,1,0,100,4.3,61.8,2,0,59.2,0,0,0
LAP-11021,Uttar Pradesh,UTT-1,Irrigation,Forest,9.9,68,4,297,Not Started,7,Partial Possession,1,0,0,100,5.5,60.6,2,7,42.8,0,0,0
LAP-11022,Madhya Pradesh,MAD-2,Irrigation,Forest,33.9,189,6,38,Fully Disbursed,87,Partial Possession,0,0,0,100,5.9,40.5,1,0,72.1,0,0,0
LAP-11023,Karnataka,KAR-2,Highway,Private Agricultural,56.2,57,5,44,Fully Disbursed,88,Award Declared,0,0,0,100,5.8,61.0,4,7,74.6,0,0,0
LAP-11024,Madhya Pradesh,MAD-4,Irrigation,Private Agricultural,2.7,17,4,466,Not Started,3,Partial Possession,1,1,1,22,8.4,52.8,2,4,63.0,0,0,0
LAP-11025,Madhya Pradesh,MAD-3,Highway,Private Agricultural,15.1,87,1,525,Partially Disbursed,72,Award Declared,0,0,0,100,6.7,15.2,3,2,84.2,0,0,0
LAP-11026,Punjab,PUN-4,Airport,Tribal,26.9,45,5,736,Partially Disbursed,68,Not Started,0,0,0,100,8.3,65.5,1,4,54.7,1,0,0
LAP-11027,West Bengal,WES-3,Irrigation,Government,25.7,63,1,826,Partially Disbursed,52,Partial Possession,1,1,0,100,3.5,43.5,0,0,54.5,0,0,0
LAP-11028,Gujarat,GUJ-5,Power Transmission,Forest,23.5,92,4,850,Not Started,0,Award Declared,3,1,0,100,9.5,59.2,2,5,5.1,1,0,0
LAP-11029,Rajasthan,RAJ-3,Urban Development,Government,202.9,820,6,633,Partially Disbursed,50,Award Declared,1,1,0,100,6.2,82.0,4,1,64.8,1,0,0
LAP-11030,Rajasthan,RAJ-3,Urban Development,Tribal,30.6,19,2,788,Not Started,0,Award Declared,3,0,0,100,4.9,94.8,0,1,63.6,1,0,0
LAP-11031,Maharashtra,MAH-3,Urban Development,Mixed,54.0,60,4,1487,Fully Disbursed,97,Not Started,1,1,0,100,4.2,52.2,2,0,88.3,0,0,0
LAP-11032,Haryana,HAR-2,Highway,Forest,16.8,129,6,938,Fully Disbursed,93,Full Possession,0,0,0,100,4.5,65.1,3,7,63.6,0,1,281
LAP-11033,Odisha,ODI-3,Industrial Corridor,Mixed,1.3,75,6,224,Fully Disbursed,85,Award Declared,0,0,1,94,7.1,62.2,0,6,43.4,1,1,97
LAP-11034,Punjab,PUN-1,Irrigation,Government,46.9,32,5,728,Partially Disbursed,26,Partial Possession,0,0,1,36,6.5,100.0,0,8,95.9,0,1,100
LAP-11035,Chhattisgarh,CHH-5,Highway,Private Agricultural,3.7,153,6,313,Not Started,0,Partial Possession,2,0,0,100,5.2,57.8,4,5,47.7,0,0,0
LAP-11036,Chhattisgarh,CHH-4,Irrigation,Mixed,45.6,142,2,1425,Partially Disbursed,61,Not Started,1,1,0,100,4.6,65.5,1,1,29.6,0,0,0
LAP-11037,West Bengal,WES-6,Power Transmission,Mixed,4.9,42,5,1017,Partially Disbursed,11,Partial Possession,2,1,1,15,4.7,28.8,1,4,65.0,0,1,319
LAP-11038,Tamil Nadu,TAM-4,Urban Development,Government,8.3,254,5,1212,Not Started,5,Survey Complete,0,0,0,100,9.1,37.8,2,3,36.7,1,0,0
LAP-11039,Odisha,ODI-5,Urban Development,Private Agricultural,5.7,47,5,374,Partially Disbursed,48,Full Possession,0,0,0,100,5.5,52.4,5,7,72.7,0,0,0
LAP-11040,Madhya Pradesh,MAD-5,Airport,Private Agricultural,54.2,182,3,1384,Fully Disbursed,92,Award Declared,0,0,0,100,7.9,54.5,3,2,55.0,0,0,0
LAP-11041,Haryana,HAR-2,Industrial Corridor,Private Agricultural,4.1,203,1,1029,Not Started,4,Full Possession,0,0,1,78,4.1,66.9,2,5,33.7,1,0,0
LAP-11042,Maharashtra,MAH-3,Airport,Forest,15.4,174,4,1082,Not Started,6,Partial Possession,0,0,0,100,3.5,75.3,0,2,41.2,1,0,0
LAP-11043,Odisha,ODI-4,Urban Development,Forest,25.9,1,1,1026,Not Started,0,Award Declared,0,0,0,100,5.3,37.3,4,0,10.5,0,0,0
LAP-11044,Rajasthan,RAJ-4,Renewable Energy,Private Agricultural,41.1,36,2,1287,Fully Disbursed,86,Survey Complete,1,1,0,100,5.2,85.6,1,0,17.2,1,0,0
LAP-11045,Madhya Pradesh,MAD-1,Urban Development,Private Agricultural,5.0,21,3,857,Fully Disbursed,91,Not Started,0,0,1,59,4.5,68.2,3,7,87.6,1,0,0
LAP-11046,Maharashtra,MAH-6,Power Transmission,Tribal,7.9,22,4,1283,Partially Disbursed,75,Survey Complete,0,0,1,80,4.7,79.0,0,2,75.2,0,0,0
LAP-11047,Punjab,PUN-1,Urban Development,Tribal,118.8,25,1,1253,Not Started,2,Partial Possession,0,0,0,100,9.9,50.4,3,0,69.3,0,0,0
LAP-11048,Punjab,PUN-6,Highway,Private Agricultural,18.9,66,2,1332,Fully Disbursed,85,Partial Possession,0,0,1,98,8.0,64.5,0,2,62.1,0,0,0
LAP-11049,West Bengal,WES-5,Power Transmission,Private Agricultural,4.6,101,2,893,Fully Disbursed,99,Survey Complete,1,1,1,55,6.1,90.0,2,1,68.4,0,0,0
LAP-11050,Odisha,ODI-4,Industrial Corridor,Forest,22.7,47,2,1117,Partially Disbursed,50,Partial Possession,1,0,1,70,5.9,66.9,1,5,28.2,0,1,96
LAP-11051,Chhattisgarh,CHH-2,Urban Development,Private Agricultural,76.8,47,4,1275,Partially Disbursed,21,Full Possession,1,0,1,38,4.9,50.6,1,3,39.4,0,0,0
LAP-11052,Bihar,BIH-6,Industrial Corridor,Private Agricultural,1.2,60,2,35,Not Started,3,Partial Possession,4,1,1,33,5.0,36.1,1,5,86.0,0,0,0
LAP-11053,Uttar Pradesh,UTT-4,Highway,Private Agricultural,6.9,118,6,356,Fully Disbursed,85,Not Started,0,0,1,80,4.6,92.2,3,8,41.4,1,1,46
LAP-11054,Jharkhand,JHA-4,Renewable Energy,Private Agricultural,66.1,69,1,1093,Fully Disbursed,94,Survey Complete,0,0,1,17,8.7,61.3,2,4,47.4,1,0,0
LAP-11055,Jharkhand,JHA-1,Irrigation,Mixed,79.9,762,3,579,Partially Disbursed,27,Survey Complete,2,1,0,100,5.5,83.9,1,5,33.8,0,0,0
LAP-11056,Punjab,PUN-6,Highway,Government,38.2,233,4,576,Fully Disbursed,90,Full Possession,0,0,0,100,6.9,91.6,0,7,88.6,0,0,0
LAP-11057,Chhattisgarh,CHH-2,Urban Development,Private Agricultural,7.7,97,2,1126,Not Started,3,Partial Possession,0,0,0,100,5.4,62.2,1,0,81.1,0,0,0
LAP-11058,Bihar,BIH-2,Industrial Corridor,Forest,77.6,13,1,148,Not Started,4,Not Started,2,1,1,59,8.4,20.9,1,5,74.2,0,0,0
LAP-11059,Haryana,HAR-1,Industrial Corridor,Tribal,34.6,67,5,406,Partially Disbursed,81,Not Started,2,1,0,100,4.9,61.6,2,2,23.2,1,0,0
LAP-11060,Odisha,ODI-6,Industrial Corridor,Forest,58.6,162,5,559,Fully Disbursed,89,Award Declared,2,1,0,100,10.0,58.0,3,7,52.8,0,0,0
LAP-11061,Karnataka,KAR-3,Highway,Private Agricultural,6.0,11,5,1473,Not Started,3,Not Started,0,0,1,99,6.4,39.6,4,1,43.1,0,0,0
LAP-11062,Rajasthan,RAJ-2,Highway,Tribal,53.4,21,1,944,Partially Disbursed,18,Partial Possession,3,0,1,20,10.0,71.1,1,5,69.8,0,1,57
LAP-11063,Haryana,HAR-4,Highway,Private Agricultural,26.1,37,6,526,Partially Disbursed,47,Full Possession,0,0,1,16,5.6,69.9,2,7,57.0,0,0,0
LAP-11064,Gujarat,GUJ-1,Highway,Tribal,8.9,138,2,263,Partially Disbursed,49,Not Started,1,1,1,41,6.5,55.9,2,5,85.2,0,1,253
LAP-11065,Maharashtra,MAH-1,Renewable Energy,Private Agricultural,156.5,7,4,620,Partially Disbursed,42,Award Declared,0,0,0,100,5.9,100.0,1,5,57.7,0,0,0
LAP-11066,Haryana,HAR-3,Urban Development,Tribal,51.4,102,3,1151,Fully Disbursed,90,Award Declared,1,1,1,85,6.7,41.4,1,5,49.2,0,1,35
LAP-11067,Karnataka,KAR-4,Urban Development,Private Agricultural,45.6,23,4,873,Fully Disbursed,88,Partial Possession,2,1,0,100,6.7,42.2,1,6,59.7,0,1,137
LAP-11068,Rajasthan,RAJ-2,Urban Development,Private Agricultural,3.1,12,2,76,Fully Disbursed,96,Full Possession,0,0,0,100,7.4,64.2,2,6,12.7,0,0,0
LAP-11069,Rajasthan,RAJ-1,Industrial Corridor,Government,41.0,363,3,643,Partially Disbursed,27,Survey Complete,2,1,0,100,6.6,61.1,0,0,62.3,0,0,0
LAP-11070,West Bengal,WES-3,Renewable Energy,Private Agricultural,27.1,99,4,1279,Partially Disbursed,56,Not Started,0,0,0,100,7.0,56.1,0,6,33.4,0,1,73
LAP-11071,Maharashtra,MAH-4,Railway,Private Agricultural,43.7,24,4,465,Not Started,4,Survey Complete,2,0,1,99,4.1,39.4,3,8,25.1,0,1,178
LAP-11072,West Bengal,WES-6,Renewable Energy,Mixed,3.8,101,5,878,Partially Disbursed,48,Award Declared,0,0,1,51,6.3,47.0,1,0,28.1,0,0,0
LAP-11073,Jharkhand,JHA-5,Power Transmission,Forest,2.9,110,4,1466,Not Started,0,Not Started,5,0,1,41,7.6,80.4,3,4,100.0,0,1,150
LAP-11074,Haryana,HAR-5,Highway,Private Agricultural,106.8,50,1,548,Partially Disbursed,75,Not Started,2,0,0,100,3.8,55.8,1,1,71.6,1,0,0
LAP-11075,Karnataka,KAR-3,Renewable Energy,Mixed,100.5,254,1,1093,Partially Disbursed,63,Partial Possession,0,0,0,100,6.8,68.6,4,7,46.1,0,0,0
LAP-11076,Jharkhand,JHA-6,Highway,Government,48.7,31,1,682,Partially Disbursed,64,Survey Complete,0,0,0,100,9.1,43.2,3,2,74.8,0,0,0
LAP-11077,Maharashtra,MAH-5,Urban Development,Mixed,29.9,51,3,362,Fully Disbursed,85,Not Started,0,0,1,12,3.9,70.1,1,4,82.2,0,1,49
LAP-11078,Madhya Pradesh,MAD-4,Airport,Forest,280.3,4,4,1016,Not Started,9,Award Declared,1,1,0,100,6.2,51.7,3,3,75.4,0,0,0
LAP-11079,West Bengal,WES-3,Power Transmission,Tribal,29.5,10,6,1099,Partially Disbursed,51,Partial Possession,1,1,1,42,5.6,57.5,2,7,43.7,1,0,0
LAP-11080,Rajasthan,RAJ-4,Power Transmission,Private Agricultural,38.8,162,5,939,Not Started,6,Award Declared,0,0,1,53,8.9,56.8,2,5,37.3,0,1,123
LAP-11081,Jharkhand,JHA-1,Industrial Corridor,Mixed,20.0,175,3,255,Fully Disbursed,88,Full Possession,1,0,0,100,2.6,63.6,2,2,76.7,1,0,0
LAP-11082,Maharashtra,MAH-3,Highway,Private Agricultural,14.1,37,2,280,Partially Disbursed,11,Award Declared,3,1,1,30,7.0,51.8,5,0,90.8,0,0,0
LAP-11083,Gujarat,GUJ-3,Airport,Government,80.7,107,3,182,Not Started,1,Full Possession,0,0,1,47,6.2,51.5,1,0,33.0,0,0,0
LAP-11084,Punjab,PUN-2,Railway,Private Agricultural,13.1,30,1,406,Partially Disbursed,50,Award Declared,1,0,1,32,8.0,29.1,3,2,52.1,1,1,110
LAP-11085,Karnataka,KAR-2,Urban Development,Private Agricultural,4.3,53,5,1010,Not Started,2,Survey Complete,1,1,1,40,5.2,60.4,1,2,56.9,1,0,0
LAP-11086,Madhya Pradesh,MAD-6,Airport,Forest,42.5,465,4,191,Partially Disbursed,78,Full Possession,1,0,0,100,3.8,44.0,0,0,70.3,0,0,0
LAP-11087,Madhya Pradesh,MAD-6,Highway,Tribal,30.9,7,2,623,Partially Disbursed,83,Award Declared,3,0,0,100,8.1,97.7,2,8,75.1,1,0,0
LAP-11088,Rajasthan,RAJ-1,Irrigation,Tribal,29.9,13,5,250,Fully Disbursed,92,Partial Possession,2,1,1,82,4.8,36.4,0,0,7.1,0,0,0
LAP-11089,West Bengal,WES-1,Irrigation,Tribal,44.9,27,4,839,Partially Disbursed,40,Not Started,1,0,1,62,4.6,75.3,5,7,84.6,0,0,0
LAP-11090,Maharashtra,MAH-2,Industrial Corridor,Mixed,15.1,233,6,498,Not Started,3,Award Declared,0,0,0,100,7.8,77.0,3,5,58.8,0,0,0
LAP-11091,Tamil Nadu,TAM-6,Urban Development,Tribal,392.5,145,4,150,Fully Disbursed,94,Full Possession,0,0,1,13,4.3,73.3,1,8,24.7,0,0,0
LAP-11092,Odisha,ODI-2,Highway,Tribal,39.4,175,4,1372,Partially Disbursed,60,Not Started,1,0,0,100,6.1,54.6,1,3,42.5,0,0,0
LAP-11093,Madhya Pradesh,MAD-5,Highway,Private Agricultural,16.9,42,1,1251,Fully Disbursed,88,Award Declared,0,0,1,92,4.6,74.2,1,5,83.3,1,0,0
LAP-11094,Punjab,PUN-1,Irrigation,Private Agricultural,62.2,91,5,1241,Not Started,0,Partial Possession,1,1,1,27,7.0,50.6,4,6,70.9,0,1,130
LAP-11095,Maharashtra,MAH-6,Renewable Energy,Government,9.9,30,6,903,Partially Disbursed,46,Survey Complete,0,0,0,100,6.6,61.4,2,3,55.7,0,1,54
LAP-11096,Haryana,HAR-2,Irrigation,Private Agricultural,30.2,67,5,1295,Partially Disbursed,38,Award Declared,2,1,1,26,5.2,31.7,3,6,44.3,0,1,73
LAP-11097,Telangana,TEL-4,Urban Development,Tribal,126.6,24,2,464,Not Started,2,Full Possession,0,0,1,97,5.7,41.7,1,8,43.1,1,1,38
LAP-11098,Tamil Nadu,TAM-1,Irrigation,Mixed,15.4,45,3,1347,Partially Disbursed,72,Not Started,0,0,0,100,7.2,50.9,1,5,48.9,0,1,508
LAP-11099,Karnataka,KAR-1,Irrigation,Government,7.0,105,2,829,Not Started,9,Partial Possession,2,0,1,63,5.0,29.7,3,4,53.3,1,0,0
LAP-11100,Rajasthan,RAJ-5,Industrial Corridor,Forest,33.1,66,1,143,Partially Disbursed,29,Survey Complete,1,0,0,100,4.6,70.8,1,7,75.5,0,1,62
LAP-11101,Jharkhand,JHA-6,Railway,Private Agricultural,9.6,206,2,533,Partially Disbursed,56,Not Started,1,1,1,30,6.8,86.6,3,5,73.8,0,1,140
LAP-11102,Rajasthan,RAJ-2,Power Transmission,Private Agricultural,6.7,10,6,267,Partially Disbursed,10,Full Possession,0,0,1,54,5.3,36.2,6,1,57.0,0,0,0
LAP-11103,Uttar Pradesh,UTT-4,Power Transmission,Private Agricultural,151.2,75,3,957,Partially Disbursed,75,Not Started,1,1,1,52,5.0,21.9,0,6,57.5,1,1,184
LAP-11104,Punjab,PUN-5,Railway,Tribal,8.3,281,5,975,Partially Disbursed,38,Award Declared,0,0,0,100,5.4,62.3,1,4,48.4,1,1,146
LAP-11105,West Bengal,WES-5,Urban Development,Private Agricultural,33.7,24,5,1212,Not Started,3,Not Started,0,0,0,100,7.0,30.4,1,7,2.2,0,0,0
LAP-11106,Haryana,HAR-2,Highway,Government,16.7,38,5,1205,Fully Disbursed,92,Award Declared,0,0,0,100,7.9,89.3,1,2,100.0,0,0,0
LAP-11107,Haryana,HAR-4,Industrial Corridor,Tribal,10.2,114,1,24,Partially Disbursed,63,Survey Complete,2,0,1,72,8.6,37.8,1,1,28.1,0,0,0
LAP-11108,Madhya Pradesh,MAD-4,Airport,Private Agricultural,113.2,17,4,29,Fully Disbursed,96,Survey Complete,1,1,0,100,9.7,60.7,3,4,80.5,0,0,0
LAP-11109,Bihar,BIH-3,Airport,Private Agricultural,5.9,123,6,1093,Not Started,0,Not Started,0,0,1,31,7.7,71.4,2,0,81.0,0,0,0
LAP-11110,Rajasthan,RAJ-1,Highway,Government,14.5,33,1,312,Not Started,1,Full Possession,0,0,1,38,5.4,58.4,3,2,64.4,0,0,0
LAP-11111,Karnataka,KAR-6,Urban Development,Mixed,15.8,40,1,1281,Partially Disbursed,37,Full Possession,2,0,0,100,9.9,35.2,1,5,81.3,1,1,18
LAP-11112,West Bengal,WES-3,Airport,Government,30.5,182,2,280,Fully Disbursed,100,Survey Complete,1,0,1,97,6.3,88.1,2,1,67.7,0,0,0
LAP-11113,Karnataka,KAR-6,Irrigation,Government,7.1,131,5,400,Fully Disbursed,100,Partial Possession,0,0,0,100,4.3,77.7,2,3,18.3,1,0,0
LAP-11114,Uttar Pradesh,UTT-2,Railway,Private Agricultural,84.5,33,6,84,Partially Disbursed,42,Full Possession,1,1,1,65,6.0,85.6,0,2,92.7,1,0,0
LAP-11115,Bihar,BIH-5,Railway,Tribal,19.2,11,2,782,Partially Disbursed,58,Award Declared,3,0,1,47,5.5,25.2,5,4,89.2,0,0,0
LAP-11116,Punjab,PUN-3,Highway,Private Agricultural,77.8,267,5,230,Not Started,8,Survey Complete,0,0,1,74,8.1,77.9,1,7,45.0,0,1,205
LAP-11117,West Bengal,WES-4,Industrial Corridor,Forest,26.4,38,6,558,Not Started,5,Award Declared,2,1,1,0,8.6,45.5,1,1,70.6,1,1,53
LAP-11118,Punjab,PUN-1,Industrial Corridor,Mixed,8.9,15,6,647,Partially Disbursed,64,Award Declared,2,1,0,100,6.5,45.8,1,0,83.2,0,0,0
LAP-11119,Uttar Pradesh,UTT-5,Irrigation,Tribal,54.7,257,3,476,Partially Disbursed,50,Survey Complete,1,1,1,16,6.8,57.9,1,4,33.7,0,1,325
LAP-11120,Gujarat,GUJ-5,Power Transmission,Government,138.0,158,6,954,Fully Disbursed,99,Award Declared,4,0,0,100,6.2,55.7,5,8,100.0,0,0,0
LAP-11121,Telangana,TEL-5,Urban Development,Private Agricultural,45.9,51,3,1406,Partially Disbursed,78,Not Started,1,1,0,100,6.5,55.1,3,4,50.5,0,0,0
LAP-11122,Rajasthan,RAJ-3,Airport,Mixed,68.3,88,4,912,Fully Disbursed,98,Partial Possession,1,1,1,19,5.3,65.0,4,1,36.4,1,0,0
LAP-11123,Uttar Pradesh,UTT-2,Renewable Energy,Government,23.2,118,2,1272,Partially Disbursed,40,Partial Possession,1,1,1,78,8.0,47.1,5,8,43.0,0,1,109
LAP-11124,Bihar,BIH-5,Railway,Private Agricultural,51.8,6,4,302,Fully Disbursed,91,Full Possession,2,0,1,78,7.4,63.8,4,7,50.9,0,0,0
LAP-11125,Haryana,HAR-6,Highway,Tribal,135.3,9,6,782,Partially Disbursed,35,Partial Possession,1,1,1,97,4.9,70.4,2,6,48.8,0,0,0
LAP-11126,Chhattisgarh,CHH-5,Industrial Corridor,Private Agricultural,14.9,919,2,759,Not Started,4,Survey Complete,1,0,1,42,6.1,94.3,1,2,25.2,0,0,0
LAP-11127,West Bengal,WES-3,Railway,Private Agricultural,41.1,162,6,1195,Not Started,2,Survey Complete,0,0,1,29,6.8,77.5,2,1,20.8,0,0,0
LAP-11128,Uttar Pradesh,UTT-3,Highway,Private Agricultural,34.3,169,5,867,Not Started,2,Award Declared,0,0,0,100,5.2,37.3,2,8,64.2,0,1,151
LAP-11129,Odisha,ODI-2,Urban Development,Government,55.4,9,6,1168,Not Started,5,Not Started,2,1,0,100,1.6,62.2,2,3,27.8,1,0,0
LAP-11130,Punjab,PUN-2,Railway,Tribal,6.5,284,3,451,Fully Disbursed,98,Award Declared,2,1,0,100,8.6,52.5,2,5,36.8,0,1,197
LAP-11131,Telangana,TEL-6,Power Transmission,Mixed,68.0,94,6,417,Not Started,5,Award Declared,0,0,0,100,8.7,71.6,5,3,53.6,0,0,0
LAP-11132,Maharashtra,MAH-6,Railway,Tribal,11.8,205,5,655,Partially Disbursed,84,Partial Possession,1,1,0,100,10.0,49.2,0,2,45.7,1,1,66
LAP-11133,Bihar,BIH-3,Urban Development,Mixed,35.9,42,3,1463,Partially Disbursed,24,Award Declared,1,1,0,100,5.9,64.1,2,7,63.3,1,0,0
LAP-11134,Madhya Pradesh,MAD-4,Irrigation,Mixed,44.1,145,1,1055,Not Started,6,Partial Possession,3,1,0,100,6.0,70.8,1,6,62.9,0,1,74
LAP-11135,Telangana,TEL-4,Irrigation,Private Agricultural,49.0,230,2,1371,Fully Disbursed,95,Full Possession,2,1,0,100,9.4,54.9,2,5,57.6,1,1,141
LAP-11136,Haryana,HAR-2,Highway,Private Agricultural,26.9,100,6,1091,Partially Disbursed,61,Award Declared,0,0,1,3,1.0,46.5,2,5,81.3,1,0,0
LAP-11137,Chhattisgarh,CHH-1,Railway,Private Agricultural,30.3,124,6,28,Partially Disbursed,49,Survey Complete,1,1,1,4,6.4,67.6,1,0,32.0,0,0,0
LAP-11138,Telangana,TEL-3,Renewable Energy,Forest,25.4,175,6,1399,Not Started,7,Partial Possession,0,0,1,63,4.4,67.5,2,3,61.4,0,0,0
LAP-11139,Odisha,ODI-5,Irrigation,Private Agricultural,110.8,37,3,1007,Partially Disbursed,68,Survey Complete,1,1,1,64,4.5,47.4,5,2,76.8,0,0,0
LAP-11140,Odisha,ODI-1,Industrial Corridor,Government,34.6,63,1,1129,Fully Disbursed,98,Not Started,0,0,0,100,5.6,81.4,2,3,43.9,0,0,0
LAP-11141,Odisha,ODI-1,Railway,Forest,42.1,51,2,1156,Not Started,8,Award Declared,1,1,1,84,10.0,51.4,0,8,100.0,0,0,0
LAP-11142,Jharkhand,JHA-2,Power Transmission,Private Agricultural,15.0,109,2,1057,Fully Disbursed,92,Award Declared,0,0,0,100,7.6,77.0,1,3,0.0,0,0,0
LAP-11143,Chhattisgarh,CHH-1,Highway,Forest,12.0,193,1,150,Partially Disbursed,36,Survey Complete,0,0,0,100,5.9,88.1,2,0,32.8,1,1,79
LAP-11144,Tamil Nadu,TAM-5,Industrial Corridor,Tribal,53.5,242,5,760,Partially Disbursed,55,Partial Possession,1,1,1,60,3.6,63.7,3,4,83.9,0,1,191
LAP-11145,West Bengal,WES-1,Irrigation,Tribal,44.8,115,5,1168,Fully Disbursed,96,Award Declared,2,0,0,100,1.6,71.2,3,3,63.2,1,1,13
LAP-11146,West Bengal,WES-5,Industrial Corridor,Private Agricultural,57.4,101,2,1118,Not Started,9,Full Possession,1,0,0,100,3.4,66.9,3,7,99.1,0,0,0
LAP-11147,West Bengal,WES-6,Irrigation,Private Agricultural,5.5,12,6,384,Partially Disbursed,81,Survey Complete,0,0,0,100,5.9,75.7,4,2,72.5,0,1,46
LAP-11148,Tamil Nadu,TAM-5,Renewable Energy,Tribal,29.4,171,5,1318,Not Started,1,Award Declared,0,0,1,82,7.7,89.2,4,3,76.4,0,0,0
LAP-11149,Punjab,PUN-5,Railway,Forest,16.3,61,1,1021,Partially Disbursed,33,Partial Possession,1,1,0,100,8.5,28.8,2,2,74.2,0,0,0
LAP-11150,Maharashtra,MAH-1,Highway,Tribal,22.0,14,4,833,Not Started,7,Partial Possession,1,0,0,100,9.6,39.5,3,1,100.0,1,0,0
LAP-11151,Gujarat,GUJ-6,Highway,Forest,84.3,33,6,780,Not Started,9,Not Started,2,0,0,100,9.0,61.6,4,5,39.9,0,0,0
LAP-11152,Haryana,HAR-5,Highway,Tribal,10.4,86,5,260,Not Started,1,Survey Complete,0,0,1,34,5.9,27.4,1,7,57.0,1,1,205
LAP-11153,Punjab,PUN-5,Irrigation,Private Agricultural,32.1,32,3,1354,Not Started,6,Award Declared,0,0,1,71,4.5,39.2,1,5,41.6,0,0,0
LAP-11154,Madhya Pradesh,MAD-3,Urban Development,Tribal,4.6,10,2,1441,Not Started,8,Award Declared,2,1,1,85,2.7,43.3,4,6,40.1,0,1,243
LAP-11155,Telangana,TEL-2,Highway,Private Agricultural,6.5,37,4,1496,Partially Disbursed,35,Award Declared,0,0,1,72,7.7,99.3,1,0,65.1,0,0,0
LAP-11156,Bihar,BIH-4,Urban Development,Government,9.2,73,1,855,Not Started,9,Award Declared,0,0,0,100,4.4,61.0,2,2,60.3,1,0,0
LAP-11157,Karnataka,KAR-6,Railway,Private Agricultural,3.7,94,1,471,Not Started,7,Survey Complete,0,0,0,100,4.4,74.3,1,2,49.2,0,0,0
LAP-11158,Madhya Pradesh,MAD-5,Irrigation,Private Agricultural,24.1,110,1,407,Partially Disbursed,56,Not Started,0,0,0,100,3.3,48.3,2,8,62.3,1,1,197
LAP-11159,Karnataka,KAR-3,Power Transmission,Mixed,82.8,364,6,398,Partially Disbursed,55,Partial Possession,1,0,0,100,5.9,74.5,3,5,46.8,0,0,0
LAP-11160,West Bengal,WES-2,Industrial Corridor,Government,115.3,9,4,584,Partially Disbursed,51,Full Possession,2,0,0,100,9.8,52.3,1,6,55.7,0,0,0
LAP-11161,Punjab,PUN-2,Urban Development,Private Agricultural,65.8,1,1,283,Fully Disbursed,98,Award Declared,2,1,0,100,1.6,42.0,4,3,24.3,0,1,225
LAP-11162,Haryana,HAR-2,Highway,Tribal,35.4,117,6,274,Not Started,9,Full Possession,2,1,1,43,8.9,32.8,2,6,27.5,0,1,242
LAP-11163,Haryana,HAR-6,Airport,Government,19.4,38,6,298,Not Started,6,Partial Possession,0,0,0,100,1.0,64.7,3,3,30.6,0,0,0
LAP-11164,Uttar Pradesh,UTT-2,Irrigation,Government,330.2,184,2,868,Not Started,8,Full Possession,0,0,1,9,7.6,74.8,3,0,92.1,0,0,0
LAP-11165,Punjab,PUN-1,Urban Development,Private Agricultural,24.4,3,4,414,Partially Disbursed,63,Not Started,0,0,0,100,5.4,77.0,1,0,100.0,1,0,0
LAP-11166,Gujarat,GUJ-6,Power Transmission,Forest,32.0,60,3,62,Fully Disbursed,96,Partial Possession,0,0,0,100,4.4,100.0,2,3,86.9,0,0,0
LAP-11167,Odisha,ODI-4,Highway,Government,43.1,359,3,1277,Partially Disbursed,53,Award Declared,0,0,0,100,6.5,50.9,2,3,40.8,0,0,0
LAP-11168,Odisha,ODI-2,Highway,Private Agricultural,2.6,814,3,458,Fully Disbursed,85,Full Possession,1,0,1,49,7.7,69.0,2,5,71.7,1,0,0
LAP-11169,Rajasthan,RAJ-1,Power Transmission,Private Agricultural,8.0,18,1,910,Not Started,6,Partial Possession,0,0,1,54,9.2,76.9,2,2,73.0,0,1,28
LAP-11170,Rajasthan,RAJ-3,Railway,Private Agricultural,58.9,39,5,82,Partially Disbursed,65,Partial Possession,2,1,1,95,5.7,72.2,2,8,100.0,0,0,0
LAP-11171,Rajasthan,RAJ-6,Railway,Private Agricultural,20.1,30,5,1432,Not Started,3,Survey Complete,1,1,1,60,3.0,64.8,1,0,73.7,0,0,0
LAP-11172,Maharashtra,MAH-2,Highway,Private Agricultural,26.7,20,1,1474,Not Started,7,Partial Possession,0,0,0,100,10.0,73.3,1,1,4.9,0,0,0
LAP-11173,West Bengal,WES-5,Industrial Corridor,Mixed,1.1,133,1,1287,Fully Disbursed,98,Partial Possession,1,0,0,100,7.9,62.1,3,3,74.0,0,0,0
LAP-11174,Gujarat,GUJ-6,Power Transmission,Private Agricultural,10.4,130,2,1155,Fully Disbursed,94,Survey Complete,0,0,0,100,9.7,69.4,1,6,44.7,0,1,76
LAP-11175,Haryana,HAR-5,Railway,Tribal,45.2,6,3,1343,Partially Disbursed,67,Full Possession,0,0,0,100,3.0,44.0,1,7,84.9,0,0,0
LAP-11176,Jharkhand,JHA-6,Railway,Government,108.0,47,3,935,Fully Disbursed,100,Survey Complete,2,0,0,100,1.1,63.5,3,3,40.7,0,0,0
LAP-11177,Maharashtra,MAH-1,Highway,Tribal,132.1,9,5,1151,Fully Disbursed,97,Award Declared,3,1,1,29,2.6,25.6,1,7,74.8,0,1,101
LAP-11178,Bihar,BIH-5,Highway,Private Agricultural,6.3,11,4,1215,Not Started,0,Partial Possession,1,1,1,90,7.4,38.6,1,5,48.7,0,0,0
LAP-11179,Madhya Pradesh,MAD-5,Railway,Tribal,9.2,10,1,835,Partially Disbursed,79,Partial Possession,1,1,1,64,8.4,65.1,1,8,56.4,0,0,0
LAP-11180,West Bengal,WES-5,Railway,Forest,4.4,18,3,833,Partially Disbursed,63,Partial Possession,2,1,0,100,8.5,50.0,1,4,54.0,0,0,0
LAP-11181,Uttar Pradesh,UTT-6,Power Transmission,Mixed,53.6,78,3,456,Not Started,1,Partial Possession,2,1,0,100,8.2,40.9,0,8,39.6,0,0,0
LAP-11182,Jharkhand,JHA-3,Power Transmission,Forest,1.0,32,2,1249,Not Started,8,Not Started,2,1,1,54,7.0,61.1,2,6,77.3,0,0,0
LAP-11183,Madhya Pradesh,MAD-1,Highway,Forest,14.3,393,3,809,Partially Disbursed,72,Full Possession,1,0,0,100,5.3,53.5,3,0,44.8,0,0,0
LAP-11184,Bihar,BIH-5,Urban Development,Forest,40.5,16,5,559,Not Started,6,Award Declared,2,1,0,100,4.8,56.8,1,5,91.1,0,0,0
LAP-11185,Tamil Nadu,TAM-5,Highway,Government,32.3,123,6,68,Fully Disbursed,99,Award Declared,0,0,1,24,10.0,50.4,1,2,32.2,1,0,0
LAP-11186,Bihar,BIH-2,Irrigation,Private Agricultural,125.6,168,3,510,Not Started,0,Full Possession,1,1,1,3,6.1,78.2,3,5,3.0,1,0,0
LAP-11187,Madhya Pradesh,MAD-6,Irrigation,Private Agricultural,6.3,351,2,1144,Not Started,1,Not Started,2,0,0,100,3.8,74.7,2,8,42.9,0,0,0
LAP-11188,Tamil Nadu,TAM-4,Urban Development,Tribal,118.0,42,4,95,Not Started,7,Partial Possession,1,1,1,34,8.1,59.8,5,2,73.6,0,0,0
LAP-11189,Rajasthan,RAJ-5,Irrigation,Mixed,106.9,124,1,104,Not Started,7,Award Declared,0,0,1,82,3.2,60.5,1,7,100.0,0,0,0
LAP-11190,Tamil Nadu,TAM-5,Highway,Private Agricultural,4.6,155,6,1432,Partially Disbursed,24,Full Possession,1,1,0,100,4.9,68.5,2,6,70.4,0,1,55
LAP-11191,Uttar Pradesh,UTT-2,Highway,Government,52.9,32,5,164,Fully Disbursed,99,Survey Complete,4,1,1,44,5.5,54.0,0,4,26.6,0,0,0
LAP-11192,West Bengal,WES-5,Industrial Corridor,Mixed,21.8,33,1,715,Partially Disbursed,29,Partial Possession,0,0,0,100,3.3,24.0,3,7,71.7,0,1,97
LAP-11193,Maharashtra,MAH-3,Railway,Government,68.3,13,2,595,Not Started,3,Not Started,0,0,0,100,2.6,72.4,2,2,100.0,1,0,0
LAP-11194,Haryana,HAR-3,Railway,Forest,2.8,69,4,1142,Not Started,2,Survey Complete,1,0,1,83,4.8,55.7,0,7,49.5,0,1,139
LAP-11195,Uttar Pradesh,UTT-5,Power Transmission,Private Agricultural,44.3,14,3,271,Fully Disbursed,91,Not Started,0,0,1,95,6.6,39.3,0,8,14.0,0,1,109
LAP-11196,Jharkhand,JHA-5,Irrigation,Private Agricultural,13.4,13,3,996,Not Started,7,Not Started,0,0,0,100,6.8,92.2,1,5,34.2,0,0,0
LAP-11197,Odisha,ODI-5,Railway,Tribal,34.9,58,3,1489,Fully Disbursed,95,Not Started,1,1,1,50,6.6,81.1,3,7,29.3,0,0,0
LAP-11198,Gujarat,GUJ-3,Irrigation,Tribal,7.0,55,3,115,Partially Disbursed,75,Award Declared,1,1,1,79,7.9,79.0,5,4,72.9,1,0,0
LAP-11199,Madhya Pradesh,MAD-4,Irrigation,Forest,14.6,33,3,1359,Not Started,2,Not Started,0,0,0,100,5.0,32.0,1,7,78.5,1,1,262
LAP-11200,Bihar,BIH-4,Highway,Private Agricultural,38.5,291,2,963,Partially Disbursed,32,Partial Possession,0,0,0,100,4.0,37.6,2,6,0.0,1,1,165
LAP-11201,Odisha,ODI-4,Power Transmission,Private Agricultural,34.9,81,1,826,Partially Disbursed,73,Award Declared,1,1,1,16,9.2,70.5,4,2,68.1,0,0,0
LAP-11202,Haryana,HAR-6,Highway,Government,13.4,26,6,502,Partially Disbursed,13,Not Started,1,1,0,100,6.5,53.7,1,2,40.7,0,0,0
LAP-11203,Bihar,BIH-4,Urban Development,Private Agricultural,16.3,22,3,788,Partially Disbursed,11,Not Started,0,0,1,60,4.5,27.8,2,3,55.8,1,1,136
LAP-11204,Odisha,ODI-6,Railway,Private Agricultural,55.0,78,5,1327,Partially Disbursed,62,Award Declared,0,0,0,100,7.8,68.5,2,7,42.0,1,0,0
LAP-11205,Haryana,HAR-4,Airport,Forest,18.2,36,5,887,Not Started,5,Not Started,3,0,0,100,3.2,43.3,3,6,62.5,0,1,109
LAP-11206,Karnataka,KAR-6,Renewable Energy,Forest,16.9,8,2,846,Partially Disbursed,14,Not Started,3,1,0,100,7.9,48.0,3,6,23.7,0,0,0
LAP-11207,Karnataka,KAR-1,Industrial Corridor,Mixed,8.0,8,2,701,Partially Disbursed,41,Full Possession,0,0,0,100,6.9,67.3,2,7,48.9,1,0,0
LAP-11208,West Bengal,WES-2,Renewable Energy,Private Agricultural,44.5,9,5,745,Not Started,9,Survey Complete,0,0,1,63,4.7,63.8,0,3,68.2,0,0,0
LAP-11209,Rajasthan,RAJ-5,Power Transmission,Private Agricultural,57.6,290,3,508,Fully Disbursed,94,Not Started,0,0,1,19,8.5,63.7,3,2,45.4,1,0,0
LAP-11210,Bihar,BIH-5,Highway,Forest,27.7,59,6,1098,Partially Disbursed,14,Survey Complete,2,1,1,56,6.2,66.8,5,1,36.8,1,1,128
LAP-11211,Chhattisgarh,CHH-6,Railway,Private Agricultural,24.8,64,4,1482,Partially Disbursed,47,Award Declared,0,0,0,100,3.6,55.2,0,1,36.6,0,0,0
LAP-11212,Maharashtra,MAH-4,Industrial Corridor,Forest,3.9,18,5,1464,Fully Disbursed,96,Not Started,1,1,0,100,4.0,92.4,2,2,43.0,0,1,211
LAP-11213,Gujarat,GUJ-3,Irrigation,Tribal,71.2,8,1,603,Partially Disbursed,17,Award Declared,2,1,0,100,3.8,74.8,2,3,57.7,0,1,137
LAP-11214,Tamil Nadu,TAM-5,Irrigation,Private Agricultural,19.3,15,3,210,Not Started,5,Partial Possession,1,1,0,100,4.9,97.9,1,8,95.3,1,0,0
LAP-11215,Chhattisgarh,CHH-1,Power Transmission,Private Agricultural,13.1,21,2,711,Not Started,5,Full Possession,0,0,0,100,3.9,82.0,3,5,70.4,1,0,0
LAP-11216,Jharkhand,JHA-1,Renewable Energy,Mixed,40.6,32,2,159,Partially Disbursed,11,Survey Complete,2,1,0,100,5.5,61.4,6,7,26.5,0,1,73
LAP-11217,Telangana,TEL-6,Irrigation,Tribal,15.4,39,3,1196,Not Started,9,Survey Complete,2,1,0,100,3.8,60.4,1,1,75.4,0,1,6
LAP-11218,Telangana,TEL-4,Renewable Energy,Private Agricultural,24.1,25,3,89,Partially Disbursed,38,Survey Complete,2,1,0,100,6.2,56.4,3,6,61.3,0,1,16
LAP-11219,Madhya Pradesh,MAD-6,Highway,Government,29.3,18,6,1267,Partially Disbursed,62,Award Declared,0,0,0,100,5.8,59.3,3,6,52.1,1,0,0
LAP-11220,West Bengal,WES-4,Power Transmission,Private Agricultural,17.4,14,1,664,Partially Disbursed,29,Award Declared,2,1,0,100,8.6,27.0,3,8,49.5,1,1,180
LAP-11221,Maharashtra,MAH-2,Railway,Government,33.2,61,3,589,Partially Disbursed,66,Partial Possession,0,0,0,100,2.9,75.2,2,4,74.7,0,0,0
LAP-11222,Haryana,HAR-1,Industrial Corridor,Private Agricultural,4.0,11,2,92,Not Started,3,Full Possession,0,0,0,100,7.6,60.7,1,8,56.3,1,0,0
LAP-11223,Bihar,BIH-5,Railway,Forest,16.7,221,4,1380,Partially Disbursed,39,Full Possession,4,1,0,100,4.4,69.7,0,3,78.1,0,1,395
LAP-11224,Jharkhand,JHA-6,Highway,Private Agricultural,4.2,91,4,661,Fully Disbursed,98,Award Declared,0,0,0,100,6.2,78.0,1,1,23.2,0,0,0
LAP-11225,Gujarat,GUJ-2,Irrigation,Mixed,20.6,380,4,151,Partially Disbursed,41,Not Started,1,0,0,100,6.1,62.8,4,3,34.5,0,0,0
LAP-11226,Telangana,TEL-2,Highway,Forest,29.1,52,3,1075,Not Started,5,Partial Possession,1,1,0,100,5.1,57.9,3,8,10.8,0,1,213
LAP-11227,Punjab,PUN-4,Highway,Private Agricultural,14.3,31,2,1174,Fully Disbursed,93,Not Started,0,0,1,87,2.8,76.0,3,1,61.6,0,0,0
LAP-11228,Bihar,BIH-6,Industrial Corridor,Private Agricultural,11.4,25,1,1004,Partially Disbursed,12,Survey Complete,1,1,1,5,8.2,69.5,2,5,56.7,1,0,0
LAP-11229,Madhya Pradesh,MAD-6,Industrial Corridor,Private Agricultural,28.0,112,1,608,Partially Disbursed,52,Survey Complete,2,0,0,100,6.4,70.9,3,3,33.4,0,0,0
LAP-11230,Rajasthan,RAJ-2,Industrial Corridor,Government,9.1,9,4,985,Fully Disbursed,92,Survey Complete,0,0,0,100,8.2,12.1,4,2,67.1,0,0,0
LAP-11231,Bihar,BIH-3,Industrial Corridor,Tribal,3.0,110,4,38,Partially Disbursed,81,Partial Possession,1,1,0,100,8.1,56.6,1,5,58.2,0,0,0
LAP-11232,Gujarat,GUJ-1,Irrigation,Tribal,47.7,587,3,1351,Fully Disbursed,87,Not Started,3,1,1,23,7.4,88.4,2,8,52.2,1,1,116
LAP-11233,Punjab,PUN-1,Highway,Private Agricultural,27.4,30,1,116,Not Started,3,Survey Complete,2,0,0,100,5.7,97.4,2,4,53.9,1,0,0
LAP-11234,Haryana,HAR-3,Highway,Tribal,37.0,16,1,1036,Not Started,0,Full Possession,0,0,1,97,7.3,57.6,1,1,75.0,0,0,0
LAP-11235,Odisha,ODI-3,Industrial Corridor,Mixed,89.3,12,4,985,Not Started,4,Full Possession,0,0,0,100,6.6,58.0,2,5,60.7,1,0,0
LAP-11236,Jharkhand,JHA-5,Irrigation,Private Agricultural,172.6,40,2,27,Not Started,8,Award Declared,0,0,0,100,5.4,51.2,2,0,81.8,0,0,0
LAP-11237,Gujarat,GUJ-5,Urban Development,Private Agricultural,39.8,352,4,1248,Fully Disbursed,96,Not Started,0,0,1,13,6.3,68.7,5,4,86.7,1,0,0
LAP-11238,Haryana,HAR-4,Power Transmission,Government,134.7,198,2,180,Fully Disbursed,91,Award Declared,1,1,0,100,4.7,71.0,1,1,40.4,1,0,0
LAP-11239,Madhya Pradesh,MAD-2,Highway,Forest,1.8,260,2,1315,Partially Disbursed,40,Partial Possession,3,0,1,59,7.3,39.6,2,6,72.2,0,0,0
LAP-11240,Telangana,TEL-5,Highway,Tribal,13.8,335,6,455,Not Started,9,Award Declared,2,0,0,100,3.9,64.0,1,4,34.3,1,0,0
LAP-11241,Maharashtra,MAH-6,Highway,Tribal,20.9,7,3,461,Not Started,8,Survey Complete,1,1,1,30,3.9,100.0,1,5,70.6,0,1,87
LAP-11242,Tamil Nadu,TAM-4,Irrigation,Tribal,6.2,1205,2,1274,Fully Disbursed,90,Not Started,1,1,1,94,8.2,70.2,1,2,11.4,0,0,0
LAP-11243,Odisha,ODI-1,Urban Development,Private Agricultural,23.9,8,5,101,Fully Disbursed,86,Full Possession,0,0,0,100,5.2,72.2,1,3,41.4,1,0,0
LAP-11244,Uttar Pradesh,UTT-6,Highway,Government,38.8,30,4,650,Partially Disbursed,67,Full Possession,0,0,0,100,3.9,70.5,3,2,35.6,0,0,0
LAP-11245,Madhya Pradesh,MAD-1,Highway,Private Agricultural,9.5,10,2,287,Partially Disbursed,71,Not Started,0,0,1,13,5.4,48.7,1,1,67.8,0,0,0
LAP-11246,Tamil Nadu,TAM-2,Highway,Private Agricultural,15.7,35,5,1343,Not Started,3,Award Declared,2,0,1,90,3.5,80.4,0,5,0.0,0,0,0
LAP-11247,West Bengal,WES-3,Industrial Corridor,Forest,24.6,73,3,65,Partially Disbursed,58,Survey Complete,3,1,0,100,3.5,59.2,1,0,21.9,0,0,0
LAP-11248,West Bengal,WES-4,Power Transmission,Tribal,16.7,14,5,235,Not Started,1,Full Possession,4,1,1,70,5.0,58.4,3,7,27.5,1,1,249
LAP-11249,Gujarat,GUJ-1,Urban Development,Tribal,104.3,45,4,271,Partially Disbursed,77,Award Declared,4,1,1,31,2.8,51.1,1,4,30.6,0,0,0
LAP-11250,West Bengal,WES-5,Urban Development,Private Agricultural,108.2,60,5,936,Fully Disbursed,90,Not Started,3,1,1,65,6.4,69.6,2,5,21.2,0,1,204
LAP-11251,Tamil Nadu,TAM-2,Renewable Energy,Private Agricultural,174.5,37,6,1275,Fully Disbursed,88,Full Possession,0,0,1,47,8.9,70.7,3,4,11.9,1,0,0
LAP-11252,Bihar,BIH-1,Urban Development,Private Agricultural,44.4,64,4,966,Not Started,4,Survey Complete,0,0,1,57,9.1,48.4,2,2,56.9,0,0,0
LAP-11253,Tamil Nadu,TAM-6,Railway,Government,15.9,7,6,638,Fully Disbursed,99,Not Started,0,0,1,88,7.5,23.2,1,1,35.4,0,0,0
LAP-11254,Madhya Pradesh,MAD-6,Power Transmission,Forest,30.5,12,5,865,Partially Disbursed,13,Not Started,0,0,0,100,7.9,68.8,3,1,84.1,0,0,0
LAP-11255,Gujarat,GUJ-1,Industrial Corridor,Mixed,128.4,338,6,567,Partially Disbursed,74,Award Declared,4,1,1,41,4.7,60.2,3,5,24.6,0,1,315
LAP-11256,Chhattisgarh,CHH-2,Urban Development,Tribal,4.8,44,1,1026,Partially Disbursed,31,Award Declared,1,1,1,15,5.6,72.0,1,8,35.1,0,1,250
LAP-11257,Odisha,ODI-3,Highway,Private Agricultural,12.6,657,2,784,Not Started,3,Not Started,0,0,0,100,8.8,61.6,3,6,5.1,0,0,0
LAP-11258,Gujarat,GUJ-3,Irrigation,Government,23.1,14,3,734,Partially Disbursed,51,Partial Possession,1,0,1,29,5.7,100.0,2,8,60.8,0,0,0
LAP-11259,Jharkhand,JHA-5,Urban Development,Tribal,196.0,23,2,1418,Partially Disbursed,59,Partial Possession,2,1,0,100,6.6,71.2,1,7,24.1,0,1,216
LAP-11260,Tamil Nadu,TAM-5,Highway,Private Agricultural,29.7,59,6,62,Partially Disbursed,16,Award Declared,0,0,0,100,5.9,41.3,4,7,64.3,0,0,0
LAP-11261,Madhya Pradesh,MAD-5,Industrial Corridor,Forest,48.5,51,2,619,Not Started,6,Full Possession,0,0,0,100,6.7,56.9,0,6,5.3,0,0,0
LAP-11262,Punjab,PUN-2,Irrigation,Mixed,31.4,41,1,1404,Not Started,6,Partial Possession,1,0,0,100,4.7,38.0,0,4,35.2,0,1,139
LAP-11263,Karnataka,KAR-2,Industrial Corridor,Private Agricultural,22.8,610,5,1472,Not Started,2,Not Started,1,1,0,100,9.0,67.4,1,5,68.5,0,1,90
LAP-11264,Uttar Pradesh,UTT-3,Highway,Forest,9.0,19,5,146,Fully Disbursed,93,Partial Possession,0,0,0,100,6.2,76.2,4,6,21.5,0,0,0
LAP-11265,Karnataka,KAR-2,Industrial Corridor,Forest,52.3,76,5,337,Partially Disbursed,28,Partial Possession,2,1,0,100,6.0,60.0,2,6,48.8,0,1,150
LAP-11266,West Bengal,WES-6,Urban Development,Tribal,11.6,36,4,355,Not Started,2,Partial Possession,2,1,0,100,3.1,41.4,2,3,80.5,1,1,108
LAP-11267,Jharkhand,JHA-6,Highway,Tribal,98.2,21,2,1090,Not Started,7,Partial Possession,3,1,0,100,10.0,62.3,2,6,68.6,0,0,0
LAP-11268,Uttar Pradesh,UTT-4,Highway,Forest,22.5,243,6,246,Not Started,5,Survey Complete,5,1,0,100,7.4,54.9,4,0,9.6,0,0,0
LAP-11269,Telangana,TEL-2,Highway,Forest,51.5,17,5,384,Not Started,1,Award Declared,0,0,0,100,7.0,70.3,5,3,53.9,0,0,0
LAP-11270,Uttar Pradesh,UTT-1,Renewable Energy,Tribal,102.2,14,1,796,Partially Disbursed,76,Not Started,0,0,0,100,8.5,48.1,2,2,57.7,0,0,0
LAP-11271,Telangana,TEL-1,Renewable Energy,Mixed,19.7,278,2,1057,Not Started,3,Not Started,0,0,1,25,6.1,71.1,2,1,63.8,0,0,0
LAP-11272,Odisha,ODI-2,Highway,Private Agricultural,18.7,33,1,1432,Partially Disbursed,24,Not Started,1,1,1,1,8.1,57.7,3,3,78.8,0,0,0
LAP-11273,Gujarat,GUJ-6,Highway,Private Agricultural,9.7,16,2,140,Not Started,5,Partial Possession,0,0,0,100,9.4,85.1,1,1,100.0,0,0,0
LAP-11274,Karnataka,KAR-4,Industrial Corridor,Forest,87.6,205,1,1467,Not Started,3,Partial Possession,3,0,0,100,4.9,13.3,0,6,100.0,0,1,138
LAP-11275,Maharashtra,MAH-2,Highway,Mixed,23.7,9,4,182,Fully Disbursed,100,Partial Possession,2,0,0,100,10.0,72.4,3,7,42.3,1,0,0
LAP-11276,Maharashtra,MAH-1,Irrigation,Private Agricultural,35.8,74,2,166,Partially Disbursed,77,Full Possession,1,1,1,8,6.9,41.6,1,5,56.5,1,0,0
LAP-11277,Bihar,BIH-1,Highway,Government,5.9,31,5,1129,Partially Disbursed,11,Partial Possession,1,1,0,100,6.1,44.2,2,0,91.1,0,0,0
LAP-11278,Chhattisgarh,CHH-5,Highway,Private Agricultural,65.4,106,3,520,Fully Disbursed,99,Full Possession,2,1,0,100,3.4,74.4,2,3,37.5,0,1,293
LAP-11279,Punjab,PUN-2,Power Transmission,Government,103.7,191,3,188,Fully Disbursed,94,Award Declared,1,1,1,34,5.8,66.0,4,6,75.7,1,1,181
LAP-11280,Jharkhand,JHA-4,Highway,Mixed,9.9,4,5,620,Not Started,3,Not Started,0,0,0,100,7.1,92.0,2,4,46.2,0,0,0
LAP-11281,Rajasthan,RAJ-5,Highway,Tribal,5.4,25,5,1402,Partially Disbursed,68,Survey Complete,3,1,0,100,7.3,36.9,3,4,86.7,0,0,0
LAP-11282,Uttar Pradesh,UTT-3,Highway,Private Agricultural,86.0,17,2,1191,Fully Disbursed,85,Partial Possession,0,0,0,100,5.4,39.7,2,6,60.3,0,0,0
LAP-11283,Bihar,BIH-6,Industrial Corridor,Private Agricultural,19.6,73,1,591,Fully Disbursed,94,Award Declared,1,1,0,100,4.2,58.2,1,1,41.5,0,0,0
LAP-11284,Tamil Nadu,TAM-5,Irrigation,Government,7.8,163,6,796,Not Started,4,Partial Possession,1,0,0,100,5.6,11.6,2,7,52.8,0,0,0
LAP-11285,Madhya Pradesh,MAD-6,Highway,Private Agricultural,13.3,2,2,795,Not Started,0,Award Declared,1,0,1,28,6.3,60.5,3,7,61.4,0,0,0
LAP-11286,West Bengal,WES-2,Highway,Private Agricultural,22.0,56,5,1152,Not Started,6,Not Started,0,0,0,100,3.5,63.2,1,3,61.2,1,0,0
LAP-11287,Maharashtra,MAH-6,Renewable Energy,Private Agricultural,93.8,45,3,325,Partially Disbursed,42,Full Possession,2,0,1,21,8.3,70.9,3,3,65.3,1,0,0
LAP-11288,West Bengal,WES-2,Industrial Corridor,Government,15.6,38,1,335,Fully Disbursed,85,Award Declared,2,1,0,100,6.2,61.6,1,0,60.2,0,0,0
LAP-11289,Uttar Pradesh,UTT-5,Power Transmission,Private Agricultural,8.4,217,3,1293,Fully Disbursed,85,Full Possession,1,1,1,93,9.3,56.1,0,6,100.0,1,1,80
LAP-11290,Chhattisgarh,CHH-6,Renewable Energy,Private Agricultural,164.0,642,2,965,Not Started,1,Partial Possession,0,0,0,100,7.1,40.2,2,6,51.7,1,0,0
LAP-11291,West Bengal,WES-3,Renewable Energy,Private Agricultural,9.0,17,6,395,Partially Disbursed,68,Survey Complete,1,1,1,24,7.9,41.2,3,2,42.9,1,0,0
LAP-11292,Punjab,PUN-6,Highway,Mixed,3.9,3,2,347,Not Started,3,Full Possession,0,0,0,100,4.1,63.0,3,4,66.1,0,0,0
LAP-11293,Jharkhand,JHA-5,Railway,Private Agricultural,5.0,24,1,826,Not Started,3,Survey Complete,0,0,0,100,7.0,57.3,1,5,34.5,1,0,0
LAP-11294,Haryana,HAR-6,Irrigation,Private Agricultural,7.6,379,6,1327,Fully Disbursed,91,Survey Complete,2,1,1,46,7.3,60.7,1,3,35.7,0,0,0
LAP-11295,Madhya Pradesh,MAD-3,Airport,Tribal,10.0,66,3,1226,Partially Disbursed,71,Award Declared,0,0,0,100,6.6,42.2,1,7,24.3,0,0,0
LAP-11296,Telangana,TEL-1,Power Transmission,Forest,7.6,173,6,288,Not Started,2,Full Possession,2,1,0,100,6.1,55.9,3,8,61.2,0,0,0
LAP-11297,West Bengal,WES-2,Irrigation,Private Agricultural,10.2,2,1,102,Partially Disbursed,80,Award Declared,0,0,0,100,8.0,53.9,3,3,34.5,0,0,0
LAP-11298,Odisha,ODI-5,Irrigation,Forest,21.6,61,2,1216,Fully Disbursed,87,Award Declared,1,0,0,100,4.8,30.8,0,8,46.3,0,0,0
LAP-11299,Karnataka,KAR-2,Highway,Tribal,10.3,34,6,632,Partially Disbursed,23,Partial Possession,1,1,0,100,7.7,65.9,1,4,100.0,0,1,371
LAP-11300,Chhattisgarh,CHH-5,Power Transmission,Government,1.4,54,3,396,Partially Disbursed,56,Full Possession,1,1,0,100,4.8,62.9,3,3,80.4,1,0,0
LAP-11301,Chhattisgarh,CHH-5,Renewable Energy,Private Agricultural,8.8,6,4,1218,Not Started,5,Partial Possession,1,1,1,86,10.0,58.1,2,5,88.0,1,0,0
LAP-11302,Chhattisgarh,CHH-2,Renewable Energy,Private Agricultural,191.5,86,4,1241,Fully Disbursed,93,Not Started,0,0,0,100,7.5,45.2,1,4,54.6,0,0,0
LAP-11303,Gujarat,GUJ-5,Highway,Private Agricultural,18.3,12,6,1465,Fully Disbursed,97,Award Declared,1,1,1,52,5.6,53.2,3,2,74.7,0,1,178
LAP-11304,Odisha,ODI-5,Renewable Energy,Private Agricultural,56.2,213,1,1236,Partially Disbursed,40,Survey Complete,0,0,1,94,8.8,46.6,0,3,43.0,1,0,0
LAP-11305,Jharkhand,JHA-5,Highway,Private Agricultural,63.0,271,3,1163,Not Started,7,Survey Complete,2,1,1,37,7.7,85.3,0,8,57.7,0,1,494
LAP-11306,Maharashtra,MAH-1,Highway,Forest,203.2,26,2,1082,Not Started,9,Survey Complete,1,0,0,100,3.9,50.2,2,3,97.0,0,1,152
LAP-11307,Madhya Pradesh,MAD-3,Power Transmission,Forest,105.5,91,6,891,Not Started,6,Award Declared,6,1,0,100,6.6,49.8,5,0,11.9,0,1,437
LAP-11308,Tamil Nadu,TAM-5,Urban Development,Private Agricultural,6.5,67,1,1279,Partially Disbursed,64,Partial Possession,2,1,1,26,6.2,58.1,2,7,16.7,1,1,220
LAP-11309,Uttar Pradesh,UTT-6,Irrigation,Private Agricultural,17.3,101,2,896,Partially Disbursed,63,Award Declared,0,0,0,100,5.9,93.0,2,0,78.0,0,0,0
LAP-11310,West Bengal,WES-3,Urban Development,Forest,28.6,72,1,560,Not Started,5,Not Started,0,0,0,100,4.5,68.0,0,7,56.8,0,0,0
LAP-11311,Madhya Pradesh,MAD-2,Highway,Tribal,15.3,521,1,425,Fully Disbursed,98,Partial Possession,3,1,1,42,5.2,99.1,3,7,100.0,0,0,0
LAP-11312,Chhattisgarh,CHH-6,Irrigation,Private Agricultural,4.3,59,6,1315,Not Started,6,Award Declared,0,0,0,100,10.0,74.6,4,2,60.7,1,0,0
LAP-11313,Rajasthan,RAJ-4,Highway,Government,13.1,15,3,570,Fully Disbursed,93,Partial Possession,3,1,0,100,5.1,53.4,1,2,51.6,0,0,0
LAP-11314,Bihar,BIH-6,Highway,Private Agricultural,109.4,47,2,1200,Fully Disbursed,93,Survey Complete,1,1,1,38,5.5,81.8,1,3,79.2,1,0,0
LAP-11315,Tamil Nadu,TAM-3,Urban Development,Private Agricultural,133.5,24,2,523,Not Started,5,Award Declared,1,0,0,100,5.3,44.6,7,1,28.7,1,1,77
LAP-11316,Tamil Nadu,TAM-4,Highway,Government,16.9,44,3,995,Not Started,7,Survey Complete,0,0,0,100,8.8,70.9,3,7,37.1,1,1,16
LAP-11317,Madhya Pradesh,MAD-1,Renewable Energy,Mixed,40.3,39,2,726,Fully Disbursed,98,Partial Possession,1,1,0,100,4.6,55.3,2,0,78.0,0,0,0
LAP-11318,Karnataka,KAR-2,Airport,Mixed,14.2,175,3,1472,Partially Disbursed,15,Award Declared,0,0,0,100,2.8,82.0,3,3,25.4,0,0,0
LAP-11319,West Bengal,WES-5,Industrial Corridor,Private Agricultural,15.0,292,5,1017,Fully Disbursed,93,Not Started,1,1,0,100,7.2,56.5,2,6,44.1,1,1,55
LAP-11320,Madhya Pradesh,MAD-6,Urban Development,Mixed,32.5,44,6,55,Partially Disbursed,54,Full Possession,0,0,0,100,8.7,6.9,2,0,20.2,1,0,0
LAP-11321,Jharkhand,JHA-5,Industrial Corridor,Private Agricultural,18.3,95,6,329,Partially Disbursed,11,Not Started,0,0,1,9,6.9,44.1,0,6,71.0,1,1,116
LAP-11322,Gujarat,GUJ-6,Irrigation,Private Agricultural,44.3,89,1,369,Partially Disbursed,44,Not Started,0,0,0,100,5.4,69.3,3,8,55.9,0,0,0
LAP-11323,Madhya Pradesh,MAD-2,Power Transmission,Private Agricultural,15.6,17,6,1102,Fully Disbursed,96,Partial Possession,0,0,1,91,4.3,88.3,3,5,65.4,0,0,0
LAP-11324,Karnataka,KAR-4,Renewable Energy,Private Agricultural,15.2,62,4,533,Not Started,8,Not Started,0,0,0,100,6.9,30.7,3,1,85.1,0,0,0
LAP-11325,Bihar,BIH-6,Industrial Corridor,Private Agricultural,24.3,99,4,397,Not Started,5,Full Possession,1,0,1,85,8.3,79.1,2,0,32.0,1,0,0
LAP-11326,Chhattisgarh,CHH-5,Industrial Corridor,Private Agricultural,32.4,83,6,797,Partially Disbursed,51,Partial Possession,1,1,0,100,1.1,68.3,1,4,29.0,0,1,195
LAP-11327,Gujarat,GUJ-3,Industrial Corridor,Government,17.8,18,3,254,Partially Disbursed,60,Partial Possession,1,0,0,100,3.8,52.4,3,2,68.2,0,0,0
LAP-11328,Telangana,TEL-5,Urban Development,Private Agricultural,27.2,3,3,300,Not Started,2,Survey Complete,0,0,1,15,6.4,77.9,0,8,85.1,0,0,0
LAP-11329,Telangana,TEL-3,Industrial Corridor,Government,49.6,110,5,510,Partially Disbursed,19,Partial Possession,0,0,0,100,6.0,100.0,4,5,30.8,0,0,0
LAP-11330,Gujarat,GUJ-1,Urban Development,Forest,13.5,27,5,523,Not Started,2,Partial Possession,2,0,0,100,7.4,38.7,3,1,32.7,1,0,0
LAP-11331,West Bengal,WES-1,Urban Development,Tribal,4.6,80,4,199,Partially Disbursed,23,Award Declared,1,1,0,100,8.1,65.0,2,3,42.4,1,0,0
LAP-11332,Gujarat,GUJ-5,Urban Development,Forest,36.9,110,1,903,Partially Disbursed,47,Partial Possession,0,0,0,100,6.9,33.3,2,4,37.7,1,0,0
LAP-11333,Odisha,ODI-3,Highway,Tribal,44.7,9,1,267,Partially Disbursed,18,Not Started,3,1,0,100,6.2,52.9,1,4,30.1,0,1,217
LAP-11334,Odisha,ODI-6,Highway,Private Agricultural,198.6,396,2,487,Partially Disbursed,78,Full Possession,0,0,1,54,4.5,72.5,1,7,47.2,0,0,0
LAP-11335,Gujarat,GUJ-3,Urban Development,Mixed,53.0,640,6,1013,Partially Disbursed,49,Not Started,1,1,0,100,6.7,40.0,2,1,68.0,0,1,212
LAP-11336,Chhattisgarh,CHH-2,Urban Development,Forest,51.2,4,6,1135,Fully Disbursed,97,Survey Complete,1,0,0,100,5.2,90.7,2,5,65.9,1,0,0
LAP-11337,Madhya Pradesh,MAD-1,Industrial Corridor,Government,18.2,45,6,94,Partially Disbursed,11,Award Declared,0,0,0,100,3.9,65.1,1,6,100.0,0,0,0
LAP-11338,Gujarat,GUJ-1,Power Transmission,Government,12.2,19,3,309,Partially Disbursed,77,Full Possession,1,1,0,100,7.5,55.1,2,1,26.8,0,0,0
LAP-11339,Maharashtra,MAH-2,Highway,Private Agricultural,38.6,5,1,1398,Fully Disbursed,87,Full Possession,1,0,0,100,3.5,49.8,0,2,76.8,0,0,0
LAP-11340,Tamil Nadu,TAM-5,Highway,Private Agricultural,33.0,25,6,517,Not Started,5,Award Declared,0,0,0,100,4.5,59.3,2,4,52.5,0,0,0
LAP-11341,Gujarat,GUJ-2,Railway,Private Agricultural,42.2,973,6,380,Not Started,1,Not Started,1,0,1,7,6.5,27.6,2,8,10.7,1,1,203
LAP-11342,Maharashtra,MAH-5,Irrigation,Private Agricultural,41.6,12,2,90,Partially Disbursed,22,Not Started,0,0,1,72,6.7,75.1,3,7,94.2,1,0,0
LAP-11343,Haryana,HAR-1,Industrial Corridor,Private Agricultural,4.0,49,3,654,Not Started,7,Full Possession,0,0,1,43,3.4,80.4,2,2,75.8,0,0,0
LAP-11344,Rajasthan,RAJ-1,Highway,Tribal,19.0,11,6,40,Fully Disbursed,86,Survey Complete,1,0,0,100,5.7,37.5,1,3,40.8,0,1,189
LAP-11345,West Bengal,WES-3,Power Transmission,Private Agricultural,47.2,159,1,536,Partially Disbursed,83,Partial Possession,1,0,1,87,7.6,33.4,1,1,43.1,1,0,0
LAP-11346,Punjab,PUN-1,Highway,Private Agricultural,6.7,45,2,432,Not Started,4,Survey Complete,0,0,0,100,9.1,80.8,0,3,88.6,0,1,71
LAP-11347,Karnataka,KAR-1,Industrial Corridor,Government,20.4,27,2,116,Not Started,0,Full Possession,0,0,0,100,5.9,45.7,2,7,57.1,0,0,0
LAP-11348,Chhattisgarh,CHH-4,Urban Development,Forest,6.2,24,3,536,Not Started,2,Not Started,2,1,0,100,4.1,82.1,4,7,85.5,0,1,340
LAP-11349,Odisha,ODI-2,Airport,Private Agricultural,38.4,106,2,25,Fully Disbursed,97,Award Declared,2,1,1,92,6.8,46.7,1,5,83.2,0,1,69
LAP-11350,Madhya Pradesh,MAD-4,Railway,Forest,7.5,51,1,736,Not Started,2,Award Declared,1,0,0,100,4.6,79.5,1,7,35.4,0,0,0
LAP-11351,Uttar Pradesh,UTT-1,Industrial Corridor,Private Agricultural,40.5,54,2,127,Not Started,1,Partial Possession,2,1,1,60,7.2,61.3,1,4,30.3,0,1,191
LAP-11352,Haryana,HAR-3,Airport,Tribal,291.8,19,5,398,Partially Disbursed,70,Not Started,0,0,1,84,2.6,34.3,2,6,90.5,1,0,0
LAP-11353,Karnataka,KAR-4,Urban Development,Government,54.6,160,5,31,Not Started,3,Full Possession,1,1,0,100,5.2,87.8,3,8,46.3,0,0,0
LAP-11354,West Bengal,WES-2,Irrigation,Private Agricultural,37.1,108,1,713,Fully Disbursed,86,Award Declared,1,1,1,32,6.3,37.3,1,5,49.8,0,0,0
LAP-11355,Maharashtra,MAH-4,Railway,Mixed,15.1,11,2,414,Not Started,6,Survey Complete,1,1,0,100,6.1,86.5,1,6,74.2,0,0,0
LAP-11356,Uttar Pradesh,UTT-6,Power Transmission,Tribal,106.4,312,5,194,Not Started,0,Award Declared,1,1,0,100,7.1,38.3,0,7,0.0,1,1,169
LAP-11357,Bihar,BIH-3,Urban Development,Private Agricultural,16.6,91,6,685,Partially Disbursed,13,Not Started,2,1,1,75,5.3,81.7,1,6,61.7,0,0,0
LAP-11358,Punjab,PUN-2,Highway,Private Agricultural,17.1,117,3,398,Fully Disbursed,97,Award Declared,0,0,1,69,7.4,79.8,2,2,19.3,0,0,0
LAP-11359,Tamil Nadu,TAM-1,Urban Development,Private Agricultural,12.6,184,6,526,Not Started,4,Not Started,1,1,0,100,8.5,40.9,4,8,31.3,1,1,85
LAP-11360,Madhya Pradesh,MAD-6,Urban Development,Private Agricultural,167.5,649,2,725,Fully Disbursed,86,Partial Possession,3,1,1,47,4.6,48.8,1,1,85.5,1,1,24
LAP-11361,Chhattisgarh,CHH-3,Industrial Corridor,Private Agricultural,16.0,10,3,686,Not Started,1,Survey Complete,1,0,0,100,9.4,59.0,1,5,41.6,0,0,0
LAP-11362,Haryana,HAR-1,Power Transmission,Tribal,28.9,49,5,787,Partially Disbursed,19,Partial Possession,2,1,1,94,6.1,60.0,1,2,68.3,0,0,0
LAP-11363,Bihar,BIH-1,Industrial Corridor,Forest,28.1,35,2,1467,Not Started,9,Survey Complete,5,1,0,100,2.9,61.0,4,0,25.9,1,1,136
LAP-11364,Bihar,BIH-1,Urban Development,Private Agricultural,75.8,50,4,1217,Partially Disbursed,28,Survey Complete,1,1,0,100,4.1,86.8,1,1,99.1,1,0,0
LAP-11365,Telangana,TEL-3,Irrigation,Government,24.7,48,2,571,Partially Disbursed,67,Survey Complete,0,0,0,100,8.0,49.9,2,7,66.9,0,0,0
LAP-11366,Odisha,ODI-4,Urban Development,Private Agricultural,19.6,76,4,581,Fully Disbursed,86,Partial Possession,0,0,1,52,7.1,75.5,2,6,57.1,0,0,0
LAP-11367,Haryana,HAR-2,Highway,Government,206.1,19,1,821,Not Started,6,Partial Possession,0,0,0,100,8.1,87.3,3,4,59.7,0,1,54
LAP-11368,West Bengal,WES-2,Irrigation,Private Agricultural,18.7,310,5,1095,Fully Disbursed,86,Not Started,0,0,1,3,6.2,46.4,2,3,59.4,1,1,129
LAP-11369,Punjab,PUN-6,Railway,Forest,56.6,58,2,928,Fully Disbursed,96,Partial Possession,0,0,0,100,4.5,57.7,0,5,35.6,0,0,0
LAP-11370,Jharkhand,JHA-3,Irrigation,Forest,135.3,281,4,1336,Fully Disbursed,92,Survey Complete,1,1,0,100,4.3,67.8,0,6,95.9,1,1,107
LAP-11371,Uttar Pradesh,UTT-2,Highway,Private Agricultural,17.1,17,4,288,Partially Disbursed,59,Full Possession,0,0,0,100,9.3,68.1,1,4,84.4,0,0,0
LAP-11372,West Bengal,WES-2,Irrigation,Private Agricultural,25.7,5,6,843,Not Started,1,Not Started,0,0,0,100,9.7,71.3,3,4,100.0,0,1,48
LAP-11373,Haryana,HAR-1,Power Transmission,Private Agricultural,9.8,35,2,412,Fully Disbursed,91,Partial Possession,0,0,0,100,3.5,43.5,2,5,57.6,0,0,0
LAP-11374,Bihar,BIH-2,Irrigation,Private Agricultural,4.0,64,6,744,Not Started,8,Survey Complete,0,0,1,11,6.1,65.8,1,0,69.0,1,0,0
LAP-11375,Odisha,ODI-1,Power Transmission,Private Agricultural,75.9,165,4,475,Not Started,3,Partial Possession,0,0,0,100,4.6,44.5,0,4,49.9,1,0,0
LAP-11376,Rajasthan,RAJ-6,Irrigation,Private Agricultural,5.6,106,1,1000,Partially Disbursed,41,Not Started,1,0,1,96,5.0,54.4,3,3,15.2,1,1,52
LAP-11377,Punjab,PUN-2,Urban Development,Private Agricultural,2.3,15,6,421,Fully Disbursed,86,Full Possession,0,0,0,100,6.8,59.8,1,1,58.1,1,0,0
LAP-11378,Uttar Pradesh,UTT-4,Irrigation,Forest,23.3,61,1,107,Partially Disbursed,34,Partial Possession,2,0,0,100,6.5,68.3,2,4,40.4,0,0,0
LAP-11379,Maharashtra,MAH-1,Renewable Energy,Tribal,26.6,34,5,61,Partially Disbursed,20,Partial Possession,1,1,0,100,3.0,35.0,1,6,74.7,0,1,282
LAP-11380,Haryana,HAR-6,Renewable Energy,Tribal,91.9,301,1,238,Fully Disbursed,94,Partial Possession,2,1,0,100,1.5,36.7,2,2,36.2,0,0,0
LAP-11381,Jharkhand,JHA-6,Airport,Private Agricultural,20.9,116,6,809,Not Started,0,Survey Complete,1,1,1,100,4.3,61.5,4,0,28.7,0,0,0
LAP-11382,Uttar Pradesh,UTT-1,Power Transmission,Government,18.7,41,6,292,Partially Disbursed,26,Full Possession,0,0,1,26,3.4,12.2,1,3,98.7,0,0,0
LAP-11383,Jharkhand,JHA-6,Highway,Forest,30.2,52,4,86,Fully Disbursed,87,Partial Possession,0,0,1,60,5.9,38.7,3,1,79.6,0,1,39
LAP-11384,Rajasthan,RAJ-4,Urban Development,Tribal,19.4,367,3,543,Partially Disbursed,26,Award Declared,1,1,0,100,3.8,73.3,3,8,70.9,1,1,35
LAP-11385,Maharashtra,MAH-3,Urban Development,Government,12.8,164,6,639,Not Started,4,Full Possession,2,0,0,100,6.4,49.4,0,1,55.8,0,0,0
LAP-11386,Chhattisgarh,CHH-6,Highway,Tribal,29.7,75,1,108,Fully Disbursed,99,Award Declared,1,1,1,98,5.5,79.7,0,3,59.3,0,0,0
LAP-11387,Haryana,HAR-6,Power Transmission,Private Agricultural,35.0,17,2,892,Partially Disbursed,60,Survey Complete,1,1,1,68,7.0,60.3,0,1,75.3,1,0,0
LAP-11388,Rajasthan,RAJ-2,Urban Development,Private Agricultural,28.3,67,6,1270,Partially Disbursed,61,Partial Possession,0,0,1,1,6.2,58.9,3,5,54.3,0,0,0
LAP-11389,Odisha,ODI-4,Highway,Private Agricultural,13.1,160,5,471,Partially Disbursed,61,Award Declared,1,0,0,100,5.9,35.9,1,0,19.2,1,1,19
LAP-11390,Telangana,TEL-3,Renewable Energy,Government,80.0,78,6,767,Partially Disbursed,34,Survey Complete,2,0,1,14,5.9,42.4,4,8,80.1,0,1,79
LAP-11391,Rajasthan,RAJ-3,Urban Development,Tribal,7.4,39,4,579,Not Started,0,Survey Complete,2,1,1,76,3.4,18.1,6,0,48.1,0,0,0
LAP-11392,Uttar Pradesh,UTT-6,Industrial Corridor,Tribal,24.9,305,3,774,Partially Disbursed,59,Partial Possession,0,0,0,100,6.6,40.2,3,5,17.0,0,0,0
LAP-11393,Karnataka,KAR-4,Urban Development,Private Agricultural,52.5,284,2,788,Partially Disbursed,24,Survey Complete,0,0,1,93,5.0,67.4,2,2,5.1,0,0,0
LAP-11394,Jharkhand,JHA-2,Industrial Corridor,Mixed,12.6,32,1,671,Fully Disbursed,95,Award Declared,2,0,0,100,6.8,42.1,1,4,53.6,0,0,0
LAP-11395,Jharkhand,JHA-4,Highway,Private Agricultural,31.2,67,6,1307,Not Started,7,Award Declared,1,1,0,100,10.0,49.2,3,7,96.9,1,1,109
LAP-11396,Telangana,TEL-5,Airport,Private Agricultural,8.9,341,3,623,Partially Disbursed,20,Award Declared,0,0,0,100,4.6,47.3,0,3,35.3,0,1,45
LAP-11397,West Bengal,WES-1,Railway,Forest,1.0,80,6,104,Partially Disbursed,27,Survey Complete,5,1,0,100,4.9,65.8,6,5,50.8,1,1,77
LAP-11398,Chhattisgarh,CHH-2,Power Transmission,Forest,88.9,31,6,700,Partially Disbursed,67,Full Possession,0,0,0,100,8.6,61.8,4,8,77.6,0,0,0
LAP-11399,Haryana,HAR-1,Urban Development,Private Agricultural,13.6,316,4,248,Not Started,8,Not Started,0,0,1,87,5.9,61.9,3,2,31.4,0,1,79
LAP-11400,Tamil Nadu,TAM-4,Railway,Private Agricultural,41.4,80,1,1441,Fully Disbursed,94,Partial Possession,0,0,1,27,6.2,34.5,2,1,65.6,1,1,6
LAP-11401,Maharashtra,MAH-3,Power Transmission,Private Agricultural,1.3,314,1,799,Fully Disbursed,94,Award Declared,0,0,0,100,5.3,67.1,3,2,59.2,0,0,0
LAP-11402,Odisha,ODI-5,Urban Development,Mixed,100.6,20,2,664,Fully Disbursed,100,Partial Possession,1,1,0,100,6.3,47.0,0,0,63.4,1,1,96
LAP-11403,Uttar Pradesh,UTT-4,Highway,Government,58.4,49,5,1091,Not Started,0,Not Started,1,0,0,100,6.3,31.0,0,4,29.7,1,1,109
LAP-11404,Madhya Pradesh,MAD-4,Power Transmission,Mixed,231.6,23,3,1312,Partially Disbursed,27,Not Started,1,1,0,100,1.6,33.5,3,5,79.4,0,1,51
LAP-11405,Bihar,BIH-5,Highway,Private Agricultural,11.7,22,6,440,Not Started,1,Survey Complete,1,0,0,100,5.1,80.5,1,0,21.9,0,0,0
LAP-11406,Maharashtra,MAH-2,Industrial Corridor,Private Agricultural,26.0,126,4,695,Fully Disbursed,93,Award Declared,0,0,0,100,8.0,25.8,1,0,48.0,0,0,0
LAP-11407,Telangana,TEL-4,Urban Development,Government,173.0,159,1,754,Partially Disbursed,28,Survey Complete,0,0,0,100,3.2,38.0,0,1,62.0,0,0,0
LAP-11408,Punjab,PUN-1,Industrial Corridor,Private Agricultural,15.7,21,6,566,Not Started,0,Award Declared,2,1,0,100,8.1,86.8,2,4,63.6,1,1,449
LAP-11409,Haryana,HAR-1,Highway,Mixed,16.2,58,3,867,Not Started,5,Full Possession,1,0,0,100,6.5,78.6,3,0,47.5,0,0,0
LAP-11410,Jharkhand,JHA-3,Highway,Forest,42.1,90,3,728,Partially Disbursed,27,Partial Possession,3,0,0,100,9.8,72.0,2,5,86.5,0,1,175
LAP-11411,Punjab,PUN-1,Industrial Corridor,Mixed,17.3,286,3,794,Not Started,0,Partial Possession,2,0,0,100,5.3,90.8,1,4,73.2,0,0,0
LAP-11412,Haryana,HAR-5,Highway,Private Agricultural,28.2,51,4,148,Not Started,3,Full Possession,1,1,1,40,7.4,100.0,3,5,25.4,1,0,0
LAP-11413,Odisha,ODI-1,Renewable Energy,Forest,7.5,155,2,223,Partially Disbursed,29,Partial Possession,1,1,0,100,1.0,77.8,1,2,78.4,0,1,207
LAP-11414,Chhattisgarh,CHH-6,Railway,Tribal,11.0,578,5,636,Partially Disbursed,83,Full Possession,0,0,1,29,5.9,77.6,4,4,61.9,0,0,0
LAP-11415,Chhattisgarh,CHH-2,Power Transmission,Mixed,13.5,10,4,1325,Not Started,5,Partial Possession,0,0,0,100,6.4,77.3,0,6,31.3,0,0,0
LAP-11416,Odisha,ODI-4,Power Transmission,Mixed,12.3,81,5,77,Not Started,8,Not Started,0,0,0,100,7.8,43.5,1,0,76.5,0,0,0
LAP-11417,Bihar,BIH-2,Urban Development,Government,11.9,74,3,572,Not Started,6,Not Started,1,1,0,100,5.7,47.0,2,2,36.3,1,0,0
LAP-11418,Karnataka,KAR-6,Highway,Private Agricultural,131.5,44,6,371,Fully Disbursed,86,Full Possession,0,0,0,100,4.7,46.5,2,6,71.3,0,0,0
LAP-11419,Uttar Pradesh,UTT-2,Industrial Corridor,Tribal,27.2,8,4,1435,Not Started,3,Partial Possession,1,1,1,18,6.7,24.8,3,7,64.8,0,1,71
LAP-11420,Karnataka,KAR-3,Industrial Corridor,Forest,142.9,370,2,272,Not Started,7,Not Started,0,0,0,100,5.2,67.1,0,5,57.8,1,0,0
LAP-11421,Jharkhand,JHA-5,Urban Development,Government,15.9,498,1,1029,Partially Disbursed,68,Award Declared,1,1,0,100,6.5,55.4,3,2,70.0,0,0,0
LAP-11422,Chhattisgarh,CHH-5,Urban Development,Private Agricultural,86.0,40,1,877,Partially Disbursed,44,Not Started,2,1,1,18,9.3,68.0,2,4,22.2,0,1,71
LAP-11423,Tamil Nadu,TAM-3,Irrigation,Forest,14.5,164,4,954,Not Started,5,Partial Possession,0,0,0,100,7.1,36.3,2,1,45.2,1,0,0
LAP-11424,Bihar,BIH-2,Industrial Corridor,Private Agricultural,54.6,32,6,1425,Not Started,1,Award Declared,1,1,1,74,3.5,72.3,2,3,54.9,0,1,159
LAP-11425,Haryana,HAR-2,Urban Development,Government,104.3,149,1,1243,Not Started,1,Partial Possession,3,1,0,100,4.0,65.2,1,8,53.8,0,1,204
LAP-11426,Karnataka,KAR-4,Renewable Energy,Government,11.4,149,4,1004,Partially Disbursed,21,Partial Possession,1,1,0,100,5.6,79.0,2,4,52.2,0,1,177
LAP-11427,Tamil Nadu,TAM-2,Power Transmission,Forest,3.8,40,5,952,Partially Disbursed,11,Not Started,2,1,0,100,5.8,53.4,1,7,40.7,0,1,881
LAP-11428,Haryana,HAR-1,Industrial Corridor,Tribal,136.8,180,3,114,Partially Disbursed,82,Partial Possession,3,1,1,80,9.0,66.6,3,1,94.4,1,0,0
LAP-11429,Tamil Nadu,TAM-1,Urban Development,Forest,44.6,7,4,1329,Not Started,0,Award Declared,2,1,0,100,4.8,70.7,1,0,26.7,0,0,0
LAP-11430,Punjab,PUN-5,Irrigation,Private Agricultural,22.3,31,1,312,Partially Disbursed,23,Survey Complete,1,0,1,78,3.5,68.3,0,5,68.2,1,1,68
LAP-11431,Odisha,ODI-4,Industrial Corridor,Tribal,7.1,46,2,184,Not Started,8,Survey Complete,1,1,1,61,7.6,79.1,2,7,97.5,0,0,0
LAP-11432,Madhya Pradesh,MAD-3,Urban Development,Tribal,19.4,59,1,113,Not Started,5,Partial Possession,2,0,0,100,4.3,63.2,5,3,71.3,1,1,236
LAP-11433,Odisha,ODI-5,Highway,Forest,5.1,366,2,777,Fully Disbursed,97,Partial Possession,1,0,0,100,9.1,80.6,1,5,38.2,0,0,0
LAP-11434,Haryana,HAR-1,Irrigation,Forest,14.5,24,6,1466,Not Started,5,Award Declared,1,0,0,100,7.2,59.1,1,6,90.8,1,1,13
LAP-11435,Uttar Pradesh,UTT-5,Power Transmission,Private Agricultural,59.5,187,1,1352,Partially Disbursed,44,Award Declared,2,1,1,79,3.8,38.3,1,0,77.7,1,1,54
LAP-11436,Chhattisgarh,CHH-3,Highway,Private Agricultural,117.6,78,1,1440,Partially Disbursed,64,Award Declared,0,0,0,100,6.3,71.2,2,5,19.6,1,0,0
LAP-11437,Madhya Pradesh,MAD-3,Irrigation,Private Agricultural,132.7,27,2,1253,Partially Disbursed,22,Not Started,2,1,1,20,8.2,90.6,2,2,88.6,0,0,0
LAP-11438,Tamil Nadu,TAM-4,Industrial Corridor,Government,19.0,218,5,583,Partially Disbursed,11,Survey Complete,2,0,1,2,4.1,77.0,1,5,37.3,1,0,0
LAP-11439,Uttar Pradesh,UTT-1,Railway,Government,99.3,44,5,394,Partially Disbursed,25,Award Declared,1,0,0,100,6.8,39.9,4,4,42.6,0,0,0
LAP-11440,Tamil Nadu,TAM-2,Urban Development,Private Agricultural,21.7,18,3,1056,Partially Disbursed,81,Full Possession,0,0,1,75,6.7,65.4,2,6,78.4,0,0,0
LAP-11441,Uttar Pradesh,UTT-6,Renewable Energy,Private Agricultural,3.0,50,2,1353,Partially Disbursed,51,Survey Complete,0,0,0,100,6.3,86.3,0,0,66.1,0,0,0
LAP-11442,Rajasthan,RAJ-3,Highway,Forest,36.1,41,3,1056,Partially Disbursed,67,Not Started,3,1,0,100,3.4,36.7,2,6,10.7,0,1,80
LAP-11443,West Bengal,WES-6,Highway,Government,10.5,571,1,970,Partially Disbursed,59,Survey Complete,0,0,0,100,8.5,76.3,1,0,70.0,1,0,0
LAP-11444,West Bengal,WES-4,Irrigation,Private Agricultural,78.2,103,2,936,Not Started,3,Award Declared,1,1,1,27,6.3,82.5,3,1,83.4,1,0,0
LAP-11445,Rajasthan,RAJ-3,Urban Development,Private Agricultural,31.7,123,3,1419,Not Started,1,Partial Possession,0,0,0,100,8.1,73.2,3,8,58.2,0,0,0
LAP-11446,Jharkhand,JHA-5,Irrigation,Government,24.5,11,1,145,Partially Disbursed,41,Partial Possession,1,1,0,100,3.8,34.6,0,6,58.2,1,1,137
LAP-11447,Haryana,HAR-6,Railway,Forest,141.1,28,3,1232,Partially Disbursed,15,Survey Complete,1,1,1,8,5.0,59.7,2,1,17.1,0,0,0
LAP-11448,Bihar,BIH-2,Urban Development,Mixed,4.4,226,2,31,Not Started,0,Not Started,0,0,1,49,6.9,53.5,3,2,81.7,0,0,0
LAP-11449,Uttar Pradesh,UTT-4,Urban Development,Private Agricultural,780.3,7,4,1119,Not Started,2,Partial Possession,1,0,0,100,5.9,76.6,1,3,71.2,0,0,0
LAP-11450,Chhattisgarh,CHH-3,Industrial Corridor,Private Agricultural,18.1,317,4,616,Partially Disbursed,62,Survey Complete,1,1,1,25,7.3,59.6,0,4,74.8,0,1,45
LAP-11451,Uttar Pradesh,UTT-4,Highway,Mixed,31.7,26,2,945,Partially Disbursed,25,Partial Possession,1,1,0,100,3.6,34.4,1,6,72.3,1,0,0
LAP-11452,Gujarat,GUJ-2,Renewable Energy,Private Agricultural,28.8,64,2,728,Partially Disbursed,39,Not Started,1,1,1,33,5.8,28.2,3,4,40.9,0,0,0
LAP-11453,Tamil Nadu,TAM-2,Industrial Corridor,Forest,6.1,45,1,1129,Partially Disbursed,29,Survey Complete,1,1,1,24,3.4,100.0,2,8,33.3,0,1,44
LAP-11454,Haryana,HAR-1,Railway,Private Agricultural,25.5,97,5,115,Fully Disbursed,91,Full Possession,1,1,0,100,4.1,71.2,0,8,64.2,0,0,0
LAP-11455,West Bengal,WES-6,Railway,Private Agricultural,18.7,23,1,624,Partially Disbursed,78,Not Started,1,0,0,100,6.5,56.7,2,2,55.4,1,1,24
LAP-11456,West Bengal,WES-1,Highway,Private Agricultural,2.3,2,2,586,Partially Disbursed,65,Survey Complete,1,1,1,10,7.8,84.8,1,0,89.0,0,0,0
LAP-11457,Chhattisgarh,CHH-6,Railway,Forest,16.7,908,5,513,Not Started,8,Partial Possession,4,0,0,100,7.9,69.8,0,2,57.3,0,1,236
LAP-11458,Madhya Pradesh,MAD-6,Highway,Private Agricultural,41.7,135,5,462,Partially Disbursed,66,Survey Complete,0,0,0,100,3.8,84.4,3,4,85.3,0,0,0
LAP-11459,Tamil Nadu,TAM-6,Industrial Corridor,Private Agricultural,65.0,11,5,1147,Partially Disbursed,40,Not Started,0,0,1,65,6.6,63.6,1,0,61.0,1,0,0
LAP-11460,Jharkhand,JHA-4,Industrial Corridor,Private Agricultural,96.7,16,1,1254,Fully Disbursed,97,Partial Possession,1,1,1,3,7.1,51.5,4,3,32.5,0,0,0
LAP-11461,Madhya Pradesh,MAD-4,Railway,Private Agricultural,87.4,72,5,871,Not Started,5,Partial Possession,0,0,0,100,5.6,80.5,2,5,74.6,0,0,0
LAP-11462,Telangana,TEL-2,Irrigation,Private Agricultural,28.8,64,1,1329,Not Started,9,Partial Possession,2,1,1,23,5.7,57.4,1,2,12.0,0,1,99
LAP-11463,Jharkhand,JHA-6,Power Transmission,Tribal,11.7,50,5,279,Fully Disbursed,95,Award Declared,0,0,1,50,3.6,66.1,4,0,54.3,0,0,0
LAP-11464,Gujarat,GUJ-3,Irrigation,Government,33.1,8,1,1251,Partially Disbursed,24,Not Started,2,1,1,34,6.8,78.6,0,0,43.4,0,0,0
LAP-11465,Maharashtra,MAH-3,Highway,Private Agricultural,3.9,72,6,440,Fully Disbursed,89,Full Possession,2,1,0,100,6.7,79.0,5,1,66.3,0,0,0
LAP-11466,Rajasthan,RAJ-6,Highway,Forest,67.5,28,3,84,Not Started,7,Survey Complete,2,0,0,100,7.4,71.9,2,8,80.6,1,1,171
LAP-11467,West Bengal,WES-5,Urban Development,Forest,32.2,97,3,1200,Fully Disbursed,98,Survey Complete,1,1,0,100,7.9,59.0,1,2,48.7,0,0,0
LAP-11468,West Bengal,WES-2,Renewable Energy,Private Agricultural,27.4,29,6,273,Partially Disbursed,19,Full Possession,1,1,1,51,8.4,57.8,0,1,75.3,0,1,74
LAP-11469,Madhya Pradesh,MAD-3,Highway,Private Agricultural,17.8,90,3,505,Partially Disbursed,53,Survey Complete,1,1,1,90,5.1,68.6,2,0,95.5,0,0,0
LAP-11470,Tamil Nadu,TAM-2,Urban Development,Private Agricultural,15.2,11,6,389,Fully Disbursed,99,Full Possession,1,0,1,2,9.2,64.9,2,6,38.8,0,1,10
LAP-11471,Jharkhand,JHA-3,Irrigation,Mixed,105.1,3,1,201,Partially Disbursed,52,Full Possession,0,0,0,100,6.2,95.3,0,5,73.9,0,0,0
LAP-11472,West Bengal,WES-1,Urban Development,Mixed,31.9,51,1,64,Not Started,6,Not Started,0,0,0,100,5.6,33.7,1,1,16.5,0,1,37
LAP-11473,Karnataka,KAR-1,Urban Development,Tribal,37.9,4,5,161,Not Started,9,Partial Possession,1,1,1,40,4.4,45.1,2,7,46.7,0,0,0
LAP-11474,Uttar Pradesh,UTT-1,Highway,Forest,9.5,19,2,1273,Not Started,6,Not Started,0,0,1,24,6.0,42.8,3,8,52.0,0,1,237
LAP-11475,Karnataka,KAR-2,Industrial Corridor,Government,61.4,90,5,1040,Fully Disbursed,98,Not Started,0,0,0,100,7.0,73.6,1,5,53.3,0,0,0
LAP-11476,Tamil Nadu,TAM-2,Urban Development,Private Agricultural,4.9,343,2,1385,Partially Disbursed,52,Award Declared,3,1,1,6,4.0,68.7,5,0,50.2,0,0,0
LAP-11477,Telangana,TEL-6,Urban Development,Private Agricultural,8.4,9,5,1093,Not Started,9,Not Started,3,0,1,86,6.5,58.5,2,4,76.6,1,1,83
LAP-11478,Haryana,HAR-5,Urban Development,Forest,112.0,557,5,48,Partially Disbursed,21,Not Started,0,0,1,82,5.0,60.9,2,1,63.2,0,0,0
LAP-11479,Madhya Pradesh,MAD-4,Irrigation,Forest,22.6,56,5,824,Not Started,6,Survey Complete,1,0,0,100,6.8,29.2,1,0,72.6,0,0,0
LAP-11480,Madhya Pradesh,MAD-3,Highway,Tribal,46.3,73,1,314,Fully Disbursed,89,Survey Complete,1,1,0,100,5.4,51.7,3,4,11.3,0,0,0
LAP-11481,Maharashtra,MAH-6,Urban Development,Private Agricultural,15.3,20,5,465,Not Started,9,Award Declared,0,0,1,57,3.0,18.8,0,0,47.3,0,0,0
LAP-11482,Odisha,ODI-4,Highway,Private Agricultural,3.0,304,3,354,Not Started,7,Not Started,0,0,1,8,7.7,82.1,2,0,41.7,0,0,0
LAP-11483,Punjab,PUN-3,Irrigation,Tribal,54.8,32,1,464,Fully Disbursed,95,Award Declared,2,1,0,100,5.2,90.2,2,2,57.1,0,0,0
LAP-11484,Haryana,HAR-2,Railway,Government,161.3,29,2,175,Partially Disbursed,35,Full Possession,0,0,0,100,7.3,46.5,1,8,29.8,0,0,0
LAP-11485,Odisha,ODI-4,Industrial Corridor,Tribal,7.9,13,5,496,Partially Disbursed,36,Full Possession,0,0,0,100,3.3,81.6,0,7,69.2,0,0,0
LAP-11486,Telangana,TEL-1,Railway,Government,21.7,393,6,695,Not Started,2,Not Started,0,0,0,100,5.8,31.3,1,1,19.7,1,0,0
LAP-11487,Chhattisgarh,CHH-1,Urban Development,Forest,27.6,9,6,1175,Fully Disbursed,90,Survey Complete,2,0,0,100,3.4,91.3,0,6,65.3,0,0,0
LAP-11488,Gujarat,GUJ-6,Railway,Private Agricultural,13.8,63,5,766,Partially Disbursed,54,Not Started,0,0,0,100,10.0,26.3,2,8,68.8,1,0,0
LAP-11489,Chhattisgarh,CHH-3,Urban Development,Private Agricultural,9.1,51,6,1051,Not Started,6,Partial Possession,1,1,1,96,8.9,32.3,3,8,51.6,0,1,115
LAP-11490,Gujarat,GUJ-5,Urban Development,Government,16.1,89,1,1107,Not Started,8,Survey Complete,1,1,0,100,2.3,54.5,2,7,58.4,1,1,42
LAP-11491,West Bengal,WES-6,Industrial Corridor,Government,123.9,10,4,119,Fully Disbursed,86,Not Started,1,1,0,100,6.8,21.4,2,0,46.4,0,0,0
LAP-11492,Maharashtra,MAH-5,Industrial Corridor,Government,33.5,794,2,856,Fully Disbursed,96,Survey Complete,2,1,0,100,6.0,35.0,2,7,88.5,0,0,0
LAP-11493,Uttar Pradesh,UTT-2,Highway,Forest,7.8,115,3,1495,Partially Disbursed,30,Partial Possession,2,1,1,78,2.4,75.4,3,3,94.6,1,1,98
LAP-11494,Karnataka,KAR-1,Power Transmission,Tribal,70.3,51,2,490,Not Started,4,Survey Complete,1,0,1,59,8.7,79.5,5,7,45.1,1,0,0
LAP-11495,Maharashtra,MAH-3,Urban Development,Government,11.4,16,5,690,Fully Disbursed,89,Not Started,0,0,0,100,3.6,85.3,1,2,66.5,0,0,0
LAP-11496,Punjab,PUN-5,Power Transmission,Private Agricultural,19.5,10,3,1114,Partially Disbursed,71,Full Possession,2,1,1,0,4.3,49.4,1,4,0.0,1,0,0
LAP-11497,Odisha,ODI-2,Highway,Government,18.1,24,1,573,Not Started,8,Not Started,0,0,0,100,7.3,29.1,2,7,44.6,0,1,163
LAP-11498,Rajasthan,RAJ-1,Railway,Private Agricultural,5.2,30,5,173,Partially Disbursed,64,Not Started,0,0,0,100,4.7,77.1,5,4,82.1,1,0,0
LAP-11499,Gujarat,GUJ-5,Industrial Corridor,Private Agricultural,5.8,89,1,1068,Not Started,0,Partial Possession,0,0,1,24,1.8,86.4,1,0,76.3,0,0,0
LAP-11500,Telangana,TEL-6,Airport,Government,84.8,34,6,878,Not Started,5,Award Declared,0,0,0,100,5.0,76.7,3,7,2.8,0,0,0
LAP-11501,Madhya Pradesh,MAD-2,Irrigation,Forest,38.7,52,6,871,Not Started,1,Survey Complete,2,1,1,0,2.0,81.9,2,8,89.8,0,1,50
LAP-11502,Karnataka,KAR-6,Railway,Government,9.7,111,5,73,Partially Disbursed,82,Not Started,0,0,0,100,7.8,84.8,4,3,53.6,0,0,0
LAP-11503,Tamil Nadu,TAM-6,Renewable Energy,Mixed,176.2,202,3,606,Not Started,1,Award Declared,1,0,1,55,8.1,39.4,3,3,51.9,1,1,106
LAP-11504,Telangana,TEL-6,Urban Development,Private Agricultural,31.8,35,6,517,Fully Disbursed,93,Award Declared,0,0,0,100,6.7,62.3,1,3,56.0,0,0,0
LAP-11505,West Bengal,WES-3,Airport,Private Agricultural,46.4,15,5,1098,Not Started,5,Partial Possession,0,0,0,100,2.3,73.6,2,1,80.6,1,0,0
LAP-11506,Haryana,HAR-3,Highway,Private Agricultural,10.0,570,4,1086,Partially Disbursed,11,Not Started,0,0,1,3,5.1,83.9,2,5,37.0,0,0,0
LAP-11507,Haryana,HAR-6,Irrigation,Forest,21.7,92,5,591,Fully Disbursed,96,Award Declared,0,0,0,100,6.7,100.0,1,5,55.1,0,0,0
LAP-11508,Madhya Pradesh,MAD-6,Highway,Tribal,90.2,74,2,395,Partially Disbursed,77,Partial Possession,0,0,1,48,7.8,42.2,1,8,76.4,1,0,0
LAP-11509,Uttar Pradesh,UTT-3,Highway,Tribal,4.0,84,6,410,Fully Disbursed,96,Full Possession,2,1,1,5,5.6,81.9,4,7,0.0,0,0,0
LAP-11510,Karnataka,KAR-4,Highway,Private Agricultural,152.8,126,5,411,Fully Disbursed,95,Full Possession,1,1,1,92,4.0,42.7,1,8,82.1,0,0,0
LAP-11511,Karnataka,KAR-5,Power Transmission,Private Agricultural,4.4,23,5,1184,Not Started,1,Full Possession,0,0,0,100,8.8,43.1,2,3,28.9,0,0,0
LAP-11512,Telangana,TEL-2,Highway,Private Agricultural,22.8,74,3,212,Partially Disbursed,67,Award Declared,0,0,0,100,7.7,32.6,2,0,14.0,1,0,0
LAP-11513,Uttar Pradesh,UTT-3,Airport,Private Agricultural,13.2,38,5,572,Partially Disbursed,56,Full Possession,2,0,0,100,9.6,51.2,3,1,17.6,0,0,0
LAP-11514,Jharkhand,JHA-3,Highway,Mixed,2.5,94,1,619,Partially Disbursed,42,Award Declared,0,0,0,100,5.5,48.8,0,3,81.3,0,0,0
LAP-11515,Gujarat,GUJ-4,Airport,Government,43.0,64,1,419,Partially Disbursed,82,Partial Possession,0,0,0,100,6.9,50.3,2,0,50.3,0,0,0
LAP-11516,Maharashtra,MAH-1,Irrigation,Private Agricultural,64.5,24,5,206,Partially Disbursed,41,Not Started,1,0,1,34,4.7,57.0,2,5,71.8,0,0,0
LAP-11517,West Bengal,WES-6,Irrigation,Private Agricultural,10.6,92,6,1199,Not Started,8,Full Possession,0,0,1,35,6.7,100.0,0,8,37.3,0,1,132
LAP-11518,Jharkhand,JHA-4,Railway,Private Agricultural,60.7,3,6,313,Partially Disbursed,44,Full Possession,0,0,1,21,3.6,78.6,3,6,56.8,0,1,54
LAP-11519,Tamil Nadu,TAM-5,Urban Development,Forest,67.1,109,5,1254,Fully Disbursed,90,Full Possession,0,0,0,100,5.0,42.4,2,7,61.5,1,1,56
LAP-11520,Punjab,PUN-4,Highway,Mixed,3.8,25,4,1334,Fully Disbursed,95,Partial Possession,1,1,0,100,6.6,100.0,2,2,46.7,0,0,0
LAP-11521,Gujarat,GUJ-4,Highway,Tribal,35.8,118,3,1233,Not Started,1,Not Started,0,0,0,100,6.4,90.8,1,8,30.5,0,0,0
LAP-11522,Telangana,TEL-5,Railway,Private Agricultural,11.9,24,5,1268,Partially Disbursed,35,Not Started,2,1,0,100,9.7,60.3,4,3,37.0,1,1,135
LAP-11523,Odisha,ODI-1,Airport,Private Agricultural,4.6,6,6,1381,Partially Disbursed,61,Partial Possession,0,0,1,90,3.8,52.7,0,2,84.1,0,0,0
LAP-11524,Jharkhand,JHA-3,Irrigation,Government,9.6,235,2,824,Fully Disbursed,95,Not Started,0,0,0,100,6.6,58.1,4,6,12.7,0,0,0
LAP-11525,Odisha,ODI-2,Irrigation,Private Agricultural,16.1,3,1,538,Partially Disbursed,48,Not Started,0,0,0,100,2.8,14.5,2,7,75.9,0,0,0
LAP-11526,Karnataka,KAR-2,Urban Development,Private Agricultural,1.3,37,6,1486,Not Started,1,Not Started,1,1,0,100,4.7,43.8,1,3,58.3,0,0,0
LAP-11527,Odisha,ODI-6,Industrial Corridor,Mixed,22.5,68,5,1095,Partially Disbursed,30,Not Started,2,0,0,100,4.8,100.0,0,2,26.5,0,0,0
LAP-11528,Rajasthan,RAJ-5,Renewable Energy,Private Agricultural,1.9,34,6,940,Not Started,8,Not Started,0,0,1,96,6.7,44.0,2,6,92.7,0,0,0
LAP-11529,Chhattisgarh,CHH-2,Highway,Government,49.0,22,6,326,Fully Disbursed,91,Full Possession,2,1,1,40,9.0,49.8,0,8,20.3,1,0,0
LAP-11530,Madhya Pradesh,MAD-6,Highway,Mixed,4.6,94,1,339,Partially Disbursed,32,Award Declared,2,1,0,100,5.6,83.2,2,2,52.5,0,1,484
LAP-11531,Tamil Nadu,TAM-5,Irrigation,Private Agricultural,23.2,31,1,981,Not Started,3,Survey Complete,0,0,0,100,7.9,63.8,2,5,37.6,0,0,0
LAP-11532,Gujarat,GUJ-2,Power Transmission,Government,23.9,136,5,1456,Partially Disbursed,34,Award Declared,1,1,0,100,8.7,87.0,4,2,18.4,1,1,140
LAP-11533,West Bengal,WES-4,Renewable Energy,Private Agricultural,74.5,72,6,897,Fully Disbursed,88,Award Declared,1,1,1,78,7.4,89.0,1,4,51.8,0,0,0
LAP-11534,Jharkhand,JHA-2,Industrial Corridor,Government,6.1,67,6,606,Partially Disbursed,51,Award Declared,0,0,0,100,5.2,81.3,2,2,81.6,0,0,0
LAP-11535,Bihar,BIH-1,Irrigation,Mixed,2.1,135,6,1305,Not Started,2,Not Started,2,1,0,100,4.0,49.6,1,3,62.6,1,1,35
LAP-11536,Bihar,BIH-4,Renewable Energy,Private Agricultural,67.5,21,6,1334,Partially Disbursed,28,Partial Possession,1,1,1,14,4.2,47.1,2,6,56.9,0,1,124
LAP-11537,Chhattisgarh,CHH-2,Highway,Private Agricultural,16.8,73,1,1257,Fully Disbursed,97,Not Started,1,1,1,98,4.6,69.2,5,8,23.6,0,1,239
LAP-11538,Rajasthan,RAJ-6,Power Transmission,Government,32.4,257,5,146,Partially Disbursed,29,Not Started,1,1,0,100,3.1,72.4,1,7,100.0,1,0,0
LAP-11539,Gujarat,GUJ-4,Urban Development,Private Agricultural,45.8,104,1,1409,Partially Disbursed,31,Partial Possession,1,0,0,100,5.9,44.4,1,0,55.8,0,0,0
LAP-11540,Bihar,BIH-4,Urban Development,Private Agricultural,203.3,102,3,879,Fully Disbursed,89,Partial Possession,1,1,1,89,5.7,64.9,2,8,54.4,1,1,270
LAP-11541,Madhya Pradesh,MAD-5,Irrigation,Private Agricultural,96.9,149,5,760,Fully Disbursed,88,Award Declared,2,0,1,57,1.8,66.3,0,1,54.0,0,0,0
LAP-11542,Tamil Nadu,TAM-4,Urban Development,Private Agricultural,8.0,9,2,650,Not Started,0,Award Declared,0,0,0,100,3.1,71.4,2,3,30.6,0,0,0
LAP-11543,Madhya Pradesh,MAD-3,Urban Development,Tribal,15.2,5,1,233,Fully Disbursed,89,Award Declared,0,0,1,35,8.2,68.1,1,6,90.7,1,0,0
LAP-11544,Rajasthan,RAJ-2,Power Transmission,Private Agricultural,42.5,402,5,484,Not Started,2,Survey Complete,1,0,0,100,6.1,78.9,1,4,49.7,0,0,0
LAP-11545,Haryana,HAR-3,Urban Development,Private Agricultural,14.6,129,4,1240,Partially Disbursed,27,Partial Possession,4,0,0,100,8.5,49.8,3,4,100.0,0,1,22
LAP-11546,West Bengal,WES-5,Irrigation,Government,5.9,46,1,1024,Partially Disbursed,13,Not Started,0,0,0,100,2.5,70.1,0,4,59.0,1,0,0
LAP-11547,Tamil Nadu,TAM-2,Renewable Energy,Private Agricultural,23.9,151,3,1389,Fully Disbursed,95,Survey Complete,1,1,1,47,7.6,53.3,4,5,87.6,1,1,87
LAP-11548,Haryana,HAR-1,Irrigation,Mixed,26.2,544,6,1492,Not Started,9,Not Started,0,0,0,100,6.5,77.9,3,1,55.8,0,0,0
LAP-11549,Odisha,ODI-5,Irrigation,Private Agricultural,52.6,51,5,767,Fully Disbursed,95,Full Possession,0,0,1,90,8.1,76.4,1,2,27.3,0,0,0
LAP-11550,Karnataka,KAR-1,Power Transmission,Tribal,15.1,16,1,993,Not Started,0,Partial Possession,1,1,0,100,3.6,95.5,4,5,50.9,0,0,0
LAP-11551,Odisha,ODI-3,Irrigation,Government,12.8,35,6,1053,Partially Disbursed,35,Full Possession,0,0,0,100,7.4,40.3,1,1,22.6,0,0,0
LAP-11552,West Bengal,WES-6,Highway,Forest,77.1,121,4,1399,Partially Disbursed,36,Survey Complete,1,1,1,53,9.9,67.5,1,4,80.9,0,0,0
LAP-11553,Haryana,HAR-3,Irrigation,Forest,1.4,37,5,610,Not Started,0,Partial Possession,2,1,0,100,4.5,99.6,0,4,69.3,1,1,21
LAP-11554,Telangana,TEL-2,Highway,Private Agricultural,14.8,81,5,695,Partially Disbursed,73,Partial Possession,0,0,1,36,6.0,39.3,0,6,71.6,1,0,0
LAP-11555,Bihar,BIH-1,Urban Development,Private Agricultural,91.0,455,2,76,Partially Disbursed,74,Survey Complete,1,0,0,100,5.8,100.0,2,2,38.0,1,1,118
LAP-11556,Tamil Nadu,TAM-2,Power Transmission,Government,10.9,74,6,1434,Fully Disbursed,97,Partial Possession,0,0,0,100,9.1,100.0,1,2,70.7,1,0,0
LAP-11557,Chhattisgarh,CHH-6,Power Transmission,Mixed,52.1,20,6,1292,Not Started,1,Partial Possession,3,0,0,100,5.8,60.9,1,7,58.9,0,0,0
LAP-11558,Madhya Pradesh,MAD-3,Railway,Tribal,8.4,23,3,632,Partially Disbursed,62,Not Started,3,1,1,9,1.7,38.0,2,3,51.1,0,1,450
LAP-11559,Jharkhand,JHA-3,Airport,Forest,47.0,49,3,1355,Fully Disbursed,91,Full Possession,0,0,0,100,9.1,34.3,3,4,87.4,0,0,0
LAP-11560,Madhya Pradesh,MAD-2,Power Transmission,Forest,26.2,33,4,384,Not Started,6,Not Started,0,0,0,100,2.6,23.7,3,8,74.6,0,0,0
LAP-11561,Haryana,HAR-6,Highway,Forest,138.7,3,3,982,Not Started,4,Survey Complete,2,1,0,100,9.1,38.4,0,2,67.7,1,1,90
LAP-11562,Punjab,PUN-4,Industrial Corridor,Forest,319.1,70,4,245,Not Started,9,Award Declared,1,1,0,100,5.8,21.6,0,3,35.0,0,1,212
LAP-11563,Punjab,PUN-1,Highway,Private Agricultural,86.5,25,1,1055,Partially Disbursed,16,Not Started,0,0,0,100,6.1,80.1,4,7,39.4,0,0,0
LAP-11564,Haryana,HAR-5,Power Transmission,Private Agricultural,49.2,79,6,76,Partially Disbursed,47,Not Started,1,1,0,100,6.5,50.3,1,7,40.6,1,0,0
LAP-11565,Tamil Nadu,TAM-4,Railway,Government,52.6,30,2,395,Not Started,6,Not Started,1,0,1,64,4.6,67.6,3,0,65.5,1,1,131
LAP-11566,Haryana,HAR-6,Irrigation,Private Agricultural,9.0,15,1,239,Partially Disbursed,47,Survey Complete,0,0,1,75,6.1,72.3,1,6,65.5,0,0,0
LAP-11567,Chhattisgarh,CHH-4,Railway,Private Agricultural,23.0,73,1,149,Not Started,2,Survey Complete,0,0,1,42,6.6,65.7,0,5,89.4,1,0,0
LAP-11568,Uttar Pradesh,UTT-5,Airport,Private Agricultural,27.8,39,6,825,Not Started,7,Survey Complete,1,1,0,100,8.3,40.8,1,7,28.4,1,0,0
LAP-11569,Jharkhand,JHA-3,Railway,Private Agricultural,264.2,15,1,440,Partially Disbursed,83,Award Declared,0,0,1,2,5.2,73.8,4,6,88.9,0,0,0
LAP-11570,Haryana,HAR-6,Industrial Corridor,Tribal,1.4,14,4,551,Not Started,3,Award Declared,1,1,1,59,4.6,64.7,1,7,44.4,1,1,277
LAP-11571,Uttar Pradesh,UTT-3,Highway,Forest,21.9,41,4,1404,Partially Disbursed,83,Partial Possession,1,1,0,100,9.6,89.5,3,7,100.0,1,1,71
LAP-11572,Punjab,PUN-5,Railway,Private Agricultural,40.3,29,5,737,Fully Disbursed,98,Full Possession,2,1,1,47,4.4,75.1,0,1,88.6,0,0,0
LAP-11573,Rajasthan,RAJ-1,Highway,Private Agricultural,40.5,104,4,1110,Partially Disbursed,17,Survey Complete,1,0,1,26,5.4,56.7,0,1,45.1,1,0,0
LAP-11574,Rajasthan,RAJ-1,Renewable Energy,Forest,125.0,81,5,297,Partially Disbursed,81,Award Declared,0,0,1,21,5.5,77.8,1,4,88.3,0,0,0
LAP-11575,Tamil Nadu,TAM-5,Highway,Private Agricultural,25.5,39,2,386,Partially Disbursed,76,Not Started,0,0,0,100,6.7,44.1,4,2,80.5,0,0,0
LAP-11576,Jharkhand,JHA-4,Urban Development,Government,32.9,736,1,955,Fully Disbursed,98,Partial Possession,0,0,0,100,5.3,43.1,3,1,97.3,1,1,105
LAP-11577,Chhattisgarh,CHH-1,Highway,Private Agricultural,51.6,45,1,862,Partially Disbursed,73,Partial Possession,1,1,1,76,7.3,41.2,2,0,66.8,0,0,0
LAP-11578,Odisha,ODI-5,Highway,Tribal,9.3,318,4,1268,Partially Disbursed,63,Full Possession,0,0,0,100,6.6,79.4,2,3,46.9,1,0,0
LAP-11579,Karnataka,KAR-6,Highway,Private Agricultural,24.8,95,1,291,Partially Disbursed,80,Full Possession,0,0,0,100,6.3,42.1,3,1,14.4,0,0,0
LAP-11580,Karnataka,KAR-2,Highway,Forest,48.6,87,3,423,Partially Disbursed,24,Survey Complete,1,1,0,100,4.7,62.7,1,5,63.2,1,1,68
LAP-11581,West Bengal,WES-2,Urban Development,Private Agricultural,3.9,237,2,858,Fully Disbursed,100,Not Started,0,0,0,100,6.9,100.0,4,2,91.6,1,0,0
LAP-11582,Gujarat,GUJ-2,Industrial Corridor,Private Agricultural,82.1,230,4,79,Not Started,6,Award Declared,2,1,1,92,4.1,54.4,2,3,67.7,0,0,0
LAP-11583,Uttar Pradesh,UTT-4,Railway,Forest,16.5,32,2,309,Not Started,3,Not Started,0,0,0,100,7.1,11.7,1,4,52.9,1,1,120
LAP-11584,Chhattisgarh,CHH-5,Renewable Energy,Private Agricultural,16.2,11,5,1321,Not Started,2,Not Started,0,0,1,44,5.4,100.0,2,6,64.5,1,0,0
LAP-11585,Bihar,BIH-1,Renewable Energy,Tribal,9.2,12,1,515,Fully Disbursed,92,Full Possession,2,0,0,100,4.3,76.9,5,2,53.1,1,0,0
LAP-11586,West Bengal,WES-1,Highway,Government,23.0,92,6,548,Partially Disbursed,30,Survey Complete,2,1,0,100,9.8,58.6,3,0,8.0,0,1,212
LAP-11587,Tamil Nadu,TAM-1,Power Transmission,Private Agricultural,32.0,19,2,1057,Not Started,2,Not Started,1,1,0,100,2.4,68.9,2,8,75.7,1,0,0
LAP-11588,Punjab,PUN-4,Urban Development,Forest,5.0,27,4,474,Not Started,5,Not Started,2,0,0,100,4.9,44.5,2,0,100.0,0,0,0
LAP-11589,West Bengal,WES-5,Highway,Tribal,12.9,99,3,335,Not Started,8,Award Declared,2,1,0,100,5.6,61.5,2,1,84.9,0,1,94
LAP-11590,Gujarat,GUJ-4,Railway,Government,86.4,14,2,143,Not Started,7,Partial Possession,0,0,0,100,5.0,34.9,3,2,79.0,0,0,0
LAP-11591,Punjab,PUN-5,Highway,Private Agricultural,15.1,82,2,613,Fully Disbursed,88,Survey Complete,0,0,1,100,5.0,37.7,1,4,23.1,0,1,101
LAP-11592,Uttar Pradesh,UTT-3,Industrial Corridor,Mixed,32.2,312,6,1277,Partially Disbursed,49,Award Declared,1,1,1,69,8.8,62.0,2,5,25.0,0,0,0
LAP-11593,Uttar Pradesh,UTT-5,Railway,Tribal,73.3,5,2,1076,Fully Disbursed,97,Award Declared,1,1,1,22,10.0,49.8,5,5,2.2,0,0,0
LAP-11594,Maharashtra,MAH-2,Highway,Private Agricultural,27.6,7,5,524,Partially Disbursed,54,Survey Complete,0,0,1,100,4.6,42.0,2,3,37.2,0,0,0
LAP-11595,Haryana,HAR-1,Irrigation,Tribal,109.8,106,1,724,Partially Disbursed,17,Not Started,2,1,1,37,8.5,69.7,1,4,69.6,0,0,0
LAP-11596,Chhattisgarh,CHH-2,Renewable Energy,Government,3.3,497,2,1288,Partially Disbursed,35,Survey Complete,2,1,1,20,6.6,54.4,0,7,9.6,0,1,253
LAP-11597,Maharashtra,MAH-5,Highway,Private Agricultural,30.4,128,6,894,Partially Disbursed,70,Full Possession,2,1,1,93,5.6,33.2,2,3,37.3,0,0,0
LAP-11598,Bihar,BIH-1,Irrigation,Tribal,14.1,15,4,1491,Partially Disbursed,36,Award Declared,0,0,1,25,8.4,69.0,0,6,38.7,1,1,61
LAP-11599,Rajasthan,RAJ-6,Irrigation,Private Agricultural,15.4,23,1,820,Partially Disbursed,78,Partial Possession,1,1,1,24,8.0,86.8,0,4,87.0,0,0,0
LAP-11600,Maharashtra,MAH-2,Irrigation,Tribal,6.5,12,5,1217,Fully Disbursed,95,Not Started,3,1,1,68,8.1,74.1,2,1,79.9,1,0,0
LAP-11601,Odisha,ODI-4,Urban Development,Private Agricultural,3.5,97,1,1239,Not Started,0,Partial Possession,1,1,1,63,6.1,68.3,3,7,70.7,0,0,0
LAP-11602,Haryana,HAR-4,Highway,Private Agricultural,188.6,55,3,1382,Not Started,8,Full Possession,1,1,0,100,1.0,58.4,2,2,38.3,0,1,100
LAP-11603,Uttar Pradesh,UTT-6,Power Transmission,Private Agricultural,14.3,13,6,262,Not Started,3,Partial Possession,1,0,1,71,4.2,36.7,1,4,75.0,0,0,0
LAP-11604,Haryana,HAR-4,Railway,Government,11.3,206,4,681,Fully Disbursed,96,Partial Possession,0,0,0,100,4.8,38.8,7,7,37.0,0,1,238
LAP-11605,Haryana,HAR-6,Highway,Private Agricultural,18.3,186,6,458,Fully Disbursed,96,Not Started,2,0,1,92,8.0,51.8,2,8,15.5,1,0,0
LAP-11606,Punjab,PUN-4,Renewable Energy,Forest,87.7,28,1,653,Not Started,4,Award Declared,3,0,0,100,5.1,27.5,2,5,39.8,1,1,37
LAP-11607,Punjab,PUN-4,Urban Development,Mixed,16.3,60,4,219,Partially Disbursed,38,Award Declared,0,0,0,100,8.0,80.9,1,8,32.1,1,0,0
LAP-11608,West Bengal,WES-4,Highway,Private Agricultural,13.3,16,2,795,Fully Disbursed,92,Not Started,1,1,1,74,5.0,49.3,4,2,49.7,0,1,138
LAP-11609,Karnataka,KAR-2,Renewable Energy,Private Agricultural,47.2,62,5,344,Partially Disbursed,82,Survey Complete,0,0,0,100,4.5,70.1,2,0,81.0,0,0,0
LAP-11610,Bihar,BIH-5,Urban Development,Private Agricultural,14.2,57,4,45,Not Started,3,Partial Possession,0,0,1,45,4.3,76.4,0,0,61.8,0,0,0
LAP-11611,Chhattisgarh,CHH-1,Airport,Government,15.0,12,1,487,Partially Disbursed,44,Not Started,2,0,0,100,4.4,91.2,0,0,94.3,1,0,0
LAP-11612,Telangana,TEL-5,Highway,Private Agricultural,49.4,18,1,487,Not Started,4,Full Possession,0,0,1,80,5.6,31.3,1,6,90.8,0,1,143
LAP-11613,Haryana,HAR-6,Highway,Mixed,100.8,31,2,1203,Partially Disbursed,45,Award Declared,2,1,1,6,8.5,61.3,1,2,46.6,1,1,253
LAP-11614,Bihar,BIH-2,Highway,Private Agricultural,125.5,18,1,541,Partially Disbursed,18,Award Declared,1,1,1,52,4.0,93.8,6,0,60.9,0,0,0
LAP-11615,West Bengal,WES-3,Power Transmission,Private Agricultural,5.1,7,3,1359,Partially Disbursed,17,Not Started,0,0,0,100,4.8,34.4,3,5,62.9,0,0,0
LAP-11616,Telangana,TEL-1,Highway,Forest,12.1,23,4,365,Partially Disbursed,72,Full Possession,2,0,0,100,7.1,60.0,3,2,86.8,1,0,0
LAP-11617,Maharashtra,MAH-3,Highway,Private Agricultural,5.5,56,4,1475,Fully Disbursed,97,Award Declared,0,0,1,74,7.3,43.3,1,6,51.9,0,0,0
LAP-11618,Odisha,ODI-5,Highway,Mixed,81.5,41,5,604,Fully Disbursed,86,Award Declared,0,0,0,100,5.1,33.7,3,1,36.8,1,0,0
LAP-11619,Rajasthan,RAJ-5,Highway,Government,18.7,249,4,1492,Not Started,8,Not Started,0,0,0,100,9.1,56.5,3,7,72.7,0,0,0
LAP-11620,Odisha,ODI-4,Irrigation,Mixed,40.3,28,3,1350,Fully Disbursed,98,Partial Possession,0,0,0,100,8.1,32.2,3,6,41.9,0,0,0
LAP-11621,Uttar Pradesh,UTT-5,Highway,Private Agricultural,6.9,15,3,616,Not Started,8,Survey Complete,1,0,0,100,6.6,71.9,2,4,73.6,0,0,0
LAP-11622,Haryana,HAR-4,Railway,Forest,152.1,82,3,1407,Not Started,5,Award Declared,1,1,1,74,4.4,41.2,3,3,33.9,0,1,201
LAP-11623,Punjab,PUN-4,Highway,Private Agricultural,6.2,112,1,1423,Fully Disbursed,89,Not Started,0,0,0,100,5.6,17.6,5,7,28.9,0,1,112
LAP-11624,Uttar Pradesh,UTT-4,Highway,Forest,7.4,8,5,730,Not Started,2,Survey Complete,1,0,0,100,5.9,72.1,3,3,48.0,1,0,0
LAP-11625,Punjab,PUN-4,Railway,Forest,10.7,73,5,559,Fully Disbursed,90,Partial Possession,0,0,1,45,6.0,63.7,0,0,80.5,0,0,0
LAP-11626,Chhattisgarh,CHH-6,Industrial Corridor,Private Agricultural,22.6,11,2,539,Partially Disbursed,48,Not Started,1,1,1,62,4.7,39.8,6,7,30.9,1,1,97
LAP-11627,Uttar Pradesh,UTT-4,Urban Development,Private Agricultural,27.2,50,6,287,Partially Disbursed,50,Survey Complete,1,0,0,100,2.6,70.1,1,7,12.1,1,0,0
LAP-11628,Rajasthan,RAJ-3,Industrial Corridor,Private Agricultural,6.2,35,4,1452,Partially Disbursed,33,Partial Possession,1,1,1,4,3.7,65.8,1,7,64.5,0,1,90
LAP-11629,Karnataka,KAR-5,Renewable Energy,Forest,126.4,62,2,1162,Partially Disbursed,70,Award Declared,1,1,0,100,7.9,71.4,4,3,100.0,0,0,0
LAP-11630,Tamil Nadu,TAM-1,Power Transmission,Private Agricultural,31.9,50,1,700,Fully Disbursed,94,Partial Possession,2,1,1,0,6.0,60.9,2,4,23.8,1,0,0
LAP-11631,Punjab,PUN-5,Urban Development,Private Agricultural,5.8,3,4,1362,Not Started,3,Survey Complete,1,1,1,26,4.9,60.1,2,2,100.0,1,1,215
LAP-11632,Tamil Nadu,TAM-2,Irrigation,Tribal,28.4,215,6,619,Not Started,2,Award Declared,0,0,0,100,4.0,76.0,1,0,36.5,0,1,80
LAP-11633,Chhattisgarh,CHH-5,Irrigation,Private Agricultural,61.8,9,6,544,Fully Disbursed,86,Full Possession,1,1,1,4,9.2,36.6,2,7,39.2,0,1,90
LAP-11634,Chhattisgarh,CHH-6,Highway,Private Agricultural,37.1,53,1,1239,Partially Disbursed,50,Full Possession,1,1,1,62,2.5,61.0,2,7,64.3,0,1,369
LAP-11635,Telangana,TEL-6,Urban Development,Tribal,144.4,22,6,108,Partially Disbursed,14,Partial Possession,0,0,0,100,4.3,52.6,0,8,47.4,0,1,52
LAP-11636,Jharkhand,JHA-6,Highway,Tribal,26.8,67,6,1295,Not Started,1,Full Possession,2,1,0,100,5.6,67.1,5,8,43.9,0,1,10
LAP-11637,Chhattisgarh,CHH-2,Highway,Forest,43.8,49,1,882,Partially Disbursed,70,Partial Possession,4,1,0,100,8.9,59.6,1,5,71.4,0,0,0
LAP-11638,Telangana,TEL-2,Power Transmission,Tribal,11.4,101,1,1365,Fully Disbursed,88,Survey Complete,1,1,1,59,4.6,33.0,5,7,45.7,0,1,126
LAP-11639,Maharashtra,MAH-5,Airport,Government,12.0,10,3,1301,Not Started,2,Award Declared,0,0,0,100,7.9,86.6,2,0,65.2,0,0,0
LAP-11640,Madhya Pradesh,MAD-2,Irrigation,Private Agricultural,65.1,308,1,1215,Not Started,7,Partial Possession,1,1,0,100,9.5,52.4,0,3,26.1,0,0,0
LAP-11641,West Bengal,WES-6,Industrial Corridor,Private Agricultural,16.3,889,2,211,Not Started,5,Full Possession,1,1,1,11,5.0,54.0,2,3,85.3,0,0,0
LAP-11642,Chhattisgarh,CHH-2,Power Transmission,Tribal,17.0,11,4,184,Fully Disbursed,90,Award Declared,0,0,1,17,3.7,67.9,4,6,69.6,0,0,0
LAP-11643,Chhattisgarh,CHH-4,Industrial Corridor,Private Agricultural,35.7,14,2,1338,Partially Disbursed,62,Partial Possession,0,0,1,67,6.9,45.3,1,3,76.5,0,0,0
LAP-11644,Uttar Pradesh,UTT-2,Highway,Private Agricultural,72.6,62,1,1372,Fully Disbursed,91,Award Declared,1,1,0,100,5.8,76.2,2,1,11.6,0,0,0
LAP-11645,West Bengal,WES-2,Highway,Tribal,19.3,53,4,507,Not Started,7,Survey Complete,0,0,1,4,7.9,46.3,1,3,1.3,0,0,0
LAP-11646,Karnataka,KAR-1,Highway,Tribal,4.8,80,6,1005,Fully Disbursed,99,Not Started,4,1,0,100,6.1,58.1,1,1,84.6,1,0,0
LAP-11647,Madhya Pradesh,MAD-4,Industrial Corridor,Private Agricultural,265.5,219,6,165,Not Started,5,Survey Complete,5,1,0,100,3.5,36.2,2,3,57.8,0,1,148
LAP-11648,West Bengal,WES-4,Railway,Private Agricultural,14.1,14,6,1215,Fully Disbursed,85,Full Possession,0,0,0,100,3.6,79.2,1,6,10.4,0,0,0
LAP-11649,Uttar Pradesh,UTT-3,Urban Development,Private Agricultural,14.5,52,3,537,Not Started,3,Survey Complete,3,1,1,98,8.5,80.5,3,8,42.0,0,0,0
LAP-11650,Punjab,PUN-5,Power Transmission,Private Agricultural,20.5,86,3,934,Not Started,9,Partial Possession,2,0,1,19,5.6,57.4,1,0,84.8,0,0,0
LAP-11651,Rajasthan,RAJ-2,Power Transmission,Private Agricultural,131.6,228,1,409,Not Started,7,Full Possession,0,0,1,92,4.8,78.3,0,2,69.2,0,1,21
LAP-11652,Jharkhand,JHA-2,Highway,Mixed,30.7,11,3,1358,Partially Disbursed,80,Award Declared,1,1,0,100,5.0,50.4,3,0,50.7,1,0,0
LAP-11653,Karnataka,KAR-4,Industrial Corridor,Private Agricultural,87.6,14,6,700,Not Started,8,Award Declared,2,1,1,94,3.5,45.3,0,3,80.4,1,0,0
LAP-11654,Karnataka,KAR-2,Highway,Mixed,11.8,48,2,39,Partially Disbursed,70,Award Declared,0,0,1,3,7.9,70.1,1,5,74.6,0,0,0
LAP-11655,Punjab,PUN-6,Urban Development,Private Agricultural,9.5,18,6,1143,Not Started,9,Award Declared,1,1,0,100,7.5,63.2,3,5,100.0,1,1,128
LAP-11656,Gujarat,GUJ-6,Highway,Government,75.2,13,3,522,Not Started,8,Award Declared,1,1,0,100,7.9,67.8,0,2,24.7,0,0,0
LAP-11657,Karnataka,KAR-4,Highway,Tribal,80.6,20,1,465,Partially Disbursed,70,Not Started,0,0,1,28,7.9,70.3,3,2,82.9,0,0,0
LAP-11658,Jharkhand,JHA-6,Power Transmission,Mixed,6.5,86,1,1301,Partially Disbursed,36,Not Started,2,1,0,100,4.4,58.7,0,0,61.6,0,0,0
LAP-11659,Telangana,TEL-1,Urban Development,Private Agricultural,56.0,792,5,722,Partially Disbursed,36,Not Started,0,0,1,69,4.6,58.6,0,6,45.1,1,0,0
LAP-11660,Punjab,PUN-5,Highway,Private Agricultural,35.6,201,1,381,Partially Disbursed,36,Partial Possession,1,1,1,59,5.1,29.7,0,3,35.4,0,0,0
LAP-11661,Haryana,HAR-4,Urban Development,Private Agricultural,135.3,45,4,1102,Not Started,3,Partial Possession,2,0,0,100,6.8,55.0,3,0,64.7,0,0,0
LAP-11662,Haryana,HAR-3,Irrigation,Forest,48.1,113,3,22,Not Started,8,Full Possession,2,1,1,91,7.6,75.3,3,8,53.2,0,0,0
LAP-11663,West Bengal,WES-3,Renewable Energy,Mixed,80.1,298,6,78,Partially Disbursed,28,Partial Possession,1,0,1,25,7.0,77.6,7,6,70.7,0,0,0
LAP-11664,Telangana,TEL-4,Urban Development,Private Agricultural,18.3,2,6,533,Not Started,8,Partial Possession,1,0,0,100,4.0,66.4,2,7,64.7,0,0,0
LAP-11665,Gujarat,GUJ-1,Railway,Private Agricultural,34.7,93,1,244,Partially Disbursed,49,Award Declared,0,0,1,75,10.0,46.2,3,3,70.9,0,0,0
LAP-11666,Gujarat,GUJ-3,Airport,Forest,155.1,278,2,1405,Fully Disbursed,89,Survey Complete,2,1,0,100,6.9,58.1,1,5,40.6,1,1,116
LAP-11667,Tamil Nadu,TAM-5,Irrigation,Forest,69.5,65,1,698,Fully Disbursed,97,Partial Possession,2,1,0,100,2.6,82.1,2,5,81.3,0,0,0
LAP-11668,West Bengal,WES-3,Urban Development,Private Agricultural,36.3,68,3,94,Not Started,1,Award Declared,1,1,0,100,3.6,57.1,0,5,46.7,0,1,21
LAP-11669,Jharkhand,JHA-1,Industrial Corridor,Private Agricultural,65.3,16,5,1124,Fully Disbursed,96,Full Possession,2,1,1,24,7.0,54.8,0,1,0.0,1,1,163
LAP-11670,Tamil Nadu,TAM-2,Railway,Forest,98.1,55,4,626,Not Started,4,Award Declared,0,0,0,100,7.0,47.9,2,1,81.3,1,0,0
LAP-11671,Punjab,PUN-4,Railway,Mixed,37.0,79,5,1269,Not Started,8,Not Started,1,0,0,100,1.3,55.6,0,3,62.6,0,0,0
LAP-11672,Tamil Nadu,TAM-5,Power Transmission,Private Agricultural,39.9,221,2,528,Fully Disbursed,96,Not Started,0,0,1,41,4.6,34.4,1,5,58.6,0,0,0
LAP-11673,Telangana,TEL-4,Highway,Tribal,4.1,75,4,395,Partially Disbursed,75,Partial Possession,0,0,1,14,5.2,24.8,0,0,50.7,0,0,0
LAP-11674,Tamil Nadu,TAM-5,Highway,Tribal,8.9,17,6,1230,Not Started,6,Survey Complete,0,0,1,84,6.1,22.7,0,5,32.3,0,0,0
LAP-11675,Punjab,PUN-5,Renewable Energy,Tribal,98.9,315,2,1307,Fully Disbursed,91,Award Declared,2,1,1,58,6.0,58.2,2,8,59.0,1,1,95
LAP-11676,Tamil Nadu,TAM-2,Highway,Private Agricultural,15.6,330,2,371,Fully Disbursed,88,Full Possession,1,1,1,98,4.7,25.3,1,0,47.6,0,0,0
LAP-11677,Karnataka,KAR-4,Highway,Private Agricultural,3.3,3,4,319,Fully Disbursed,91,Award Declared,2,1,0,100,3.3,69.6,3,4,0.0,0,0,0
LAP-11678,Punjab,PUN-5,Highway,Forest,20.4,81,5,391,Not Started,3,Partial Possession,1,1,0,100,2.8,100.0,0,4,20.5,0,0,0
LAP-11679,Odisha,ODI-6,Irrigation,Private Agricultural,12.7,20,6,1202,Not Started,9,Award Declared,1,1,0,100,8.3,45.4,1,4,40.8,0,0,0
LAP-11680,Haryana,HAR-6,Industrial Corridor,Tribal,8.8,74,1,1173,Fully Disbursed,89,Full Possession,1,0,1,87,9.0,53.8,6,1,17.4,1,0,0
LAP-11681,Gujarat,GUJ-2,Industrial Corridor,Private Agricultural,106.3,100,1,235,Partially Disbursed,84,Partial Possession,1,1,1,81,6.8,83.7,4,3,44.3,0,0,0
LAP-11682,Rajasthan,RAJ-4,Urban Development,Forest,2.1,49,6,550,Fully Disbursed,89,Full Possession,3,1,0,100,6.1,55.0,3,1,54.6,0,0,0
LAP-11683,Uttar Pradesh,UTT-1,Urban Development,Private Agricultural,19.4,7,1,82,Partially Disbursed,63,Survey Complete,3,1,0,100,8.4,47.6,3,8,38.5,1,1,124
LAP-11684,West Bengal,WES-1,Railway,Tribal,25.1,21,5,1099,Fully Disbursed,88,Partial Possession,0,0,1,27,8.0,76.4,4,2,53.6,0,0,0
LAP-11685,Odisha,ODI-2,Irrigation,Forest,4.8,60,1,590,Partially Disbursed,80,Survey Complete,2,0,0,100,6.2,67.8,4,8,66.3,0,1,32
LAP-11686,Karnataka,KAR-1,Industrial Corridor,Mixed,131.9,12,1,459,Partially Disbursed,18,Partial Possession,0,0,0,100,1.9,55.9,3,1,99.5,0,0,0
LAP-11687,Rajasthan,RAJ-2,Highway,Private Agricultural,85.3,77,4,968,Partially Disbursed,75,Award Declared,1,0,0,100,5.6,19.1,2,0,32.3,0,0,0
LAP-11688,Tamil Nadu,TAM-1,Highway,Private Agricultural,36.2,36,5,706,Partially Disbursed,45,Full Possession,2,1,1,58,7.8,66.1,2,6,100.0,0,0,0
LAP-11689,Bihar,BIH-2,Irrigation,Tribal,2.4,140,4,724,Not Started,4,Survey Complete,1,0,0,100,4.2,61.0,3,7,76.2,0,1,206
LAP-11690,Bihar,BIH-1,Airport,Private Agricultural,5.3,36,6,1361,Fully Disbursed,99,Not Started,0,0,0,100,8.2,56.5,2,8,74.9,0,1,51
LAP-11691,West Bengal,WES-2,Industrial Corridor,Private Agricultural,19.0,54,5,1065,Partially Disbursed,12,Not Started,0,0,0,100,4.5,56.5,1,5,51.2,1,0,0
LAP-11692,West Bengal,WES-4,Power Transmission,Mixed,35.6,195,5,964,Not Started,5,Full Possession,1,1,0,100,5.0,68.8,1,3,50.3,0,0,0
LAP-11693,Telangana,TEL-2,Renewable Energy,Forest,360.7,4,2,589,Not Started,3,Survey Complete,3,1,1,14,6.1,84.4,1,7,74.2,0,0,0
LAP-11694,Karnataka,KAR-3,Highway,Forest,50.3,34,4,1020,Fully Disbursed,87,Award Declared,1,0,0,100,3.2,38.0,2,6,54.6,0,1,275
LAP-11695,Odisha,ODI-6,Industrial Corridor,Forest,5.3,310,3,1204,Fully Disbursed,87,Survey Complete,5,0,0,100,4.4,68.4,2,8,61.5,1,1,126
LAP-11696,Punjab,PUN-5,Power Transmission,Private Agricultural,26.8,41,4,967,Not Started,1,Partial Possession,1,1,0,100,3.7,85.9,3,7,2.0,0,0,0
LAP-11697,Punjab,PUN-1,Industrial Corridor,Private Agricultural,83.5,67,3,1246,Fully Disbursed,92,Full Possession,1,1,0,100,5.4,100.0,3,4,83.3,0,0,0
LAP-11698,Gujarat,GUJ-2,Highway,Private Agricultural,40.1,65,2,1288,Partially Disbursed,79,Not Started,3,1,1,0,7.8,55.8,3,1,6.5,1,0,0
LAP-11699,Rajasthan,RAJ-6,Highway,Tribal,51.4,323,1,228,Partially Disbursed,36,Full Possession,1,1,1,19,5.1,94.3,2,4,50.6,0,1,170
LAP-11700,Gujarat,GUJ-3,Power Transmission,Private Agricultural,40.6,418,3,956,Partially Disbursed,75,Partial Possession,0,0,1,5,4.7,85.6,3,5,83.5,0,1,75
LAP-11701,Telangana,TEL-4,Industrial Corridor,Tribal,26.4,26,6,304,Not Started,6,Award Declared,1,1,0,100,5.5,58.9,0,6,71.1,0,1,153
LAP-11702,Tamil Nadu,TAM-1,Power Transmission,Forest,12.5,32,2,271,Not Started,7,Full Possession,3,0,0,100,6.8,42.5,1,1,69.8,0,0,0
LAP-11703,Bihar,BIH-4,Urban Development,Forest,8.1,284,2,475,Fully Disbursed,87,Award Declared,1,1,0,100,2.2,80.6,3,5,39.9,1,0,0
LAP-11704,Chhattisgarh,CHH-6,Industrial Corridor,Private Agricultural,24.0,23,3,43,Partially Disbursed,74,Partial Possession,0,0,1,32,7.3,64.2,2,3,25.5,0,0,0
LAP-11705,Uttar Pradesh,UTT-6,Irrigation,Private Agricultural,23.4,5,5,1485,Fully Disbursed,92,Partial Possession,1,1,0,100,7.1,60.6,1,7,94.7,0,0,0
LAP-11706,Gujarat,GUJ-6,Urban Development,Tribal,14.0,114,2,952,Partially Disbursed,54,Not Started,1,1,0,100,4.8,56.9,2,2,0.0,0,0,0
LAP-11707,Madhya Pradesh,MAD-5,Irrigation,Private Agricultural,11.1,156,2,1041,Partially Disbursed,11,Survey Complete,0,0,1,15,4.9,87.1,3,6,52.9,1,1,50
LAP-11708,Telangana,TEL-4,Power Transmission,Private Agricultural,200.9,35,3,1174,Partially Disbursed,71,Survey Complete,4,1,0,100,7.1,52.8,1,7,99.7,0,1,75
LAP-11709,Uttar Pradesh,UTT-5,Airport,Tribal,73.7,48,2,966,Fully Disbursed,92,Partial Possession,1,0,0,100,9.2,18.3,1,4,30.8,1,0,0
LAP-11710,Maharashtra,MAH-5,Highway,Mixed,11.6,32,2,653,Partially Disbursed,14,Not Started,0,0,1,76,7.4,100.0,1,6,65.8,0,0,0
LAP-11711,Odisha,ODI-6,Power Transmission,Private Agricultural,484.1,140,3,1270,Not Started,2,Partial Possession,0,0,0,100,8.8,51.5,0,1,55.4,1,0,0
LAP-11712,Odisha,ODI-6,Airport,Forest,5.8,74,5,372,Not Started,8,Partial Possession,2,1,0,100,1.9,39.5,2,3,74.3,0,0,0
LAP-11713,Jharkhand,JHA-3,Renewable Energy,Private Agricultural,6.5,49,5,874,Partially Disbursed,82,Not Started,1,0,0,100,1.9,74.2,1,7,59.0,0,0,0
LAP-11714,Karnataka,KAR-6,Irrigation,Private Agricultural,38.7,22,2,60,Not Started,1,Award Declared,1,0,1,77,4.7,59.0,3,8,56.6,0,0,0
LAP-11715,Madhya Pradesh,MAD-6,Highway,Private Agricultural,10.2,25,4,136,Partially Disbursed,41,Not Started,0,0,1,18,5.6,38.1,3,4,47.4,0,0,0
LAP-11716,Tamil Nadu,TAM-5,Airport,Government,30.9,8,3,524,Fully Disbursed,99,Survey Complete,0,0,0,100,9.5,85.6,1,8,63.9,1,0,0
LAP-11717,Telangana,TEL-2,Airport,Government,39.2,92,6,1462,Not Started,4,Award Declared,3,1,0,100,2.5,69.3,0,1,55.4,0,1,184
LAP-11718,Haryana,HAR-5,Industrial Corridor,Private Agricultural,15.8,36,2,357,Not Started,5,Partial Possession,0,0,1,52,7.9,74.9,1,5,29.4,1,0,0
LAP-11719,Odisha,ODI-4,Industrial Corridor,Private Agricultural,55.6,58,6,1017,Partially Disbursed,24,Survey Complete,1,0,1,49,4.5,51.2,2,4,62.1,0,0,0
LAP-11720,Maharashtra,MAH-4,Urban Development,Government,45.2,33,1,1386,Partially Disbursed,59,Award Declared,0,0,0,100,8.5,76.5,3,1,46.3,0,0,0
LAP-11721,Bihar,BIH-5,Airport,Private Agricultural,5.8,16,5,291,Partially Disbursed,82,Survey Complete,1,0,1,9,7.9,58.1,4,5,39.7,0,0,0
LAP-11722,Odisha,ODI-4,Highway,Forest,115.4,58,2,248,Partially Disbursed,64,Award Declared,2,1,0,100,6.5,98.4,3,6,41.4,0,0,0
LAP-11723,Punjab,PUN-6,Highway,Private Agricultural,31.8,190,5,1401,Fully Disbursed,97,Survey Complete,0,0,0,100,4.9,35.6,3,8,53.7,0,1,54
LAP-11724,Gujarat,GUJ-5,Urban Development,Tribal,5.4,17,4,897,Fully Disbursed,89,Partial Possession,0,0,1,98,8.3,99.9,4,7,0.0,0,0,0
LAP-11725,Haryana,HAR-1,Airport,Private Agricultural,9.6,183,5,967,Partially Disbursed,21,Survey Complete,1,1,1,49,2.7,23.2,4,3,66.6,1,1,47
LAP-11726,Madhya Pradesh,MAD-2,Airport,Tribal,13.7,32,4,1063,Partially Disbursed,37,Survey Complete,1,1,1,25,5.7,76.9,1,3,70.1,0,0,0
LAP-11727,Telangana,TEL-3,Airport,Forest,9.9,52,1,335,Partially Disbursed,18,Survey Complete,0,0,0,100,7.1,43.1,1,2,0.0,0,0,0
LAP-11728,Gujarat,GUJ-5,Highway,Private Agricultural,15.6,10,2,306,Fully Disbursed,90,Partial Possession,0,0,0,100,7.7,71.8,4,2,74.4,0,0,0
LAP-11729,Uttar Pradesh,UTT-2,Industrial Corridor,Government,190.1,21,6,915,Partially Disbursed,45,Award Declared,1,0,0,100,3.9,68.4,3,4,93.2,0,1,28
LAP-11730,Punjab,PUN-6,Airport,Government,2.6,118,4,104,Not Started,6,Award Declared,0,0,1,7,7.4,69.4,4,3,78.9,0,1,103
LAP-11731,Uttar Pradesh,UTT-4,Power Transmission,Forest,21.2,64,1,909,Fully Disbursed,90,Full Possession,0,0,0,100,5.3,69.0,1,2,59.8,1,0,0
LAP-11732,Maharashtra,MAH-5,Renewable Energy,Forest,31.9,27,4,651,Partially Disbursed,76,Survey Complete,2,0,0,100,6.2,96.4,3,1,47.6,1,0,0
LAP-11733,Gujarat,GUJ-4,Railway,Private Agricultural,43.5,21,4,923,Not Started,3,Award Declared,0,0,1,29,5.5,68.9,1,7,53.0,1,1,72
LAP-11734,West Bengal,WES-3,Industrial Corridor,Tribal,9.2,60,6,1387,Not Started,5,Partial Possession,0,0,0,100,7.1,56.3,2,5,79.3,1,0,0
LAP-11735,Punjab,PUN-4,Urban Development,Government,36.2,50,2,1466,Fully Disbursed,97,Not Started,0,0,0,100,8.7,55.3,4,8,57.8,0,1,261
LAP-11736,Gujarat,GUJ-6,Industrial Corridor,Forest,14.0,113,5,978,Not Started,6,Survey Complete,0,0,0,100,9.6,89.5,4,8,45.4,0,1,95
LAP-11737,Telangana,TEL-2,Highway,Tribal,15.8,112,1,1167,Fully Disbursed,99,Full Possession,1,0,1,19,5.0,69.0,1,1,45.2,0,0,0
LAP-11738,Odisha,ODI-2,Industrial Corridor,Tribal,53.1,109,3,773,Not Started,9,Partial Possession,0,0,0,100,2.8,72.9,2,8,52.5,0,0,0
LAP-11739,Madhya Pradesh,MAD-3,Highway,Mixed,640.5,29,3,377,Fully Disbursed,90,Survey Complete,1,0,0,100,9.2,69.4,3,8,37.0,0,0,0
LAP-11740,Rajasthan,RAJ-3,Irrigation,Private Agricultural,182.9,624,2,732,Partially Disbursed,36,Partial Possession,1,0,0,100,7.7,58.6,3,6,12.6,0,0,0
LAP-11741,Jharkhand,JHA-4,Urban Development,Private Agricultural,16.6,99,3,287,Fully Disbursed,87,Partial Possession,2,1,1,5,5.9,58.0,2,1,77.1,1,0,0
LAP-11742,Jharkhand,JHA-2,Industrial Corridor,Forest,47.1,21,4,1252,Not Started,2,Survey Complete,2,0,0,100,8.8,65.9,3,5,26.1,1,1,148
LAP-11743,Rajasthan,RAJ-5,Airport,Forest,65.3,222,2,1180,Partially Disbursed,62,Not Started,4,1,0,100,7.1,72.5,3,2,66.9,0,1,207
LAP-11744,Maharashtra,MAH-6,Railway,Government,6.7,44,3,540,Not Started,3,Survey Complete,1,0,1,10,7.4,35.3,0,0,24.8,0,0,0
LAP-11745,Karnataka,KAR-4,Irrigation,Private Agricultural,1.7,113,4,1072,Partially Disbursed,11,Not Started,2,1,1,69,7.5,86.0,1,5,65.0,1,0,0
LAP-11746,West Bengal,WES-3,Industrial Corridor,Tribal,41.5,161,2,533,Not Started,2,Full Possession,0,0,1,91,6.4,65.7,4,1,97.8,0,0,0
LAP-11747,Maharashtra,MAH-4,Airport,Forest,12.6,69,5,1233,Not Started,4,Partial Possession,1,0,0,100,6.4,48.7,1,1,79.9,1,1,236
LAP-11748,Bihar,BIH-3,Airport,Private Agricultural,98.9,125,6,922,Partially Disbursed,28,Award Declared,1,1,1,77,5.8,59.2,0,2,23.3,1,0,0
LAP-11749,Maharashtra,MAH-4,Highway,Private Agricultural,13.9,17,3,975,Not Started,2,Survey Complete,0,0,0,100,10.0,43.5,2,4,75.2,1,1,85
LAP-11750,Rajasthan,RAJ-5,Railway,Private Agricultural,31.7,82,1,835,Partially Disbursed,16,Partial Possession,0,0,1,74,5.8,71.2,1,1,40.0,0,0,0
LAP-11751,Punjab,PUN-5,Highway,Government,27.3,21,1,890,Not Started,8,Survey Complete,0,0,0,100,2.5,82.7,2,0,87.4,0,0,0
LAP-11752,Telangana,TEL-4,Urban Development,Tribal,24.5,35,6,1474,Fully Disbursed,99,Full Possession,1,1,1,78,6.5,66.9,3,2,81.0,0,0,0
LAP-11753,West Bengal,WES-3,Irrigation,Government,2.5,45,2,1267,Fully Disbursed,100,Not Started,2,0,1,74,5.2,86.8,1,7,58.3,1,0,0
LAP-11754,Telangana,TEL-6,Urban Development,Tribal,21.6,63,4,1309,Fully Disbursed,98,Partial Possession,0,0,0,100,9.7,41.4,5,2,15.8,1,0,0
LAP-11755,Bihar,BIH-2,Airport,Government,13.7,29,3,1055,Not Started,0,Survey Complete,1,1,0,100,6.1,47.5,1,1,24.1,0,1,60
LAP-11756,Punjab,PUN-5,Highway,Tribal,4.5,134,1,1360,Fully Disbursed,86,Partial Possession,0,0,0,100,4.7,52.6,2,5,45.9,0,1,162
LAP-11757,Punjab,PUN-6,Power Transmission,Private Agricultural,32.0,162,6,165,Not Started,1,Survey Complete,1,0,0,100,3.8,54.3,1,1,11.0,0,0,0
LAP-11758,Karnataka,KAR-3,Power Transmission,Private Agricultural,57.8,31,1,1002,Not Started,0,Not Started,1,0,1,64,8.2,70.2,3,2,15.3,0,0,0
LAP-11759,Gujarat,GUJ-6,Urban Development,Private Agricultural,18.4,21,4,650,Fully Disbursed,93,Full Possession,0,0,1,25,3.5,84.0,4,7,65.5,0,0,0
LAP-11760,Uttar Pradesh,UTT-1,Renewable Energy,Tribal,250.1,22,1,906,Not Started,7,Survey Complete,1,0,0,100,5.3,100.0,3,6,26.5,0,0,0
LAP-11761,Bihar,BIH-6,Railway,Government,26.9,101,5,1211,Not Started,7,Partial Possession,0,0,0,100,5.7,49.4,2,3,65.7,0,0,0
LAP-11762,Karnataka,KAR-5,Highway,Private Agricultural,18.8,48,4,177,Partially Disbursed,81,Survey Complete,2,1,0,100,6.9,65.3,4,0,63.6,0,0,0
LAP-11763,Rajasthan,RAJ-4,Renewable Energy,Tribal,10.4,161,1,465,Partially Disbursed,15,Partial Possession,2,1,1,10,5.9,82.2,3,7,73.0,0,1,100
LAP-11764,Uttar Pradesh,UTT-1,Highway,Tribal,16.0,55,6,1149,Fully Disbursed,98,Partial Possession,0,0,1,73,3.4,59.2,4,3,100.0,0,1,126
LAP-11765,Maharashtra,MAH-4,Power Transmission,Private Agricultural,7.1,29,1,1096,Not Started,7,Partial Possession,1,1,1,50,5.7,57.9,4,1,52.5,0,0,0
LAP-11766,Telangana,TEL-2,Railway,Forest,16.0,228,6,87,Fully Disbursed,89,Survey Complete,0,0,0,100,5.2,68.2,3,3,37.5,0,1,142
LAP-11767,Haryana,HAR-2,Irrigation,Government,95.5,6,6,184,Not Started,7,Survey Complete,1,1,0,100,9.9,96.6,1,1,79.0,0,0,0
LAP-11768,Odisha,ODI-2,Highway,Tribal,44.7,27,1,1399,Not Started,0,Partial Possession,2,1,0,100,4.0,77.4,1,0,32.2,0,1,48
LAP-11769,Jharkhand,JHA-2,Renewable Energy,Private Agricultural,87.7,36,2,1206,Partially Disbursed,83,Award Declared,1,1,0,100,6.1,88.2,3,7,85.7,0,0,0
LAP-11770,Tamil Nadu,TAM-2,Irrigation,Private Agricultural,23.7,28,1,400,Partially Disbursed,54,Award Declared,1,0,0,100,7.1,65.3,0,5,57.7,1,0,0
LAP-11771,Haryana,HAR-5,Power Transmission,Private Agricultural,30.1,24,2,53,Partially Disbursed,62,Survey Complete,1,1,1,24,5.6,40.3,0,3,100.0,0,0,0
LAP-11772,Jharkhand,JHA-4,Power Transmission,Private Agricultural,16.4,12,2,730,Partially Disbursed,13,Full Possession,3,1,1,33,7.0,89.1,2,6,100.0,0,0,0
LAP-11773,Haryana,HAR-2,Urban Development,Mixed,32.8,220,5,481,Partially Disbursed,50,Survey Complete,1,0,0,100,6.3,38.9,3,5,92.3,0,0,0
LAP-11774,Gujarat,GUJ-1,Irrigation,Private Agricultural,16.8,29,4,604,Fully Disbursed,94,Survey Complete,1,1,1,55,9.9,75.9,3,7,48.8,1,1,52
LAP-11775,Haryana,HAR-3,Irrigation,Forest,42.4,244,4,647,Not Started,1,Award Declared,1,1,0,100,5.5,59.4,2,8,14.7,0,1,157
LAP-11776,Jharkhand,JHA-1,Power Transmission,Private Agricultural,37.5,24,6,885,Not Started,9,Partial Possession,0,0,1,73,7.9,69.9,2,2,63.8,0,0,0
LAP-11777,Chhattisgarh,CHH-6,Highway,Private Agricultural,16.0,123,2,323,Not Started,4,Award Declared,1,1,1,17,7.3,73.3,1,2,61.3,0,0,0
LAP-11778,Odisha,ODI-5,Urban Development,Private Agricultural,18.1,166,2,907,Not Started,7,Partial Possession,0,0,0,100,5.7,35.8,2,8,52.7,1,0,0
LAP-11779,Odisha,ODI-1,Highway,Tribal,8.3,206,6,1467,Partially Disbursed,82,Award Declared,0,0,0,100,4.1,60.8,0,5,72.8,1,0,0
LAP-11780,Madhya Pradesh,MAD-6,Irrigation,Private Agricultural,57.6,14,5,1189,Fully Disbursed,92,Not Started,2,0,1,50,7.3,31.0,1,4,50.8,0,1,345
LAP-11781,Karnataka,KAR-4,Renewable Energy,Tribal,49.2,74,6,1185,Not Started,5,Not Started,0,0,0,100,5.4,85.6,3,8,49.1,1,0,0
LAP-11782,Maharashtra,MAH-2,Highway,Forest,12.3,161,4,855,Fully Disbursed,87,Survey Complete,1,1,1,9,6.5,53.7,1,6,31.0,0,1,312
LAP-11783,Odisha,ODI-5,Industrial Corridor,Forest,5.9,33,5,1035,Partially Disbursed,23,Full Possession,3,1,0,100,3.8,37.3,1,5,77.6,0,1,210
LAP-11784,Madhya Pradesh,MAD-4,Urban Development,Mixed,15.2,292,1,372,Not Started,2,Not Started,0,0,0,100,7.2,100.0,0,7,52.1,0,1,243
LAP-11785,Chhattisgarh,CHH-3,Irrigation,Government,20.4,55,4,109,Partially Disbursed,50,Award Declared,2,1,0,100,1.0,42.5,5,3,89.2,0,1,187
LAP-11786,Karnataka,KAR-5,Urban Development,Private Agricultural,4.2,14,4,270,Not Started,4,Survey Complete,1,1,1,23,9.4,100.0,3,6,51.2,0,0,0
LAP-11787,Jharkhand,JHA-3,Industrial Corridor,Mixed,69.0,30,6,795,Fully Disbursed,85,Survey Complete,2,1,0,100,6.4,90.3,0,6,35.8,0,0,0
LAP-11788,Tamil Nadu,TAM-6,Highway,Tribal,27.7,47,3,48,Not Started,7,Partial Possession,0,0,0,100,6.8,57.7,4,1,77.2,0,0,0
LAP-11789,Haryana,HAR-6,Railway,Government,23.9,34,6,771,Fully Disbursed,89,Award Declared,1,1,0,100,4.4,96.4,2,2,33.5,0,0,0
LAP-11790,West Bengal,WES-3,Highway,Forest,69.0,47,5,368,Fully Disbursed,87,Survey Complete,0,0,0,100,6.3,62.5,1,0,58.9,0,0,0
LAP-11791,Punjab,PUN-3,Irrigation,Private Agricultural,81.2,40,3,939,Partially Disbursed,64,Partial Possession,0,0,1,11,5.5,26.6,5,7,38.2,1,0,0
LAP-11792,Maharashtra,MAH-1,Irrigation,Private Agricultural,5.5,90,2,1152,Partially Disbursed,79,Partial Possession,1,0,0,100,4.1,55.8,4,8,32.5,0,1,206
LAP-11793,Haryana,HAR-3,Irrigation,Tribal,75.2,30,4,814,Partially Disbursed,17,Partial Possession,2,0,0,100,6.5,36.0,2,1,69.7,0,0,0
LAP-11794,Chhattisgarh,CHH-4,Power Transmission,Tribal,22.6,56,6,945,Not Started,1,Not Started,0,0,0,100,5.8,57.6,4,8,58.1,0,1,44
LAP-11795,Tamil Nadu,TAM-4,Highway,Forest,49.3,583,4,971,Partially Disbursed,78,Partial Possession,3,0,1,53,2.5,56.8,1,8,55.9,0,1,103
LAP-11796,Maharashtra,MAH-4,Irrigation,Government,6.5,10,5,968,Not Started,3,Award Declared,2,1,1,80,4.5,69.1,1,3,60.2,0,1,31
LAP-11797,Gujarat,GUJ-5,Urban Development,Private Agricultural,496.7,40,5,46,Not Started,8,Survey Complete,0,0,0,100,3.0,49.1,1,8,35.0,0,1,176
LAP-11798,Jharkhand,JHA-3,Highway,Private Agricultural,46.0,32,4,116,Partially Disbursed,73,Not Started,0,0,1,49,5.4,45.0,3,5,51.0,0,0,0
LAP-11799,Punjab,PUN-4,Urban Development,Government,18.4,11,4,869,Not Started,0,Award Declared,0,0,1,91,8.5,35.4,2,4,61.4,0,0,0
LAP-11800,Madhya Pradesh,MAD-3,Urban Development,Forest,4.5,6,6,1418,Partially Disbursed,31,Full Possession,3,0,0,100,5.4,100.0,5,7,35.6,0,1,41
LAP-11801,Tamil Nadu,TAM-1,Highway,Private Agricultural,21.1,37,1,851,Fully Disbursed,86,Survey Complete,0,0,0,100,8.9,59.2,1,4,83.5,0,0,0
LAP-11802,Chhattisgarh,CHH-2,Renewable Energy,Private Agricultural,18.9,89,1,193,Partially Disbursed,10,Survey Complete,1,1,0,100,6.1,72.9,0,0,25.7,0,0,0
LAP-11803,Tamil Nadu,TAM-5,Highway,Mixed,16.8,18,6,699,Fully Disbursed,86,Not Started,2,0,0,100,8.5,66.1,1,2,36.3,1,0,0
LAP-11804,Haryana,HAR-5,Highway,Private Agricultural,20.6,8,2,875,Not Started,1,Not Started,0,0,1,23,6.8,71.3,4,3,53.8,0,0,0
LAP-11805,West Bengal,WES-6,Highway,Private Agricultural,14.4,6,6,1460,Fully Disbursed,92,Full Possession,3,0,0,100,7.6,82.2,3,6,78.0,1,1,80
LAP-11806,Rajasthan,RAJ-1,Irrigation,Tribal,330.5,106,4,1094,Partially Disbursed,15,Award Declared,5,1,0,100,6.6,35.1,2,1,80.5,0,1,137
LAP-11807,Gujarat,GUJ-1,Power Transmission,Forest,26.3,429,5,873,Partially Disbursed,57,Survey Complete,0,0,0,100,6.7,34.6,3,0,32.2,1,0,0
LAP-11808,Gujarat,GUJ-4,Urban Development,Private Agricultural,37.2,38,3,163,Partially Disbursed,78,Partial Possession,0,0,1,100,7.1,57.7,1,5,85.1,1,1,47
LAP-11809,Madhya Pradesh,MAD-6,Irrigation,Private Agricultural,29.2,5,5,174,Fully Disbursed,92,Award Declared,0,0,0,100,4.6,70.8,2,5,39.6,0,0,0
LAP-11810,Telangana,TEL-5,Renewable Energy,Government,12.5,10,6,202,Not Started,8,Award Declared,3,1,0,100,9.8,42.2,2,7,80.9,0,0,0
LAP-11811,West Bengal,WES-3,Urban Development,Tribal,126.9,108,2,674,Partially Disbursed,82,Partial Possession,2,1,1,93,5.3,46.0,3,7,31.0,1,0,0
LAP-11812,Madhya Pradesh,MAD-1,Irrigation,Government,50.2,1042,4,44,Partially Disbursed,69,Award Declared,0,0,0,100,6.5,79.7,3,8,53.8,0,0,0
LAP-11813,Chhattisgarh,CHH-1,Irrigation,Forest,14.6,729,4,372,Not Started,7,Not Started,1,1,0,100,8.1,59.0,3,1,60.0,0,0,0
LAP-11814,Odisha,ODI-4,Industrial Corridor,Tribal,5.1,98,5,1193,Not Started,5,Not Started,3,1,0,100,8.4,21.6,2,3,78.4,0,1,121
LAP-11815,Haryana,HAR-3,Railway,Private Agricultural,210.5,102,6,772,Partially Disbursed,71,Award Declared,1,1,1,10,4.7,58.7,0,8,69.9,0,0,0
LAP-11816,West Bengal,WES-6,Urban Development,Private Agricultural,27.3,19,2,298,Not Started,9,Award Declared,2,1,0,100,4.5,39.8,2,5,45.3,0,0,0
LAP-11817,Karnataka,KAR-3,Highway,Tribal,80.0,123,2,432,Partially Disbursed,59,Partial Possession,2,0,1,92,6.3,5.0,1,3,68.1,0,1,58
LAP-11818,Rajasthan,RAJ-2,Power Transmission,Tribal,9.7,168,3,1160,Partially Disbursed,45,Award Declared,4,1,0,100,4.0,37.5,0,8,100.0,1,1,32
LAP-11819,West Bengal,WES-4,Irrigation,Private Agricultural,28.5,36,1,1010,Not Started,3,Full Possession,2,1,1,17,5.0,43.4,3,7,12.0,0,1,113
LAP-11820,Karnataka,KAR-6,Railway,Mixed,59.7,101,6,383,Partially Disbursed,79,Partial Possession,1,1,1,28,5.0,70.8,2,1,79.0,1,0,0
LAP-11821,Maharashtra,MAH-6,Irrigation,Mixed,10.7,47,1,625,Not Started,8,Survey Complete,0,0,0,100,4.5,76.7,4,4,12.5,1,0,0
LAP-11822,Chhattisgarh,CHH-5,Railway,Government,11.4,86,2,940,Not Started,1,Award Declared,0,0,1,52,2.3,57.5,0,2,89.8,0,0,0
LAP-11823,West Bengal,WES-5,Industrial Corridor,Government,11.8,681,3,1400,Not Started,9,Partial Possession,2,0,0,100,6.9,61.3,2,2,83.6,0,0,0
LAP-11824,Haryana,HAR-4,Renewable Energy,Private Agricultural,49.2,23,5,1088,Partially Disbursed,72,Survey Complete,0,0,1,55,5.3,67.6,2,2,41.3,0,0,0
LAP-11825,West Bengal,WES-5,Airport,Forest,15.9,75,4,1112,Fully Disbursed,93,Survey Complete,0,0,1,9,6.9,78.0,3,7,88.6,0,0,0
LAP-11826,Telangana,TEL-6,Irrigation,Private Agricultural,5.6,51,2,1086,Not Started,3,Partial Possession,0,0,1,54,6.0,55.7,4,2,60.1,0,0,0
LAP-11827,Telangana,TEL-6,Urban Development,Government,4.5,28,5,315,Not Started,8,Survey Complete,0,0,0,100,6.3,14.3,2,1,47.4,0,0,0
LAP-11828,Telangana,TEL-1,Highway,Private Agricultural,5.1,51,4,154,Partially Disbursed,15,Survey Complete,0,0,1,33,7.3,70.8,1,2,68.5,0,0,0
LAP-11829,Chhattisgarh,CHH-6,Industrial Corridor,Private Agricultural,24.2,80,2,699,Fully Disbursed,90,Partial Possession,1,1,1,85,5.5,71.3,1,5,50.0,0,0,0
LAP-11830,Uttar Pradesh,UTT-4,Highway,Government,34.1,24,1,1499,Not Started,2,Partial Possession,1,1,0,100,6.3,37.3,2,0,100.0,0,1,46
LAP-11831,Madhya Pradesh,MAD-1,Industrial Corridor,Private Agricultural,83.7,57,2,127,Partially Disbursed,62,Award Declared,2,1,1,98,6.2,57.5,3,7,80.6,0,1,92
LAP-11832,Maharashtra,MAH-3,Highway,Tribal,2.5,14,1,781,Not Started,9,Survey Complete,1,1,1,15,7.9,46.7,1,4,55.7,0,0,0
LAP-11833,Bihar,BIH-4,Railway,Private Agricultural,5.8,45,1,1010,Fully Disbursed,94,Partial Possession,0,0,1,38,1.1,62.2,3,6,53.1,0,1,26
LAP-11834,Punjab,PUN-6,Urban Development,Private Agricultural,15.2,78,3,752,Fully Disbursed,92,Partial Possession,1,1,1,90,3.4,30.6,3,8,85.3,1,1,65
LAP-11835,Rajasthan,RAJ-3,Irrigation,Mixed,4.7,13,4,936,Partially Disbursed,38,Partial Possession,0,0,0,100,5.0,58.8,1,7,49.8,0,0,0
LAP-11836,Uttar Pradesh,UTT-1,Urban Development,Forest,12.2,56,5,975,Not Started,4,Full Possession,2,0,0,100,4.7,76.0,1,4,49.5,0,0,0
LAP-11837,Maharashtra,MAH-5,Irrigation,Private Agricultural,34.0,137,2,863,Fully Disbursed,93,Partial Possession,2,1,1,56,8.3,35.3,1,0,27.2,0,1,483
LAP-11838,Madhya Pradesh,MAD-5,Irrigation,Government,13.6,151,3,271,Partially Disbursed,22,Survey Complete,0,0,0,100,3.9,70.8,2,1,85.0,1,0,0
LAP-11839,Punjab,PUN-3,Highway,Tribal,24.1,39,4,1237,Not Started,7,Partial Possession,1,1,1,100,4.6,45.2,1,0,6.2,0,1,82
LAP-11840,Chhattisgarh,CHH-5,Highway,Mixed,3.8,26,2,106,Not Started,1,Partial Possession,0,0,0,100,4.6,35.7,1,1,84.3,0,1,56
LAP-11841,West Bengal,WES-5,Highway,Forest,37.3,116,5,742,Partially Disbursed,65,Survey Complete,0,0,0,100,8.0,55.5,0,7,62.8,1,1,31
LAP-11842,Chhattisgarh,CHH-6,Urban Development,Private Agricultural,19.4,91,4,152,Fully Disbursed,100,Survey Complete,1,0,0,100,5.8,53.0,2,8,70.0,0,0,0
LAP-11843,Odisha,ODI-3,Highway,Private Agricultural,13.7,14,4,1244,Not Started,5,Survey Complete,1,1,0,100,9.5,75.0,1,8,49.3,1,1,97
LAP-11844,Bihar,BIH-5,Highway,Government,74.3,72,3,1436,Partially Disbursed,12,Partial Possession,0,0,0,100,6.4,42.3,2,7,40.7,0,0,0
LAP-11845,Telangana,TEL-4,Irrigation,Private Agricultural,12.3,106,5,74,Partially Disbursed,68,Award Declared,1,1,1,11,5.2,46.5,0,4,100.0,0,0,0
LAP-11846,Odisha,ODI-3,Renewable Energy,Private Agricultural,89.6,39,3,857,Not Started,4,Partial Possession,0,0,0,100,7.9,58.9,1,3,43.5,0,0,0
LAP-11847,Tamil Nadu,TAM-6,Urban Development,Private Agricultural,30.2,267,1,721,Fully Disbursed,96,Award Declared,0,0,1,27,6.2,57.2,1,5,45.4,1,0,0
LAP-11848,Maharashtra,MAH-5,Power Transmission,Tribal,18.7,58,1,681,Partially Disbursed,32,Award Declared,3,0,0,100,6.4,58.7,4,3,48.4,1,1,180
LAP-11849,Telangana,TEL-3,Urban Development,Private Agricultural,12.7,6,3,985,Fully Disbursed,91,Partial Possession,1,1,0,100,7.2,71.1,3,8,78.2,0,0,0
LAP-11850,Uttar Pradesh,UTT-2,Industrial Corridor,Government,6.8,72,2,766,Not Started,2,Award Declared,0,0,0,100,4.1,73.9,4,2,2.5,0,0,0
LAP-11851,West Bengal,WES-2,Urban Development,Forest,35.4,135,1,1101,Not Started,6,Full Possession,4,0,0,100,6.8,78.1,1,6,49.5,0,1,13
LAP-11852,Bihar,BIH-4,Industrial Corridor,Mixed,23.4,11,4,1353,Partially Disbursed,82,Not Started,0,0,1,6,3.6,19.8,2,6,0.0,0,1,102
LAP-11853,Jharkhand,JHA-6,Industrial Corridor,Mixed,35.0,8,4,875,Not Started,5,Not Started,0,0,0,100,7.3,70.4,3,4,93.6,0,1,5
LAP-11854,West Bengal,WES-2,Railway,Mixed,45.5,49,3,748,Not Started,4,Full Possession,1,0,1,32,5.1,84.3,1,4,49.8,0,0,0
LAP-11855,Maharashtra,MAH-4,Urban Development,Private Agricultural,16.1,60,6,1399,Fully Disbursed,87,Survey Complete,0,0,1,44,4.9,56.1,0,3,50.9,0,0,0
LAP-11856,Gujarat,GUJ-3,Industrial Corridor,Government,86.6,28,6,577,Fully Disbursed,90,Survey Complete,1,1,0,100,4.7,91.8,1,2,89.7,0,0,0
LAP-11857,Uttar Pradesh,UTT-5,Highway,Mixed,21.3,123,4,84,Not Started,0,Award Declared,0,0,0,100,6.6,25.2,2,8,51.1,0,1,216
LAP-11858,Telangana,TEL-6,Renewable Energy,Mixed,40.9,112,1,935,Partially Disbursed,74,Partial Possession,2,1,0,100,2.4,49.4,1,8,76.1,0,1,396
LAP-11859,Haryana,HAR-1,Highway,Private Agricultural,5.9,44,2,1102,Partially Disbursed,48,Award Declared,1,1,1,99,8.9,82.0,2,4,72.4,0,0,0
LAP-11860,West Bengal,WES-5,Highway,Government,20.6,35,2,1393,Partially Disbursed,40,Not Started,0,0,0,100,5.3,39.9,0,6,58.9,1,0,0
LAP-11861,Punjab,PUN-4,Irrigation,Private Agricultural,67.5,25,1,43,Partially Disbursed,65,Survey Complete,0,0,1,31,5.8,87.7,0,6,56.1,0,0,0
LAP-11862,Gujarat,GUJ-6,Power Transmission,Government,12.8,232,2,169,Fully Disbursed,97,Partial Possession,0,0,0,100,5.6,37.0,3,2,38.4,0,0,0
LAP-11863,Haryana,HAR-2,Highway,Forest,128.2,59,2,824,Partially Disbursed,50,Not Started,0,0,0,100,7.8,50.9,2,2,61.0,1,1,125
LAP-11864,Uttar Pradesh,UTT-4,Irrigation,Tribal,13.5,14,4,601,Partially Disbursed,59,Award Declared,1,1,1,47,3.5,33.5,1,7,45.5,0,1,139
LAP-11865,Karnataka,KAR-6,Highway,Private Agricultural,14.8,45,2,1473,Partially Disbursed,30,Not Started,0,0,1,13,5.7,49.5,3,4,14.5,0,0,0
LAP-11866,Bihar,BIH-4,Power Transmission,Private Agricultural,6.6,14,1,87,Not Started,7,Not Started,1,1,1,29,9.5,81.8,3,7,13.2,0,1,25
LAP-11867,Bihar,BIH-4,Airport,Tribal,110.5,220,4,16,Fully Disbursed,96,Full Possession,0,0,1,82,3.3,76.4,4,1,43.4,0,1,36
LAP-11868,Karnataka,KAR-1,Highway,Tribal,26.6,52,4,1450,Partially Disbursed,18,Full Possession,2,1,0,100,6.4,68.4,1,4,49.1,0,1,158
LAP-11869,Haryana,HAR-6,Irrigation,Private Agricultural,4.0,28,1,875,Not Started,9,Award Declared,0,0,1,94,5.0,7.8,2,6,100.0,1,0,0
LAP-11870,Madhya Pradesh,MAD-4,Industrial Corridor,Mixed,105.3,26,1,1296,Partially Disbursed,64,Survey Complete,2,1,1,81,5.6,45.5,1,1,18.2,1,0,0
LAP-11871,Odisha,ODI-5,Airport,Tribal,45.5,100,3,746,Not Started,4,Award Declared,1,1,1,81,8.2,55.5,3,0,43.6,0,0,0
LAP-11872,Maharashtra,MAH-4,Railway,Forest,64.0,29,1,122,Not Started,7,Award Declared,1,0,0,100,6.7,63.0,3,8,0.0,1,0,0
LAP-11873,Bihar,BIH-1,Irrigation,Government,65.3,256,5,1483,Not Started,0,Full Possession,2,1,0,100,8.1,64.8,3,6,54.2,0,1,482
LAP-11874,Jharkhand,JHA-5,Highway,Private Agricultural,52.4,13,4,628,Fully Disbursed,94,Survey Complete,1,0,0,100,3.7,65.9,1,6,51.3,0,0,0
LAP-11875,Gujarat,GUJ-3,Urban Development,Private Agricultural,10.7,31,3,54,Fully Disbursed,93,Full Possession,0,0,0,100,6.7,34.7,0,1,53.9,1,0,0
LAP-11876,Uttar Pradesh,UTT-2,Urban Development,Tribal,5.1,257,4,165,Not Started,2,Partial Possession,0,0,1,73,7.8,41.2,1,5,32.9,0,0,0
LAP-11877,Gujarat,GUJ-2,Highway,Private Agricultural,33.8,17,3,725,Partially Disbursed,40,Partial Possession,0,0,0,100,7.0,32.2,2,1,29.4,1,0,0
LAP-11878,Karnataka,KAR-2,Highway,Government,8.5,46,4,733,Fully Disbursed,93,Award Declared,0,0,0,100,4.5,57.2,3,6,49.3,0,1,180
LAP-11879,Bihar,BIH-4,Highway,Forest,19.2,24,6,1313,Not Started,1,Not Started,3,0,1,17,5.5,100.0,3,3,90.0,0,1,217
LAP-11880,Punjab,PUN-2,Airport,Private Agricultural,8.5,181,6,724,Not Started,9,Not Started,0,0,0,100,6.9,72.0,1,1,80.2,1,0,0
LAP-11881,West Bengal,WES-4,Airport,Government,8.9,465,6,886,Partially Disbursed,42,Partial Possession,2,0,0,100,9.4,73.0,3,1,76.3,1,0,0
LAP-11882,Bihar,BIH-3,Industrial Corridor,Mixed,35.7,49,6,230,Partially Disbursed,69,Full Possession,0,0,0,100,8.4,72.6,1,8,73.7,0,0,0
LAP-11883,Madhya Pradesh,MAD-5,Power Transmission,Tribal,145.9,49,6,748,Not Started,9,Survey Complete,3,1,0,100,7.0,59.9,3,8,70.9,1,1,122
LAP-11884,Jharkhand,JHA-5,Renewable Energy,Private Agricultural,81.1,42,2,48,Fully Disbursed,86,Not Started,0,0,1,95,4.4,89.9,0,4,41.4,0,0,0
LAP-11885,Odisha,ODI-3,Railway,Mixed,38.9,67,3,49,Partially Disbursed,39,Not Started,0,0,1,57,9.6,25.6,0,0,76.8,1,0,0
LAP-11886,Rajasthan,RAJ-5,Urban Development,Mixed,238.9,42,5,1306,Partially Disbursed,15,Survey Complete,1,0,0,100,6.4,27.0,0,5,43.5,0,1,328
LAP-11887,Rajasthan,RAJ-6,Airport,Government,114.0,26,2,862,Partially Disbursed,70,Full Possession,1,1,0,100,5.3,55.0,2,2,67.1,0,0,0
LAP-11888,Rajasthan,RAJ-6,Airport,Forest,4.9,13,4,1324,Partially Disbursed,27,Award Declared,1,1,0,100,4.3,81.7,1,1,91.2,0,0,0
LAP-11889,Punjab,PUN-2,Industrial Corridor,Government,85.0,14,1,878,Not Started,0,Award Declared,1,1,0,100,8.8,66.8,2,5,48.5,0,0,0
LAP-11890,Odisha,ODI-2,Highway,Private Agricultural,95.9,4,3,1276,Not Started,2,Survey Complete,1,1,1,67,6.2,50.8,3,1,72.6,0,0,0
LAP-11891,Telangana,TEL-4,Highway,Tribal,59.6,148,4,1068,Not Started,9,Award Declared,3,1,1,40,4.6,58.7,3,3,42.4,1,1,78
LAP-11892,West Bengal,WES-5,Highway,Mixed,18.5,10,6,32,Partially Disbursed,43,Survey Complete,3,1,0,100,4.9,80.2,1,7,54.7,0,1,267
LAP-11893,Karnataka,KAR-2,Highway,Mixed,15.3,114,2,53,Not Started,3,Partial Possession,1,1,0,100,7.0,77.7,0,8,36.6,0,0,0
LAP-11894,Tamil Nadu,TAM-5,Industrial Corridor,Tribal,20.6,927,4,342,Fully Disbursed,87,Not Started,2,1,1,32,5.0,56.1,3,3,65.6,0,1,83
LAP-11895,Gujarat,GUJ-5,Industrial Corridor,Forest,198.5,52,3,894,Partially Disbursed,47,Survey Complete,1,0,1,90,9.3,72.5,2,5,54.0,0,0,0
LAP-11896,Jharkhand,JHA-2,Power Transmission,Private Agricultural,131.3,40,2,622,Partially Disbursed,20,Survey Complete,0,0,0,100,8.3,22.0,0,6,33.3,0,0,0
LAP-11897,Punjab,PUN-5,Irrigation,Private Agricultural,17.6,7,4,1340,Partially Disbursed,47,Not Started,0,0,1,43,5.8,33.5,2,2,63.5,0,0,0
LAP-11898,Gujarat,GUJ-6,Urban Development,Government,114.9,145,1,448,Not Started,1,Full Possession,0,0,0,100,3.2,72.0,6,8,57.2,0,1,124
LAP-11899,Madhya Pradesh,MAD-6,Industrial Corridor,Mixed,26.1,5,2,591,Not Started,3,Partial Possession,1,0,0,100,9.1,45.1,2,5,20.0,0,0,0
LAP-11900,West Bengal,WES-1,Industrial Corridor,Forest,17.7,81,4,192,Not Started,2,Survey Complete,0,0,1,51,7.3,82.6,2,4,35.3,1,0,0
LAP-11901,Karnataka,KAR-5,Irrigation,Government,10.3,18,4,233,Not Started,7,Survey Complete,0,0,0,100,7.6,70.4,4,1,67.8,1,0,0
LAP-11902,West Bengal,WES-1,Railway,Private Agricultural,63.6,77,1,919,Fully Disbursed,87,Survey Complete,0,0,1,24,8.2,41.5,6,8,55.5,0,0,0
LAP-11903,West Bengal,WES-5,Power Transmission,Private Agricultural,3.6,133,5,171,Partially Disbursed,47,Partial Possession,0,0,1,11,6.2,51.0,3,5,66.1,0,0,0
LAP-11904,Uttar Pradesh,UTT-5,Urban Development,Private Agricultural,17.8,163,6,1139,Partially Disbursed,28,Not Started,3,1,0,100,4.7,63.7,0,3,100.0,0,1,30
LAP-11905,Odisha,ODI-4,Highway,Private Agricultural,4.3,19,5,855,Partially Disbursed,72,Partial Possession,0,0,1,74,6.7,31.3,6,0,35.3,0,0,0
LAP-11906,Maharashtra,MAH-5,Renewable Energy,Private Agricultural,17.1,18,6,1369,Not Started,0,Survey Complete,0,0,0,100,3.5,82.5,2,7,11.4,0,1,366
LAP-11907,Odisha,ODI-2,Highway,Tribal,80.1,85,6,1362,Fully Disbursed,100,Award Declared,2,1,1,63,6.0,47.4,4,0,100.0,0,0,0
LAP-11908,West Bengal,WES-4,Urban Development,Private Agricultural,25.5,411,2,1354,Partially Disbursed,11,Partial Possession,0,0,1,79,1.0,59.3,0,2,59.9,0,0,0
LAP-11909,Chhattisgarh,CHH-2,Urban Development,Private Agricultural,7.9,38,2,1499,Not Started,5,Not Started,0,0,1,30,6.6,13.1,2,6,44.4,1,1,13
LAP-11910,Telangana,TEL-2,Industrial Corridor,Private Agricultural,8.3,88,5,1300,Fully Disbursed,86,Award Declared,1,1,0,100,6.2,49.8,0,1,53.6,0,1,133
LAP-11911,Telangana,TEL-1,Renewable Energy,Private Agricultural,52.2,21,2,357,Fully Disbursed,96,Full Possession,0,0,0,100,2.0,80.9,2,6,19.2,0,0,0
LAP-11912,Gujarat,GUJ-5,Urban Development,Government,26.7,340,3,1275,Not Started,7,Partial Possession,1,0,1,19,5.4,70.6,2,0,63.6,0,0,0
LAP-11913,Jharkhand,JHA-3,Renewable Energy,Tribal,144.3,279,2,804,Partially Disbursed,13,Survey Complete,1,1,0,100,7.2,59.0,1,3,100.0,0,0,0
LAP-11914,Rajasthan,RAJ-1,Renewable Energy,Private Agricultural,43.1,50,6,466,Partially Disbursed,65,Not Started,3,0,1,42,6.1,63.8,3,7,66.3,0,1,168
LAP-11915,Rajasthan,RAJ-1,Railway,Private Agricultural,74.2,12,3,107,Partially Disbursed,67,Not Started,0,0,0,100,6.9,58.6,5,0,64.2,0,0,0
LAP-11916,West Bengal,WES-3,Industrial Corridor,Private Agricultural,97.8,34,3,1088,Not Started,6,Not Started,1,1,0,100,10.0,67.6,3,8,63.7,1,0,0
LAP-11917,Gujarat,GUJ-6,Highway,Forest,11.7,13,5,1300,Partially Disbursed,29,Partial Possession,0,0,0,100,6.3,55.9,2,8,32.8,0,0,0
LAP-11918,Gujarat,GUJ-4,Renewable Energy,Private Agricultural,48.3,69,5,1369,Not Started,8,Full Possession,0,0,0,100,4.4,96.0,2,5,62.6,1,1,68
LAP-11919,Gujarat,GUJ-1,Urban Development,Private Agricultural,83.7,12,3,248,Fully Disbursed,97,Not Started,0,0,0,100,10.0,62.0,0,7,45.5,1,0,0
LAP-11920,Gujarat,GUJ-4,Highway,Private Agricultural,7.1,6,5,1404,Partially Disbursed,20,Survey Complete,1,1,1,16,5.3,38.7,4,8,89.9,0,1,96
LAP-11921,Uttar Pradesh,UTT-5,Irrigation,Private Agricultural,53.1,28,3,135,Not Started,5,Full Possession,0,0,1,41,6.0,51.4,3,4,0.0,0,1,45
LAP-11922,Maharashtra,MAH-6,Power Transmission,Mixed,29.5,152,1,151,Partially Disbursed,72,Partial Possession,0,0,1,78,5.5,67.8,1,2,33.8,0,0,0
LAP-11923,Maharashtra,MAH-3,Irrigation,Tribal,18.4,302,1,799,Partially Disbursed,15,Partial Possession,1,1,1,9,4.4,28.0,4,7,50.6,0,1,66
LAP-11924,Haryana,HAR-5,Irrigation,Government,55.3,178,3,1278,Fully Disbursed,96,Not Started,2,1,0,100,7.0,81.8,1,8,68.6,0,0,0
LAP-11925,Rajasthan,RAJ-1,Industrial Corridor,Forest,15.1,213,3,86,Partially Disbursed,21,Not Started,1,1,0,100,5.4,78.4,3,8,63.4,0,0,0
LAP-11926,Chhattisgarh,CHH-3,Railway,Forest,23.8,11,1,680,Partially Disbursed,64,Not Started,1,0,1,66,10.0,59.7,1,7,29.2,0,0,0
LAP-11927,Rajasthan,RAJ-5,Irrigation,Government,67.2,14,3,116,Partially Disbursed,48,Award Declared,0,0,0,100,6.9,52.9,2,1,78.8,0,0,0
LAP-11928,Madhya Pradesh,MAD-1,Industrial Corridor,Private Agricultural,73.6,265,4,933,Partially Disbursed,15,Award Declared,1,0,1,33,6.0,61.1,1,0,40.1,1,0,0
LAP-11929,Uttar Pradesh,UTT-3,Irrigation,Private Agricultural,17.6,38,5,407,Not Started,4,Award Declared,1,1,1,88,9.2,78.4,2,3,62.4,1,1,35
LAP-11930,Maharashtra,MAH-2,Irrigation,Tribal,29.9,23,2,1461,Not Started,8,Award Declared,0,0,0,100,6.6,74.5,3,8,73.5,0,1,272
LAP-11931,Haryana,HAR-2,Highway,Private Agricultural,29.6,187,3,428,Partially Disbursed,75,Partial Possession,2,1,0,100,4.8,60.3,4,6,82.7,0,1,46
LAP-11932,Punjab,PUN-2,Highway,Government,7.8,25,1,795,Partially Disbursed,32,Survey Complete,0,0,0,100,8.8,66.6,0,1,65.1,1,0,0
LAP-11933,Tamil Nadu,TAM-6,Railway,Government,6.2,58,3,933,Partially Disbursed,30,Partial Possession,0,0,0,100,5.0,48.2,3,0,41.3,0,0,0
LAP-11934,Tamil Nadu,TAM-5,Irrigation,Government,214.5,52,5,29,Partially Disbursed,51,Partial Possession,1,1,0,100,4.4,41.9,1,6,85.2,0,0,0
LAP-11935,Jharkhand,JHA-2,Railway,Government,70.1,37,6,604,Not Started,1,Award Declared,0,0,1,39,8.2,70.8,2,8,83.4,0,0,0
LAP-11936,Bihar,BIH-3,Highway,Forest,24.1,39,5,607,Fully Disbursed,87,Survey Complete,1,1,1,46,5.3,89.0,1,5,30.1,0,0,0
LAP-11937,Bihar,BIH-4,Urban Development,Government,38.6,28,2,1201,Not Started,3,Full Possession,0,0,0,100,4.8,50.3,2,1,36.6,0,0,0
LAP-11938,Maharashtra,MAH-5,Urban Development,Tribal,41.8,79,5,285,Partially Disbursed,16,Full Possession,0,0,1,73,7.2,65.9,2,1,65.9,0,0,0
LAP-11939,Karnataka,KAR-1,Industrial Corridor,Private Agricultural,34.5,37,1,422,Fully Disbursed,90,Survey Complete,0,0,0,100,4.2,83.2,2,2,43.3,0,0,0
LAP-11940,Gujarat,GUJ-4,Highway,Private Agricultural,70.5,35,5,1212,Partially Disbursed,57,Award Declared,1,0,1,70,7.0,100.0,1,1,44.4,0,0,0
LAP-11941,Rajasthan,RAJ-1,Renewable Energy,Forest,19.8,15,6,1269,Fully Disbursed,90,Not Started,4,1,0,100,4.3,56.3,1,7,30.7,0,1,84
LAP-11942,Chhattisgarh,CHH-5,Airport,Private Agricultural,8.3,121,5,161,Not Started,2,Survey Complete,1,0,1,20,6.1,67.8,2,3,44.8,1,0,0
LAP-11943,Odisha,ODI-4,Renewable Energy,Tribal,35.3,153,1,1357,Not Started,6,Not Started,0,0,1,44,6.0,36.0,2,2,41.7,0,0,0
LAP-11944,Odisha,ODI-1,Airport,Private Agricultural,65.2,5,5,1258,Partially Disbursed,16,Partial Possession,0,0,1,59,2.8,12.0,3,5,14.8,0,0,0
LAP-11945,Maharashtra,MAH-6,Airport,Private Agricultural,14.9,39,2,1142,Not Started,6,Full Possession,1,1,1,10,4.4,59.1,2,7,75.4,0,0,0
LAP-11946,Maharashtra,MAH-2,Power Transmission,Private Agricultural,60.5,1301,6,1213,Fully Disbursed,86,Not Started,0,0,1,79,9.5,49.1,0,7,76.7,0,1,260
LAP-11947,Madhya Pradesh,MAD-4,Renewable Energy,Private Agricultural,24.5,19,5,464,Not Started,4,Survey Complete,0,0,1,69,3.6,62.8,6,5,18.1,1,0,0
LAP-11948,Punjab,PUN-1,Irrigation,Private Agricultural,10.1,37,2,368,Partially Disbursed,16,Award Declared,1,1,1,67,5.4,100.0,2,1,50.2,1,1,148
LAP-11949,Karnataka,KAR-2,Industrial Corridor,Tribal,23.3,347,6,75,Not Started,7,Partial Possession,1,1,1,17,5.6,15.7,4,8,88.1,0,1,93
LAP-11950,Tamil Nadu,TAM-5,Irrigation,Forest,7.9,10,1,1430,Partially Disbursed,22,Partial Possession,2,1,0,100,6.6,65.9,1,5,91.2,0,0,0
LAP-11951,Odisha,ODI-1,Urban Development,Private Agricultural,4.5,14,1,222,Not Started,0,Survey Complete,0,0,1,93,8.8,86.3,2,1,100.0,0,0,0
LAP-11952,Karnataka,KAR-1,Irrigation,Mixed,35.9,48,4,911,Partially Disbursed,51,Not Started,1,0,0,100,8.2,71.4,2,5,72.7,0,0,0
LAP-11953,Tamil Nadu,TAM-3,Urban Development,Private Agricultural,30.7,30,3,986,Not Started,0,Partial Possession,0,0,0,100,6.4,85.5,3,5,73.7,0,0,0
LAP-11954,Odisha,ODI-1,Irrigation,Private Agricultural,19.2,28,6,433,Not Started,0,Full Possession,1,0,0,100,6.3,57.4,1,5,90.5,0,0,0
LAP-11955,Haryana,HAR-3,Power Transmission,Forest,11.2,27,5,1110,Partially Disbursed,10,Not Started,1,1,0,100,4.5,65.0,2,3,60.3,0,1,259
LAP-11956,Madhya Pradesh,MAD-5,Urban Development,Private Agricultural,17.3,76,6,954,Partially Disbursed,29,Full Possession,3,1,0,100,3.4,58.3,1,0,49.8,0,0,0
LAP-11957,Karnataka,KAR-2,Renewable Energy,Mixed,40.6,86,2,1433,Partially Disbursed,12,Not Started,1,0,0,100,3.9,75.3,2,8,15.1,0,0,0
LAP-11958,Bihar,BIH-1,Urban Development,Private Agricultural,47.4,63,3,1390,Partially Disbursed,32,Survey Complete,3,0,0,100,3.4,76.0,2,2,24.3,0,1,50
LAP-11959,Telangana,TEL-3,Renewable Energy,Private Agricultural,20.4,9,1,1451,Fully Disbursed,98,Full Possession,2,1,0,100,7.2,67.0,2,5,27.2,1,1,87
LAP-11960,Chhattisgarh,CHH-2,Urban Development,Tribal,48.1,87,3,919,Not Started,2,Not Started,2,1,1,43,2.9,100.0,2,0,54.5,1,0,0
LAP-11961,Telangana,TEL-5,Urban Development,Forest,15.1,3,3,904,Partially Disbursed,70,Partial Possession,3,1,0,100,5.3,74.6,3,6,76.7,0,1,177
LAP-11962,Madhya Pradesh,MAD-1,Railway,Private Agricultural,99.7,138,5,488,Partially Disbursed,80,Award Declared,1,1,1,35,5.4,56.4,2,4,39.7,0,0,0
LAP-11963,Madhya Pradesh,MAD-6,Renewable Energy,Forest,10.4,35,6,383,Partially Disbursed,50,Full Possession,1,0,0,100,7.9,100.0,3,3,63.9,0,0,0
LAP-11964,Madhya Pradesh,MAD-1,Industrial Corridor,Private Agricultural,5.0,58,1,1249,Partially Disbursed,13,Award Declared,1,0,1,32,6.8,50.7,2,4,11.9,0,1,270
LAP-11965,Rajasthan,RAJ-4,Highway,Forest,56.5,178,3,1129,Not Started,7,Partial Possession,1,1,0,100,3.2,66.7,4,2,59.2,0,0,0
LAP-11966,Odisha,ODI-4,Urban Development,Forest,234.0,153,5,851,Fully Disbursed,85,Not Started,2,1,0,100,4.7,38.7,3,1,100.0,0,0,0
LAP-11967,Gujarat,GUJ-2,Highway,Mixed,72.1,54,2,721,Not Started,2,Full Possession,0,0,0,100,5.4,59.5,0,2,88.0,1,0,0
LAP-11968,Madhya Pradesh,MAD-3,Industrial Corridor,Forest,4.4,13,1,1439,Not Started,1,Award Declared,2,1,0,100,1.9,55.6,1,2,73.6,0,0,0
LAP-11969,Bihar,BIH-6,Railway,Private Agricultural,56.0,65,4,496,Partially Disbursed,67,Survey Complete,2,1,0,100,4.4,48.8,2,3,27.4,1,1,54
LAP-11970,Odisha,ODI-4,Irrigation,Tribal,18.2,198,4,821,Not Started,2,Survey Complete,2,1,1,99,4.4,68.0,2,4,73.3,0,0,0
LAP-11971,Madhya Pradesh,MAD-4,Highway,Private Agricultural,19.5,66,4,696,Partially Disbursed,31,Award Declared,0,0,0,100,6.0,81.8,2,0,0.0,0,0,0
LAP-11972,Tamil Nadu,TAM-5,Industrial Corridor,Private Agricultural,43.7,573,6,1419,Partially Disbursed,32,Full Possession,0,0,0,100,3.8,82.3,2,6,72.7,0,0,0
LAP-11973,Odisha,ODI-1,Irrigation,Private Agricultural,52.9,12,4,1242,Fully Disbursed,87,Survey Complete,0,0,1,57,3.3,23.9,2,7,61.2,0,1,143
LAP-11974,Maharashtra,MAH-3,Renewable Energy,Private Agricultural,29.1,26,3,887,Partially Disbursed,40,Not Started,0,0,1,74,6.3,61.0,1,8,73.5,0,0,0
LAP-11975,Chhattisgarh,CHH-6,Industrial Corridor,Private Agricultural,12.8,42,4,1047,Not Started,2,Award Declared,0,0,0,100,7.4,5.1,2,7,39.1,1,0,0
LAP-11976,Rajasthan,RAJ-6,Power Transmission,Mixed,14.7,20,3,1321,Fully Disbursed,96,Survey Complete,0,0,0,100,6.8,31.4,2,6,63.1,0,0,0
LAP-11977,West Bengal,WES-2,Irrigation,Private Agricultural,56.3,9,1,110,Fully Disbursed,88,Partial Possession,2,1,1,59,5.7,18.9,3,7,66.1,1,1,434
LAP-11978,Bihar,BIH-1,Urban Development,Private Agricultural,37.1,251,3,368,Partially Disbursed,18,Full Possession,3,0,0,100,3.9,36.6,6,0,87.1,0,1,170
LAP-11979,Karnataka,KAR-3,Urban Development,Tribal,13.8,155,4,266,Partially Disbursed,73,Survey Complete,2,1,0,100,6.1,60.2,2,8,23.5,0,0,0
LAP-11980,Punjab,PUN-3,Urban Development,Private Agricultural,3.2,31,5,32,Not Started,0,Survey Complete,0,0,0,100,7.5,57.8,2,8,73.3,0,0,0
LAP-11981,Odisha,ODI-6,Urban Development,Forest,4.4,56,3,1153,Fully Disbursed,93,Partial Possession,2,1,0,100,6.9,31.5,0,4,87.7,0,0,0
LAP-11982,West Bengal,WES-5,Irrigation,Tribal,174.0,28,4,1152,Not Started,4,Not Started,1,1,0,100,6.0,49.0,3,6,100.0,0,1,39
LAP-11983,Karnataka,KAR-4,Railway,Government,3.9,249,4,595,Not Started,3,Not Started,0,0,1,91,5.1,75.0,1,0,64.6,0,0,0
LAP-11984,Bihar,BIH-4,Urban Development,Forest,65.4,106,1,1295,Partially Disbursed,28,Survey Complete,1,1,0,100,7.4,64.6,1,0,52.7,0,0,0
LAP-11985,Rajasthan,RAJ-6,Highway,Tribal,2.7,59,1,1153,Not Started,7,Award Declared,4,0,0,100,1.3,60.2,3,5,89.2,1,1,419
LAP-11986,Rajasthan,RAJ-4,Industrial Corridor,Private Agricultural,83.5,155,1,1152,Not Started,7,Partial Possession,4,1,1,97,8.1,89.8,4,5,45.8,0,1,291
LAP-11987,Gujarat,GUJ-2,Urban Development,Private Agricultural,25.0,80,3,315,Fully Disbursed,86,Partial Possession,2,1,0,100,6.9,76.1,3,5,27.7,0,0,0
LAP-11988,Tamil Nadu,TAM-2,Highway,Government,66.2,3,2,960,Partially Disbursed,18,Full Possession,1,1,1,4,6.5,83.3,0,8,44.3,0,0,0
LAP-11989,Maharashtra,MAH-4,Airport,Government,9.8,14,6,634,Partially Disbursed,36,Award Declared,0,0,0,100,7.5,64.3,2,0,36.8,0,0,0
LAP-11990,West Bengal,WES-5,Railway,Private Agricultural,5.4,118,1,755,Not Started,3,Partial Possession,2,1,0,100,5.0,43.8,1,7,24.6,1,0,0
LAP-11991,Haryana,HAR-4,Urban Development,Private Agricultural,19.2,26,6,234,Fully Disbursed,98,Survey Complete,0,0,0,100,5.5,69.8,1,3,24.1,0,0,0
LAP-11992,Odisha,ODI-5,Railway,Government,5.1,113,2,82,Not Started,9,Full Possession,0,0,1,52,6.2,69.1,1,1,44.1,0,0,0
LAP-11993,Tamil Nadu,TAM-2,Renewable Energy,Tribal,27.1,49,2,253,Partially Disbursed,14,Partial Possession,7,0,0,100,7.2,58.5,1,0,100.0,0,1,111
LAP-11994,Karnataka,KAR-1,Irrigation,Private Agricultural,72.5,714,6,447,Partially Disbursed,29,Not Started,1,1,1,78,6.8,47.2,3,7,42.2,0,1,110
LAP-11995,Telangana,TEL-4,Urban Development,Government,25.2,5,4,220,Partially Disbursed,26,Survey Complete,1,1,0,100,4.6,67.1,2,4,39.4,1,1,206
LAP-11996,Maharashtra,MAH-1,Highway,Forest,55.6,7,2,814,Not Started,9,Award Declared,3,1,0,100,5.4,81.5,0,8,51.6,0,0,0
LAP-11997,Uttar Pradesh,UTT-1,Highway,Private Agricultural,8.4,11,5,343,Partially Disbursed,46,Not Started,0,0,1,47,2.3,44.8,0,4,66.0,0,0,0
LAP-11998,Madhya Pradesh,MAD-1,Railway,Government,27.0,101,3,1403,Not Started,7,Partial Possession,0,0,0,100,6.3,55.7,3,0,45.9,0,0,0
LAP-11999,Madhya Pradesh,MAD-4,Highway,Government,23.0,58,3,858,Partially Disbursed,65,Survey Complete,0,0,1,73,5.7,65.7,1,5,84.6,0,0,0
LAP-12000,Odisha,ODI-6,Urban Development,Forest,3.0,264,5,789,Not Started,7,Partial Possession,4,1,0,100,6.9,53.3,1,2,38.7,0,1,262
LAP-12001,Chhattisgarh,CHH-6,Highway,Government,4.5,117,1,1445,Not Started,3,Survey Complete,2,1,1,69,8.9,32.6,3,5,100.0,1,1,94
LAP-12002,West Bengal,WES-5,Irrigation,Tribal,8.3,91,1,1361,Partially Disbursed,53,Full Possession,5,1,1,67,7.8,56.2,1,6,37.5,0,1,205
LAP-12003,Rajasthan,RAJ-4,Highway,Private Agricultural,180.1,23,1,226,Partially Disbursed,67,Partial Possession,2,1,1,60,5.1,80.5,1,3,65.9,0,0,0
LAP-12004,Gujarat,GUJ-3,Highway,Government,96.0,42,5,1030,Not Started,7,Not Started,1,1,0,100,2.6,80.2,3,2,42.0,0,0,0
LAP-12005,Madhya Pradesh,MAD-6,Airport,Private Agricultural,72.7,50,3,1367,Not Started,6,Full Possession,1,1,0,100,4.6,78.6,2,0,74.2,0,0,0
LAP-12006,Jharkhand,JHA-4,Highway,Tribal,14.5,19,5,1010,Not Started,6,Award Declared,1,1,0,100,7.6,31.3,1,7,40.5,0,1,283
LAP-12007,Rajasthan,RAJ-2,Irrigation,Tribal,55.0,22,5,1130,Not Started,4,Survey Complete,2,1,0,100,8.4,67.1,0,7,33.2,0,0,0
LAP-12008,Maharashtra,MAH-2,Power Transmission,Private Agricultural,14.3,145,4,603,Partially Disbursed,72,Award Declared,1,0,1,29,7.8,55.5,2,1,65.4,0,0,0
LAP-12009,Bihar,BIH-4,Industrial Corridor,Government,2.5,20,2,807,Not Started,0,Award Declared,0,0,0,100,4.3,41.6,2,4,54.2,0,0,0
LAP-12010,Uttar Pradesh,UTT-4,Power Transmission,Government,38.9,38,1,569,Fully Disbursed,86,Not Started,0,0,0,100,5.6,60.7,2,2,98.2,1,0,0
LAP-12011,Rajasthan,RAJ-1,Railway,Private Agricultural,21.2,1113,5,757,Fully Disbursed,100,Full Possession,0,0,1,22,8.9,59.2,2,7,64.0,0,0,0
LAP-12012,Madhya Pradesh,MAD-4,Highway,Tribal,6.2,5,2,50,Partially Disbursed,40,Award Declared,2,1,1,79,5.1,28.4,1,2,79.6,0,1,53
LAP-12013,Bihar,BIH-4,Railway,Private Agricultural,15.8,32,3,984,Not Started,3,Survey Complete,1,1,0,100,7.0,76.3,3,1,55.5,1,0,0
LAP-12014,Odisha,ODI-1,Renewable Energy,Private Agricultural,30.6,410,6,200,Fully Disbursed,100,Award Declared,0,0,0,100,7.8,69.9,2,3,74.3,1,0,0
LAP-12015,Punjab,PUN-4,Power Transmission,Mixed,37.1,110,5,191,Partially Disbursed,48,Partial Possession,0,0,0,100,6.4,57.3,2,6,2.4,1,0,0
LAP-12016,Gujarat,GUJ-1,Highway,Private Agricultural,87.0,9,5,1483,Partially Disbursed,45,Not Started,0,0,0,100,6.1,56.7,2,0,31.4,0,0,0
LAP-12017,Rajasthan,RAJ-1,Power Transmission,Private Agricultural,48.3,279,6,531,Partially Disbursed,28,Full Possession,0,0,1,0,3.8,83.6,3,5,65.7,0,0,0
LAP-12018,Maharashtra,MAH-1,Urban Development,Private Agricultural,20.2,23,4,138,Not Started,1,Award Declared,0,0,1,99,3.5,20.0,6,5,100.0,0,1,57
LAP-12019,Jharkhand,JHA-4,Irrigation,Tribal,13.2,54,1,92,Not Started,6,Not Started,3,0,1,94,10.0,53.4,7,0,42.3,1,0,0
LAP-12020,Uttar Pradesh,UTT-4,Industrial Corridor,Private Agricultural,64.8,39,3,293,Partially Disbursed,12,Full Possession,0,0,1,83,6.1,55.6,0,5,52.1,0,0,0
LAP-12021,West Bengal,WES-6,Renewable Energy,Government,11.2,76,4,1102,Partially Disbursed,58,Partial Possession,1,1,0,100,4.7,51.1,2,4,62.4,0,1,192
LAP-12022,Uttar Pradesh,UTT-1,Urban Development,Private Agricultural,27.8,14,1,135,Partially Disbursed,21,Award Declared,0,0,1,99,7.0,68.8,0,6,58.2,0,0,0
LAP-12023,Bihar,BIH-1,Industrial Corridor,Government,222.3,26,1,778,Not Started,5,Full Possession,1,0,0,100,1.9,54.4,2,1,43.8,0,0,0
LAP-12024,Uttar Pradesh,UTT-1,Industrial Corridor,Forest,8.3,371,1,1210,Partially Disbursed,13,Partial Possession,1,1,0,100,5.8,70.4,0,8,51.5,0,1,42
LAP-12025,Jharkhand,JHA-1,Highway,Government,16.2,150,1,1120,Partially Disbursed,60,Award Declared,1,1,0,100,6.6,46.9,2,1,64.1,1,0,0
LAP-12026,Telangana,TEL-3,Urban Development,Private Agricultural,15.5,92,6,322,Not Started,6,Award Declared,0,0,1,54,5.1,84.4,2,7,63.0,1,0,0
LAP-12027,Telangana,TEL-4,Industrial Corridor,Private Agricultural,11.4,37,6,152,Partially Disbursed,39,Not Started,0,0,0,100,8.2,81.9,0,7,54.5,0,1,186
LAP-12028,Odisha,ODI-2,Irrigation,Tribal,110.2,121,5,394,Partially Disbursed,50,Award Declared,0,0,1,55,10.0,32.9,1,0,37.4,1,0,0
LAP-12029,Chhattisgarh,CHH-2,Highway,Mixed,36.1,565,1,1399,Not Started,2,Award Declared,2,1,0,100,6.9,57.3,0,8,49.0,1,1,105
LAP-12030,Madhya Pradesh,MAD-3,Power Transmission,Private Agricultural,280.0,126,2,1484,Partially Disbursed,77,Survey Complete,1,1,1,4,6.1,47.6,1,6,68.7,1,1,144
LAP-12031,Madhya Pradesh,MAD-3,Urban Development,Private Agricultural,53.2,128,3,529,Not Started,5,Survey Complete,0,0,1,61,9.5,42.6,1,0,22.4,0,0,0
LAP-12032,Chhattisgarh,CHH-3,Highway,Private Agricultural,10.6,9,6,158,Partially Disbursed,10,Partial Possession,1,1,1,80,6.5,72.2,2,2,17.0,0,0,0
LAP-12033,West Bengal,WES-6,Highway,Private Agricultural,7.4,120,6,215,Not Started,2,Award Declared,0,0,1,95,4.9,31.0,2,5,83.0,0,0,0
LAP-12034,Chhattisgarh,CHH-5,Industrial Corridor,Tribal,30.5,66,4,653,Partially Disbursed,22,Survey Complete,1,0,0,100,3.1,100.0,3,4,65.6,1,0,0
LAP-12035,Gujarat,GUJ-3,Highway,Private Agricultural,16.7,43,1,938,Not Started,2,Partial Possession,0,0,0,100,8.1,13.1,3,2,12.6,0,0,0
LAP-12036,Uttar Pradesh,UTT-3,Highway,Forest,25.3,43,1,715,Not Started,3,Award Declared,0,0,0,100,4.4,29.6,3,2,45.2,0,0,0
LAP-12037,Punjab,PUN-1,Industrial Corridor,Private Agricultural,100.3,11,4,1339,Not Started,8,Not Started,2,0,1,33,7.2,82.6,3,4,62.4,1,0,0
LAP-12038,Chhattisgarh,CHH-3,Urban Development,Private Agricultural,6.1,62,2,561,Fully Disbursed,92,Not Started,1,1,1,21,7.8,67.0,3,3,64.6,1,1,459
LAP-12039,Punjab,PUN-2,Renewable Energy,Private Agricultural,39.3,63,3,1297,Not Started,6,Award Declared,0,0,1,47,5.1,43.0,4,8,43.2,1,0,0
LAP-12040,Odisha,ODI-6,Industrial Corridor,Private Agricultural,2.9,29,4,786,Partially Disbursed,73,Survey Complete,0,0,1,88,9.0,65.7,0,3,64.8,1,0,0
LAP-12041,Rajasthan,RAJ-5,Urban Development,Forest,24.6,71,3,638,Partially Disbursed,69,Award Declared,3,0,0,100,4.3,49.6,2,7,100.0,0,1,191
LAP-12042,Rajasthan,RAJ-6,Highway,Tribal,14.0,31,1,1385,Partially Disbursed,56,Not Started,1,1,1,3,3.9,55.6,3,1,34.7,0,0,0
LAP-12043,Rajasthan,RAJ-1,Irrigation,Private Agricultural,11.7,133,2,1305,Fully Disbursed,88,Partial Possession,0,0,1,83,5.0,94.3,1,6,76.8,0,0,0
LAP-12044,Bihar,BIH-2,Airport,Mixed,57.0,24,5,352,Partially Disbursed,24,Award Declared,1,0,1,27,7.2,40.9,0,2,36.9,0,0,0
LAP-12045,Rajasthan,RAJ-6,Railway,Government,144.7,116,1,506,Fully Disbursed,91,Not Started,0,0,0,100,5.4,91.8,3,7,0.0,0,1,68
LAP-12046,Madhya Pradesh,MAD-4,Irrigation,Government,22.4,68,4,958,Fully Disbursed,85,Award Declared,0,0,0,100,3.9,72.6,2,4,67.8,0,0,0
LAP-12047,Uttar Pradesh,UTT-5,Urban Development,Government,14.7,44,2,890,Fully Disbursed,96,Partial Possession,1,1,0,100,5.6,47.4,2,0,18.8,0,0,0
LAP-12048,Haryana,HAR-2,Industrial Corridor,Private Agricultural,20.1,110,1,1264,Fully Disbursed,93,Survey Complete,1,1,1,36,4.9,45.4,3,1,100.0,0,0,0
LAP-12049,Jharkhand,JHA-1,Highway,Forest,8.1,141,2,769,Partially Disbursed,57,Full Possession,2,1,0,100,6.8,79.7,3,1,92.3,0,0,0
LAP-12050,Rajasthan,RAJ-2,Irrigation,Private Agricultural,3.9,32,6,386,Partially Disbursed,15,Survey Complete,2,0,0,100,7.0,79.7,1,8,70.2,1,1,290
LAP-12051,Haryana,HAR-5,Urban Development,Government,29.1,303,4,681,Fully Disbursed,92,Award Declared,1,1,1,46,8.2,53.9,1,5,93.7,0,0,0
LAP-12052,Haryana,HAR-5,Urban Development,Forest,23.3,317,5,121,Partially Disbursed,25,Partial Possession,2,1,0,100,5.1,54.9,1,2,31.0,1,1,294
LAP-12053,West Bengal,WES-1,Highway,Private Agricultural,36.3,21,5,774,Partially Disbursed,39,Award Declared,0,0,0,100,6.7,24.6,1,1,60.5,0,0,0
LAP-12054,Telangana,TEL-1,Airport,Government,4.5,26,1,911,Partially Disbursed,30,Partial Possession,0,0,1,96,3.9,90.5,0,8,47.7,0,1,64
LAP-12055,Rajasthan,RAJ-6,Irrigation,Tribal,21.8,29,1,876,Fully Disbursed,87,Full Possession,3,1,0,100,1.2,49.6,1,2,47.1,0,1,47
LAP-12056,Maharashtra,MAH-2,Urban Development,Private Agricultural,20.2,12,6,434,Fully Disbursed,91,Not Started,0,0,1,36,4.7,56.9,2,5,68.8,0,0,0
LAP-12057,Tamil Nadu,TAM-6,Railway,Mixed,22.9,67,6,852,Partially Disbursed,48,Not Started,0,0,0,100,7.8,43.0,5,1,76.0,0,0,0
LAP-12058,Telangana,TEL-2,Railway,Private Agricultural,20.9,89,4,107,Fully Disbursed,91,Not Started,0,0,0,100,5.7,75.0,1,1,54.8,0,0,0
LAP-12059,Karnataka,KAR-1,Railway,Private Agricultural,26.7,11,2,1490,Partially Disbursed,10,Award Declared,1,1,0,100,5.0,40.8,7,1,40.1,1,0,0
LAP-12060,Chhattisgarh,CHH-4,Urban Development,Government,41.7,72,3,1233,Partially Disbursed,51,Survey Complete,0,0,1,48,4.7,70.0,0,4,28.7,0,0,0
LAP-12061,West Bengal,WES-2,Highway,Government,3.8,8,1,819,Not Started,1,Partial Possession,1,1,0,100,1.7,46.3,3,7,40.2,0,0,0
LAP-12062,Telangana,TEL-1,Industrial Corridor,Tribal,44.6,65,6,1357,Fully Disbursed,87,Not Started,0,0,0,100,4.5,43.6,2,4,61.2,0,0,0
LAP-12063,Punjab,PUN-6,Renewable Energy,Government,38.3,65,5,1389,Not Started,3,Survey Complete,1,1,1,87,6.6,50.9,2,5,100.0,0,0,0
LAP-12064,Madhya Pradesh,MAD-2,Urban Development,Forest,84.2,151,5,933,Fully Disbursed,98,Partial Possession,2,1,0,100,4.9,16.2,1,8,64.3,0,1,226
LAP-12065,Haryana,HAR-5,Industrial Corridor,Forest,60.4,33,3,1457,Partially Disbursed,19,Full Possession,0,0,0,100,5.1,83.5,3,2,61.2,1,0,0
LAP-12066,Jharkhand,JHA-2,Railway,Forest,41.0,328,6,264,Partially Disbursed,43,Full Possession,2,0,0,100,7.7,29.1,1,0,50.6,1,0,0
LAP-12067,Haryana,HAR-1,Irrigation,Mixed,26.4,49,3,714,Fully Disbursed,89,Full Possession,0,0,0,100,4.7,100.0,1,5,55.1,1,0,0
LAP-12068,Odisha,ODI-1,Renewable Energy,Private Agricultural,19.8,33,2,1422,Not Started,3,Survey Complete,0,0,1,36,6.9,43.7,1,5,47.2,0,0,0
LAP-12069,Bihar,BIH-2,Irrigation,Forest,12.4,78,1,1455,Partially Disbursed,42,Award Declared,1,1,0,100,6.9,75.1,3,1,53.8,1,0,0
LAP-12070,Chhattisgarh,CHH-5,Industrial Corridor,Private Agricultural,100.4,32,2,390,Not Started,8,Survey Complete,0,0,1,95,5.4,57.4,1,2,87.2,0,0,0
LAP-12071,West Bengal,WES-4,Urban Development,Private Agricultural,154.9,35,2,153,Not Started,2,Not Started,1,0,0,100,4.8,44.0,2,4,24.5,0,0,0
LAP-12072,Madhya Pradesh,MAD-1,Power Transmission,Tribal,22.9,78,5,1205,Partially Disbursed,34,Full Possession,0,0,1,99,4.8,39.5,3,6,88.3,1,0,0
LAP-12073,Karnataka,KAR-5,Urban Development,Government,54.6,671,2,1277,Not Started,7,Full Possession,0,0,0,100,6.3,41.5,4,7,35.8,1,1,96
LAP-12074,West Bengal,WES-2,Urban Development,Government,7.3,13,3,453,Fully Disbursed,100,Survey Complete,0,0,0,100,6.5,63.1,3,6,87.9,0,0,0
LAP-12075,West Bengal,WES-5,Renewable Energy,Tribal,22.2,6,4,997,Not Started,3,Partial Possession,0,0,0,100,8.4,67.2,2,0,35.7,0,0,0
LAP-12076,Tamil Nadu,TAM-5,Railway,Private Agricultural,196.4,99,2,1014,Partially Disbursed,47,Award Declared,1,1,1,48,8.0,19.4,3,7,19.7,0,1,96
LAP-12077,Bihar,BIH-1,Railway,Government,36.6,95,1,1280,Fully Disbursed,98,Survey Complete,2,1,1,95,4.4,42.0,1,5,100.0,0,0,0
LAP-12078,Rajasthan,RAJ-3,Highway,Private Agricultural,13.1,70,4,1381,Fully Disbursed,97,Not Started,0,0,1,82,6.9,89.4,3,3,40.7,1,0,0
LAP-12079,Chhattisgarh,CHH-2,Railway,Government,70.8,521,1,1210,Partially Disbursed,27,Survey Complete,2,1,0,100,5.2,69.6,2,1,79.7,1,0,0
LAP-12080,Haryana,HAR-6,Highway,Government,49.3,28,4,193,Partially Disbursed,45,Award Declared,0,0,0,100,6.1,68.5,0,4,81.0,0,1,83
LAP-12081,West Bengal,WES-4,Railway,Mixed,62.7,13,1,1226,Fully Disbursed,95,Partial Possession,1,1,0,100,4.9,76.0,3,4,51.0,0,0,0
LAP-12082,Telangana,TEL-5,Industrial Corridor,Government,24.7,57,1,1092,Partially Disbursed,75,Award Declared,0,0,0,100,5.9,48.8,2,0,44.7,1,0,0
LAP-12083,Uttar Pradesh,UTT-4,Renewable Energy,Tribal,21.6,29,4,1320,Not Started,9,Not Started,2,1,1,80,4.8,44.1,3,1,53.8,1,1,116
LAP-12084,Bihar,BIH-2,Irrigation,Private Agricultural,12.3,95,2,179,Not Started,8,Partial Possession,0,0,1,65,7.2,88.8,3,3,47.4,0,0,0
LAP-12085,Karnataka,KAR-4,Highway,Private Agricultural,22.9,51,6,755,Not Started,1,Partial Possession,1,1,1,3,2.0,66.5,1,2,42.0,0,0,0
LAP-12086,Odisha,ODI-1,Urban Development,Tribal,8.6,34,3,193,Partially Disbursed,20,Survey Complete,0,0,1,5,7.6,50.4,2,6,33.1,0,0,0
LAP-12087,West Bengal,WES-3,Irrigation,Forest,14.1,152,5,866,Not Started,7,Full Possession,2,1,0,100,6.5,85.0,3,5,74.9,0,0,0
LAP-12088,Punjab,PUN-3,Highway,Mixed,148.6,35,4,272,Partially Disbursed,79,Partial Possession,1,0,0,100,8.9,45.1,5,1,32.5,0,1,51
LAP-12089,Chhattisgarh,CHH-2,Urban Development,Government,4.4,14,3,370,Fully Disbursed,90,Survey Complete,0,0,0,100,6.5,47.3,3,3,73.6,1,1,36
LAP-12090,Odisha,ODI-6,Irrigation,Private Agricultural,6.9,363,4,190,Fully Disbursed,100,Partial Possession,1,1,0,100,3.0,33.4,0,4,47.2,0,1,175
LAP-12091,Bihar,BIH-2,Highway,Government,12.0,93,1,991,Partially Disbursed,82,Partial Possession,1,1,1,87,7.5,46.1,0,6,100.0,0,0,0
LAP-12092,Maharashtra,MAH-2,Highway,Private Agricultural,41.4,8,1,1455,Not Started,2,Survey Complete,0,0,1,67,8.5,64.8,0,1,82.4,0,0,0
LAP-12093,Punjab,PUN-3,Airport,Private Agricultural,14.0,121,2,181,Fully Disbursed,96,Survey Complete,0,0,1,23,5.7,89.3,2,0,46.4,1,0,0
LAP-12094,Rajasthan,RAJ-1,Power Transmission,Mixed,1.5,21,6,314,Partially Disbursed,26,Award Declared,2,1,0,100,4.9,71.9,4,0,45.9,0,1,67
LAP-12095,Jharkhand,JHA-2,Irrigation,Private Agricultural,7.5,63,6,453,Partially Disbursed,56,Not Started,0,0,0,100,6.2,29.5,1,2,13.2,0,0,0
LAP-12096,Haryana,HAR-1,Airport,Private Agricultural,471.9,10,3,750,Not Started,0,Survey Complete,0,0,0,100,6.4,74.8,1,0,61.0,0,0,0
LAP-12097,Madhya Pradesh,MAD-1,Irrigation,Private Agricultural,8.4,33,1,868,Fully Disbursed,96,Partial Possession,0,0,1,91,4.9,100.0,2,5,64.7,0,0,0
LAP-12098,Haryana,HAR-1,Irrigation,Tribal,25.7,27,6,762,Partially Disbursed,22,Partial Possession,3,0,0,100,4.6,58.5,2,3,36.5,1,0,0
LAP-12099,Gujarat,GUJ-2,Industrial Corridor,Forest,14.4,55,4,622,Fully Disbursed,85,Full Possession,0,0,1,30,6.6,73.7,1,8,70.4,1,1,126
LAP-12100,Chhattisgarh,CHH-3,Irrigation,Private Agricultural,244.5,77,2,517,Fully Disbursed,99,Partial Possession,0,0,1,34,8.0,49.8,3,0,45.0,1,0,0
LAP-12101,Chhattisgarh,CHH-3,Urban Development,Tribal,4.5,32,2,796,Partially Disbursed,53,Full Possession,0,0,0,100,4.8,82.1,4,7,0.0,1,0,0
LAP-12102,Odisha,ODI-3,Railway,Forest,37.6,11,4,783,Not Started,0,Not Started,2,0,0,100,3.9,69.3,2,4,60.2,0,0,0
LAP-12103,Madhya Pradesh,MAD-3,Irrigation,Private Agricultural,8.6,4,5,779,Partially Disbursed,28,Award Declared,1,0,1,40,7.1,57.1,1,4,74.6,0,0,0
LAP-12104,Telangana,TEL-4,Urban Development,Private Agricultural,324.9,6,6,632,Partially Disbursed,78,Not Started,1,1,0,100,7.2,95.1,0,5,60.4,0,0,0
LAP-12105,Rajasthan,RAJ-1,Industrial Corridor,Private Agricultural,72.1,29,2,612,Not Started,5,Not Started,2,0,0,100,4.3,64.1,2,4,71.6,1,0,0
LAP-12106,Maharashtra,MAH-5,Airport,Government,11.4,45,3,365,Fully Disbursed,93,Partial Possession,1,1,1,77,4.5,90.0,2,8,52.6,1,0,0
LAP-12107,Karnataka,KAR-1,Urban Development,Private Agricultural,29.3,233,1,566,Partially Disbursed,51,Survey Complete,0,0,1,6,6.4,60.2,3,1,56.9,0,1,123
LAP-12108,Punjab,PUN-4,Irrigation,Private Agricultural,6.0,175,3,1494,Fully Disbursed,99,Partial Possession,1,1,1,57,4.7,20.6,3,7,93.6,0,1,146
LAP-12109,Telangana,TEL-4,Power Transmission,Government,21.3,465,5,1317,Fully Disbursed,97,Partial Possession,0,0,0,100,8.2,38.5,2,5,56.2,0,0,0
LAP-12110,Punjab,PUN-5,Airport,Private Agricultural,13.3,96,5,282,Not Started,6,Award Declared,2,0,1,9,7.0,29.9,2,4,30.9,0,1,196
LAP-12111,Chhattisgarh,CHH-4,Highway,Private Agricultural,11.8,179,4,1133,Fully Disbursed,87,Partial Possession,0,0,1,62,2.8,70.1,2,7,0.0,0,0,0
LAP-12112,Maharashtra,MAH-1,Industrial Corridor,Government,1.1,87,6,295,Fully Disbursed,100,Partial Possession,1,0,0,100,10.0,48.7,2,2,56.5,0,0,0
LAP-12113,Karnataka,KAR-5,Industrial Corridor,Mixed,108.6,25,6,168,Partially Disbursed,47,Partial Possession,1,1,0,100,6.7,34.7,2,3,59.5,1,1,229
LAP-12114,Odisha,ODI-6,Industrial Corridor,Private Agricultural,25.4,61,2,1329,Not Started,6,Partial Possession,2,1,1,89,3.6,78.0,2,4,55.6,1,1,111
LAP-12115,Maharashtra,MAH-6,Urban Development,Government,22.2,62,6,1335,Not Started,8,Award Declared,3,1,0,100,6.3,45.5,3,0,73.4,0,1,72
LAP-12116,Haryana,HAR-3,Highway,Tribal,40.4,71,1,850,Partially Disbursed,40,Award Declared,1,0,1,58,7.2,59.9,1,1,100.0,0,0,0
LAP-12117,Maharashtra,MAH-5,Airport,Private Agricultural,12.2,80,5,483,Partially Disbursed,24,Survey Complete,0,0,0,100,5.5,46.1,0,8,77.5,0,0,0
LAP-12118,Chhattisgarh,CHH-6,Irrigation,Mixed,1.6,201,1,1427,Not Started,3,Full Possession,1,0,1,82,3.6,50.6,1,8,50.6,1,1,49
LAP-12119,Jharkhand,JHA-2,Highway,Private Agricultural,6.5,29,3,396,Partially Disbursed,23,Survey Complete,2,1,1,77,4.3,100.0,3,7,28.5,0,0,0
LAP-12120,Punjab,PUN-2,Highway,Private Agricultural,8.2,24,5,481,Not Started,4,Not Started,2,1,1,23,6.8,42.9,2,1,37.9,0,0,0
LAP-12121,Rajasthan,RAJ-1,Renewable Energy,Tribal,43.2,110,3,1279,Not Started,0,Not Started,1,1,1,12,3.6,85.2,1,1,41.8,0,0,0
LAP-12122,Chhattisgarh,CHH-3,Highway,Private Agricultural,24.0,92,6,299,Not Started,8,Not Started,0,0,0,100,5.5,84.4,1,0,25.1,1,0,0
LAP-12123,Jharkhand,JHA-3,Renewable Energy,Private Agricultural,1.0,38,4,482,Not Started,2,Award Declared,0,0,0,100,6.6,59.4,6,0,59.3,0,0,0
LAP-12124,Karnataka,KAR-4,Airport,Private Agricultural,20.7,18,2,723,Partially Disbursed,39,Full Possession,1,0,1,15,6.1,57.4,2,3,59.5,0,0,0
LAP-12125,Chhattisgarh,CHH-5,Irrigation,Private Agricultural,78.7,9,3,419,Not Started,1,Survey Complete,0,0,0,100,6.0,54.7,2,4,35.3,0,0,0
LAP-12126,Jharkhand,JHA-2,Railway,Tribal,24.5,40,2,925,Not Started,3,Not Started,0,0,1,73,5.3,94.2,1,6,29.8,1,0,0
LAP-12127,Tamil Nadu,TAM-5,Irrigation,Private Agricultural,10.5,35,4,444,Partially Disbursed,70,Partial Possession,1,1,1,64,4.1,100.0,2,3,24.2,0,0,0
LAP-12128,Odisha,ODI-1,Industrial Corridor,Government,13.5,13,1,707,Partially Disbursed,37,Not Started,1,1,0,100,5.7,32.5,0,6,56.1,0,1,18
LAP-12129,Bihar,BIH-2,Urban Development,Private Agricultural,22.7,230,4,351,Partially Disbursed,78,Full Possession,1,1,1,79,7.3,100.0,2,3,39.5,0,0,0
LAP-12130,Karnataka,KAR-6,Renewable Energy,Tribal,14.3,27,6,455,Partially Disbursed,83,Award Declared,4,0,1,100,6.7,45.6,2,1,62.1,1,0,0
LAP-12131,Karnataka,KAR-2,Irrigation,Government,46.6,65,2,79,Partially Disbursed,19,Full Possession,0,0,1,93,4.9,37.9,1,0,58.5,0,0,0
LAP-12132,Bihar,BIH-1,Irrigation,Private Agricultural,14.0,10,6,155,Partially Disbursed,46,Award Declared,1,0,1,45,5.7,49.1,4,1,88.5,1,0,0
LAP-12133,Punjab,PUN-4,Renewable Energy,Government,12.5,56,2,292,Partially Disbursed,63,Survey Complete,0,0,0,100,7.7,77.5,1,2,43.8,0,0,0
LAP-12134,Gujarat,GUJ-2,Airport,Government,4.0,94,4,593,Fully Disbursed,87,Partial Possession,1,0,0,100,7.3,34.1,2,1,49.7,0,0,0
LAP-12135,Chhattisgarh,CHH-6,Renewable Energy,Private Agricultural,97.9,48,2,1171,Not Started,6,Full Possession,0,0,0,100,8.3,83.8,3,7,43.7,1,0,0
LAP-12136,Uttar Pradesh,UTT-4,Highway,Government,36.5,69,4,1231,Not Started,5,Partial Possession,0,0,0,100,6.9,83.6,2,2,12.1,1,0,0
LAP-12137,Madhya Pradesh,MAD-3,Irrigation,Private Agricultural,201.7,20,6,581,Not Started,6,Full Possession,0,0,1,87,6.9,36.2,3,5,43.4,0,1,114
LAP-12138,Odisha,ODI-6,Urban Development,Private Agricultural,8.5,3,3,1038,Partially Disbursed,23,Survey Complete,1,0,0,100,7.3,54.7,2,5,40.9,1,0,0
LAP-12139,Karnataka,KAR-6,Industrial Corridor,Forest,27.1,57,1,203,Partially Disbursed,33,Not Started,2,1,1,91,7.2,90.2,2,1,67.1,0,0,0
LAP-12140,Uttar Pradesh,UTT-6,Railway,Private Agricultural,26.2,373,4,1168,Partially Disbursed,32,Partial Possession,3,1,0,100,5.0,79.6,2,1,53.5,0,0,0
LAP-12141,Tamil Nadu,TAM-5,Highway,Tribal,16.0,26,1,1032,Fully Disbursed,86,Partial Possession,3,1,1,59,8.2,52.0,1,5,1.8,0,1,194
LAP-12142,Maharashtra,MAH-2,Highway,Tribal,3.4,96,4,1042,Not Started,2,Partial Possession,3,1,1,65,7.9,39.0,2,3,49.8,0,1,100
LAP-12143,Rajasthan,RAJ-2,Highway,Private Agricultural,21.4,7,6,1339,Partially Disbursed,29,Partial Possession,1,0,1,13,3.6,70.6,4,4,100.0,0,0,0
LAP-12144,Rajasthan,RAJ-6,Industrial Corridor,Forest,22.4,9,3,90,Not Started,1,Award Declared,4,1,0,100,7.1,60.0,2,5,69.0,0,1,155
LAP-12145,Telangana,TEL-2,Renewable Energy,Government,10.6,28,3,1177,Partially Disbursed,52,Survey Complete,0,0,0,100,6.0,34.1,1,8,36.5,1,0,0
LAP-12146,Bihar,BIH-6,Highway,Private Agricultural,15.1,479,6,939,Not Started,0,Survey Complete,0,0,0,100,4.6,51.2,3,1,69.2,0,0,0
LAP-12147,West Bengal,WES-3,Urban Development,Government,8.3,51,5,28,Partially Disbursed,29,Survey Complete,0,0,0,100,7.8,44.7,2,2,55.0,0,0,0
LAP-12148,Rajasthan,RAJ-4,Industrial Corridor,Private Agricultural,51.1,169,1,325,Partially Disbursed,29,Partial Possession,0,0,0,100,6.1,78.5,2,1,78.7,0,1,113
LAP-12149,Uttar Pradesh,UTT-1,Urban Development,Private Agricultural,9.6,32,3,892,Fully Disbursed,86,Partial Possession,1,1,1,97,5.9,78.8,2,1,46.6,1,0,0
LAP-12150,Jharkhand,JHA-1,Highway,Private Agricultural,104.5,52,5,1402,Not Started,9,Survey Complete,0,0,1,13,5.5,83.7,3,7,69.8,1,1,66
LAP-12151,Uttar Pradesh,UTT-1,Power Transmission,Private Agricultural,25.0,158,6,1324,Not Started,6,Full Possession,0,0,0,100,10.0,81.0,1,5,52.7,1,0,0
LAP-12152,Maharashtra,MAH-5,Industrial Corridor,Mixed,24.6,886,3,1434,Partially Disbursed,12,Full Possession,0,0,0,100,1.8,57.5,2,6,65.1,0,0,0
LAP-12153,Bihar,BIH-1,Highway,Private Agricultural,5.5,33,4,447,Fully Disbursed,93,Survey Complete,1,1,0,100,3.1,11.9,1,5,76.1,0,1,77
LAP-12154,Punjab,PUN-2,Power Transmission,Forest,6.3,7,3,1244,Partially Disbursed,70,Full Possession,1,0,1,55,3.9,54.9,0,6,30.9,1,0,0
LAP-12155,Karnataka,KAR-4,Industrial Corridor,Private Agricultural,5.9,59,2,1242,Partially Disbursed,31,Full Possession,2,1,1,94,4.9,77.5,3,5,54.5,0,1,129
LAP-12156,Rajasthan,RAJ-2,Industrial Corridor,Mixed,97.7,11,2,1016,Partially Disbursed,33,Partial Possession,1,0,0,100,4.7,59.2,3,6,88.6,0,0,0
LAP-12157,Tamil Nadu,TAM-1,Irrigation,Government,3.3,18,5,835,Fully Disbursed,96,Survey Complete,0,0,0,100,6.4,54.2,2,3,48.9,0,0,0
LAP-12158,Maharashtra,MAH-2,Irrigation,Private Agricultural,18.1,21,2,656,Not Started,1,Award Declared,0,0,0,100,4.1,60.1,0,8,66.8,0,0,0
LAP-12159,Tamil Nadu,TAM-1,Irrigation,Tribal,22.8,25,6,319,Partially Disbursed,61,Award Declared,0,0,1,36,9.2,59.5,0,0,0.0,0,0,0
LAP-12160,Madhya Pradesh,MAD-6,Industrial Corridor,Government,36.6,43,4,453,Not Started,6,Survey Complete,0,0,1,6,4.5,36.5,5,5,33.2,0,0,0
LAP-12161,Haryana,HAR-2,Railway,Forest,70.9,17,3,1048,Fully Disbursed,98,Partial Possession,1,0,0,100,6.4,16.1,2,2,56.7,0,0,0
LAP-12162,Gujarat,GUJ-3,Railway,Private Agricultural,11.2,152,5,508,Fully Disbursed,96,Award Declared,0,0,1,42,7.2,36.1,1,4,39.5,0,0,0
LAP-12163,Madhya Pradesh,MAD-1,Irrigation,Mixed,500.5,30,2,1253,Not Started,0,Partial Possession,0,0,0,100,8.9,62.5,2,8,35.7,0,0,0
LAP-12164,Gujarat,GUJ-2,Irrigation,Private Agricultural,163.5,117,5,900,Fully Disbursed,96,Award Declared,0,0,1,49,5.1,32.3,2,3,62.2,1,0,0
LAP-12165,Tamil Nadu,TAM-3,Highway,Government,36.3,16,2,757,Partially Disbursed,79,Award Declared,2,1,0,100,5.3,44.0,1,2,66.1,0,0,0
LAP-12166,Maharashtra,MAH-3,Irrigation,Mixed,10.3,35,6,1354,Partially Disbursed,62,Not Started,1,0,0,100,10.0,38.7,1,0,46.0,0,0,0
LAP-12167,Haryana,HAR-2,Irrigation,Tribal,84.6,89,2,1087,Not Started,8,Partial Possession,1,1,0,100,8.0,54.1,1,0,88.0,1,1,127
LAP-12168,Bihar,BIH-5,Industrial Corridor,Private Agricultural,11.9,3,1,740,Partially Disbursed,25,Award Declared,3,1,1,51,3.9,45.4,3,4,35.1,0,0,0
LAP-12169,Gujarat,GUJ-1,Irrigation,Forest,243.9,64,4,358,Partially Disbursed,56,Partial Possession,1,1,0,100,7.2,56.1,2,0,65.0,0,0,0
LAP-12170,Bihar,BIH-1,Urban Development,Private Agricultural,39.6,93,1,1049,Fully Disbursed,98,Survey Complete,0,0,1,92,5.0,88.1,1,5,77.0,0,0,0
LAP-12171,Maharashtra,MAH-4,Highway,Forest,16.3,8,5,333,Partially Disbursed,47,Award Declared,1,0,1,86,7.9,77.0,2,3,4.0,0,0,0
LAP-12172,Tamil Nadu,TAM-2,Railway,Private Agricultural,16.9,43,5,1363,Partially Disbursed,30,Partial Possession,0,0,0,100,5.5,38.2,0,8,29.9,0,0,0
LAP-12173,Chhattisgarh,CHH-1,Power Transmission,Government,89.0,50,5,1223,Partially Disbursed,83,Not Started,1,1,0,100,1.4,67.1,2,4,80.0,0,1,161
LAP-12174,Tamil Nadu,TAM-6,Airport,Private Agricultural,55.7,27,4,1274,Fully Disbursed,100,Not Started,2,1,1,82,5.2,64.4,1,4,73.7,0,1,71
LAP-12175,Chhattisgarh,CHH-2,Railway,Tribal,31.3,129,5,1220,Fully Disbursed,100,Partial Possession,0,0,1,79,10.0,100.0,2,0,61.8,0,0,0
LAP-12176,Telangana,TEL-4,Highway,Forest,16.6,44,4,402,Fully Disbursed,92,Award Declared,1,0,0,100,6.2,42.1,1,4,55.3,0,0,0
LAP-12177,Tamil Nadu,TAM-1,Irrigation,Private Agricultural,56.3,69,4,250,Fully Disbursed,85,Partial Possession,1,1,0,100,3.7,33.1,0,6,69.7,0,0,0
LAP-12178,Gujarat,GUJ-6,Highway,Forest,32.8,90,2,272,Not Started,6,Full Possession,2,0,0,100,2.6,63.5,5,8,13.8,0,0,0
LAP-12179,Telangana,TEL-6,Railway,Government,7.9,68,5,798,Fully Disbursed,92,Full Possession,0,0,1,72,3.3,26.1,2,8,0.0,0,0,0
LAP-12180,Tamil Nadu,TAM-6,Irrigation,Private Agricultural,3.9,2379,4,377,Partially Disbursed,82,Survey Complete,1,1,1,65,3.2,43.5,3,2,43.3,1,0,0
LAP-12181,Jharkhand,JHA-3,Industrial Corridor,Private Agricultural,23.1,44,4,993,Partially Disbursed,46,Survey Complete,2,1,1,45,4.0,56.4,3,3,31.1,1,0,0
LAP-12182,Gujarat,GUJ-6,Power Transmission,Private Agricultural,156.9,42,1,1369,Partially Disbursed,60,Full Possession,0,0,1,22,2.7,71.9,2,8,48.7,0,1,55
LAP-12183,West Bengal,WES-3,Urban Development,Private Agricultural,60.6,78,6,212,Fully Disbursed,95,Not Started,1,1,1,46,4.5,75.9,0,3,66.5,1,1,182
LAP-12184,Punjab,PUN-1,Irrigation,Government,14.3,42,2,1316,Not Started,9,Award Declared,1,1,0,100,1.0,53.4,2,7,33.8,0,1,44
LAP-12185,Haryana,HAR-1,Irrigation,Mixed,80.3,87,5,1110,Not Started,6,Survey Complete,1,1,1,66,6.4,20.5,6,2,1.1,0,1,83
LAP-12186,West Bengal,WES-1,Power Transmission,Mixed,9.1,64,6,453,Fully Disbursed,100,Not Started,1,0,0,100,4.0,68.5,3,2,66.3,0,0,0
LAP-12187,Bihar,BIH-3,Irrigation,Private Agricultural,30.4,33,2,293,Not Started,2,Partial Possession,1,1,1,3,4.7,71.2,0,5,38.8,0,1,122
LAP-12188,Punjab,PUN-1,Highway,Government,22.0,84,2,74,Fully Disbursed,98,Partial Possession,1,1,0,100,6.6,66.4,4,6,25.1,0,0,0
LAP-12189,Uttar Pradesh,UTT-6,Highway,Private Agricultural,144.4,28,6,1240,Partially Disbursed,60,Award Declared,0,0,1,66,8.1,54.8,1,3,52.7,0,0,0
LAP-12190,Telangana,TEL-3,Airport,Private Agricultural,51.7,31,6,1472,Partially Disbursed,81,Award Declared,0,0,1,9,8.4,88.9,1,3,82.7,0,0,0
LAP-12191,Karnataka,KAR-2,Railway,Tribal,8.0,173,4,1128,Fully Disbursed,85,Award Declared,0,0,1,13,9.5,52.4,0,3,62.0,1,0,0
LAP-12192,Karnataka,KAR-3,Highway,Private Agricultural,53.4,35,6,1279,Not Started,2,Partial Possession,0,0,1,34,6.9,43.2,2,6,0.0,0,1,158
LAP-12193,Rajasthan,RAJ-2,Industrial Corridor,Tribal,9.7,55,6,809,Partially Disbursed,26,Award Declared,0,0,1,9,7.3,99.6,2,3,59.5,0,0,0
LAP-12194,Madhya Pradesh,MAD-3,Highway,Mixed,10.0,12,3,51,Not Started,7,Award Declared,0,0,0,100,9.6,45.8,5,4,66.0,0,1,141
LAP-12195,Uttar Pradesh,UTT-6,Power Transmission,Government,17.7,77,1,1124,Not Started,6,Not Started,0,0,0,100,5.9,75.9,1,5,76.6,0,0,0
LAP-12196,Punjab,PUN-6,Industrial Corridor,Government,87.1,101,6,1353,Not Started,7,Survey Complete,1,0,0,100,8.4,60.9,1,5,78.7,0,0,0
LAP-12197,Rajasthan,RAJ-1,Highway,Private Agricultural,34.9,288,2,646,Not Started,1,Not Started,1,1,0,100,8.5,41.8,1,2,33.4,1,0,0
LAP-12198,Haryana,HAR-2,Urban Development,Forest,29.5,216,4,1478,Not Started,2,Partial Possession,1,1,0,100,6.3,100.0,3,0,62.3,0,0,0
LAP-12199,Maharashtra,MAH-1,Industrial Corridor,Private Agricultural,9.9,30,6,840,Partially Disbursed,16,Award Declared,1,0,1,41,6.4,64.2,0,2,56.3,0,0,0
LAP-12200,Maharashtra,MAH-2,Airport,Mixed,16.8,72,2,1251,Not Started,9,Partial Possession,2,1,0,100,7.7,51.0,3,4,100.0,1,0,0
LAP-12201,Karnataka,KAR-5,Renewable Energy,Mixed,30.3,24,4,1255,Partially Disbursed,27,Partial Possession,2,0,0,100,5.4,17.8,1,0,64.1,0,0,0
LAP-12202,Haryana,HAR-4,Highway,Forest,10.1,4,3,478,Not Started,4,Survey Complete,2,1,0,100,5.4,79.0,3,1,26.5,0,0,0
LAP-12203,Tamil Nadu,TAM-4,Irrigation,Government,24.2,9,4,1477,Not Started,8,Award Declared,0,0,0,100,4.4,69.2,1,8,69.3,0,0,0
LAP-12204,Uttar Pradesh,UTT-2,Power Transmission,Private Agricultural,62.4,101,5,964,Fully Disbursed,95,Partial Possession,1,1,0,100,4.4,85.3,2,7,27.7,1,1,126
LAP-12205,Maharashtra,MAH-3,Industrial Corridor,Mixed,23.5,80,3,1099,Not Started,1,Not Started,0,0,0,100,8.8,43.4,3,8,52.1,0,0,0
LAP-12206,Tamil Nadu,TAM-3,Power Transmission,Private Agricultural,1.7,117,3,1070,Partially Disbursed,44,Partial Possession,3,0,0,100,5.8,55.1,4,0,79.2,1,0,0
LAP-12207,Haryana,HAR-6,Urban Development,Private Agricultural,152.0,36,2,139,Not Started,0,Partial Possession,0,0,0,100,1.6,38.6,2,0,47.2,0,0,0
LAP-12208,West Bengal,WES-6,Irrigation,Government,4.7,37,3,99,Partially Disbursed,38,Award Declared,1,1,0,100,8.4,24.9,6,8,37.7,0,1,46
LAP-12209,Jharkhand,JHA-3,Urban Development,Private Agricultural,25.2,57,3,284,Partially Disbursed,58,Partial Possession,1,1,1,39,2.2,55.0,1,4,56.9,0,0,0
LAP-12210,Chhattisgarh,CHH-6,Highway,Mixed,17.3,156,5,1196,Fully Disbursed,100,Survey Complete,0,0,0,100,7.2,71.8,5,3,37.7,0,0,0
LAP-12211,Haryana,HAR-4,Industrial Corridor,Tribal,15.6,30,6,167,Not Started,0,Partial Possession,1,1,0,100,6.6,100.0,1,0,48.9,0,0,0
LAP-12212,Madhya Pradesh,MAD-2,Highway,Tribal,36.6,1,5,1175,Partially Disbursed,52,Survey Complete,0,0,1,99,7.5,40.5,2,0,77.3,0,0,0
LAP-12213,Rajasthan,RAJ-5,Industrial Corridor,Tribal,46.6,85,4,882,Partially Disbursed,23,Award Declared,0,0,1,58,4.7,21.9,3,3,65.2,0,0,0
LAP-12214,Bihar,BIH-5,Urban Development,Private Agricultural,6.3,106,5,278,Not Started,0,Not Started,1,1,1,78,4.6,39.4,1,4,42.7,0,1,50
LAP-12215,Uttar Pradesh,UTT-3,Highway,Private Agricultural,18.4,87,1,1041,Partially Disbursed,48,Not Started,0,0,1,18,7.6,58.1,2,0,7.9,0,0,0
LAP-12216,Chhattisgarh,CHH-6,Irrigation,Tribal,96.6,215,5,442,Fully Disbursed,89,Award Declared,3,1,1,44,2.8,64.0,0,8,38.0,1,1,99
LAP-12217,Karnataka,KAR-2,Highway,Tribal,2.9,47,4,679,Not Started,6,Partial Possession,1,1,0,100,2.7,51.1,2,3,78.4,0,0,0
LAP-12218,Odisha,ODI-2,Irrigation,Government,9.3,24,2,200,Fully Disbursed,89,Partial Possession,3,1,0,100,8.6,16.0,3,2,25.1,0,1,59
LAP-12219,Madhya Pradesh,MAD-3,Airport,Private Agricultural,25.6,26,6,814,Fully Disbursed,85,Survey Complete,1,0,0,100,5.7,75.8,2,7,23.1,0,0,0
LAP-12220,Gujarat,GUJ-3,Renewable Energy,Private Agricultural,34.1,63,4,1003,Fully Disbursed,97,Survey Complete,0,0,1,95,7.8,68.8,2,3,80.3,1,0,0
LAP-12221,Chhattisgarh,CHH-6,Urban Development,Tribal,26.0,63,2,74,Fully Disbursed,98,Survey Complete,1,1,0,100,7.3,35.4,2,7,45.7,0,1,112
LAP-12222,Telangana,TEL-1,Railway,Forest,18.1,25,5,320,Not Started,3,Survey Complete,2,1,1,23,8.0,79.6,1,2,0.0,1,0,0
LAP-12223,Rajasthan,RAJ-3,Urban Development,Private Agricultural,122.6,11,4,311,Fully Disbursed,97,Survey Complete,0,0,1,79,3.8,75.2,2,4,56.7,0,0,0
LAP-12224,West Bengal,WES-4,Urban Development,Forest,8.6,5,4,826,Fully Disbursed,89,Partial Possession,1,1,0,100,9.8,29.8,3,3,79.5,0,1,62
LAP-12225,Karnataka,KAR-4,Airport,Private Agricultural,65.2,2,4,579,Not Started,0,Award Declared,0,0,1,86,7.6,47.1,3,3,0.0,1,0,0
LAP-12226,Punjab,PUN-5,Urban Development,Private Agricultural,43.0,90,6,1357,Partially Disbursed,62,Partial Possession,0,0,0,100,5.8,57.4,1,8,65.2,0,0,0
LAP-12227,Jharkhand,JHA-3,Highway,Government,6.4,181,4,393,Not Started,8,Not Started,0,0,1,91,5.5,41.4,2,4,45.8,0,0,0
LAP-12228,Bihar,BIH-2,Urban Development,Private Agricultural,60.5,95,4,344,Fully Disbursed,96,Partial Possession,0,0,1,16,4.5,65.4,4,3,17.6,0,0,0
LAP-12229,Punjab,PUN-1,Urban Development,Private Agricultural,158.7,310,1,526,Fully Disbursed,99,Partial Possession,1,1,0,100,6.3,38.5,1,7,25.9,0,0,0
LAP-12230,Telangana,TEL-5,Urban Development,Mixed,11.0,1873,3,56,Partially Disbursed,52,Award Declared,0,0,1,51,4.4,53.0,0,3,40.8,0,0,0
LAP-12231,Karnataka,KAR-2,Highway,Government,57.4,184,2,372,Fully Disbursed,94,Full Possession,0,0,0,100,7.7,62.9,0,4,44.1,0,0,0
LAP-12232,Telangana,TEL-4,Highway,Forest,53.0,52,6,1028,Not Started,4,Partial Possession,1,1,1,76,3.1,48.0,0,4,49.2,0,1,110
LAP-12233,Gujarat,GUJ-1,Highway,Government,6.5,27,3,727,Not Started,1,Survey Complete,0,0,0,100,6.8,5.0,2,6,0.0,0,1,29
LAP-12234,West Bengal,WES-6,Urban Development,Mixed,13.4,97,3,133,Partially Disbursed,77,Award Declared,2,1,0,100,5.1,28.2,2,5,28.7,0,0,0
LAP-12235,Gujarat,GUJ-6,Urban Development,Private Agricultural,44.6,10,5,1159,Partially Disbursed,34,Full Possession,2,1,1,58,6.3,80.0,0,5,22.7,0,1,7
LAP-12236,Madhya Pradesh,MAD-2,Power Transmission,Tribal,2.2,65,5,241,Partially Disbursed,76,Not Started,3,1,0,100,10.0,88.0,2,4,43.9,0,0,0
LAP-12237,Telangana,TEL-6,Highway,Mixed,21.6,457,2,1222,Partially Disbursed,70,Full Possession,0,0,0,100,6.4,79.4,1,6,22.2,0,0,0
LAP-12238,Madhya Pradesh,MAD-4,Airport,Tribal,158.8,8,2,708,Fully Disbursed,98,Award Declared,0,0,0,100,6.2,38.8,3,3,57.8,1,0,0
LAP-12239,Uttar Pradesh,UTT-6,Industrial Corridor,Private Agricultural,21.6,21,4,981,Not Started,0,Award Declared,1,0,0,100,5.9,66.5,2,4,58.0,0,0,0
LAP-12240,Odisha,ODI-1,Urban Development,Government,9.5,23,4,643,Partially Disbursed,23,Full Possession,0,0,1,53,7.8,65.6,2,5,39.4,0,0,0
LAP-12241,Madhya Pradesh,MAD-6,Urban Development,Private Agricultural,41.1,148,4,1399,Partially Disbursed,41,Full Possession,1,1,0,100,9.0,87.1,1,7,57.5,0,0,0
LAP-12242,Punjab,PUN-6,Railway,Tribal,94.3,14,1,201,Partially Disbursed,54,Partial Possession,1,1,0,100,7.1,44.8,0,4,49.1,0,0,0
LAP-12243,Karnataka,KAR-1,Irrigation,Private Agricultural,22.4,42,6,1217,Partially Disbursed,10,Not Started,1,0,0,100,5.8,5.0,3,7,63.5,0,1,151
LAP-12244,Punjab,PUN-1,Power Transmission,Private Agricultural,7.1,65,6,373,Partially Disbursed,68,Award Declared,2,1,1,25,8.3,51.7,2,6,61.3,0,1,113
LAP-12245,West Bengal,WES-6,Urban Development,Private Agricultural,14.4,17,2,1332,Not Started,7,Partial Possession,1,1,0,100,6.4,42.7,4,3,87.3,0,0,0
LAP-12246,Karnataka,KAR-5,Industrial Corridor,Tribal,58.8,110,6,262,Fully Disbursed,86,Not Started,1,1,0,100,7.0,61.3,1,1,65.2,0,0,0
LAP-12247,Jharkhand,JHA-4,Airport,Private Agricultural,27.2,184,5,1177,Not Started,8,Not Started,0,0,0,100,5.7,12.3,1,4,28.9,0,0,0
LAP-12248,Odisha,ODI-3,Industrial Corridor,Forest,17.9,7,5,132,Not Started,2,Partial Possession,1,0,1,38,6.6,70.1,2,1,58.0,0,0,0
LAP-12249,Haryana,HAR-2,Railway,Private Agricultural,15.1,164,5,489,Not Started,6,Partial Possession,2,0,1,63,5.5,68.5,3,2,43.2,1,0,0
LAP-12250,Haryana,HAR-5,Airport,Forest,2.9,8,3,1182,Partially Disbursed,30,Full Possession,0,0,0,100,4.1,93.5,0,0,80.3,0,0,0
LAP-12251,Bihar,BIH-6,Urban Development,Private Agricultural,45.5,592,5,46,Not Started,7,Award Declared,0,0,1,10,4.4,53.2,1,5,54.8,0,0,0
LAP-12252,Odisha,ODI-5,Industrial Corridor,Government,21.4,107,5,905,Not Started,3,Award Declared,0,0,0,100,5.7,80.3,4,5,52.4,1,1,147
LAP-12253,Chhattisgarh,CHH-6,Power Transmission,Private Agricultural,9.9,27,5,588,Partially Disbursed,45,Award Declared,0,0,0,100,8.2,72.9,1,5,24.4,0,0,0
LAP-12254,Uttar Pradesh,UTT-2,Irrigation,Private Agricultural,45.8,41,2,1480,Fully Disbursed,94,Not Started,0,0,1,88,5.7,48.9,3,2,44.1,0,0,0
LAP-12255,Uttar Pradesh,UTT-1,Urban Development,Private Agricultural,17.0,79,2,581,Not Started,7,Partial Possession,1,1,1,40,6.7,80.9,3,2,76.5,0,0,0
LAP-12256,Karnataka,KAR-3,Power Transmission,Government,61.9,5,4,1238,Not Started,1,Not Started,0,0,0,100,3.9,80.5,2,2,91.2,0,0,0
LAP-12257,Haryana,HAR-3,Power Transmission,Private Agricultural,25.2,51,6,501,Not Started,5,Full Possession,0,0,1,25,4.4,70.7,3,5,28.5,0,0,0
LAP-12258,Uttar Pradesh,UTT-3,Highway,Tribal,87.3,21,2,669,Partially Disbursed,51,Partial Possession,2,1,1,82,6.5,53.9,4,5,41.4,1,1,19
LAP-12259,Chhattisgarh,CHH-4,Railway,Private Agricultural,15.3,35,3,201,Fully Disbursed,93,Award Declared,0,0,1,74,8.9,62.0,1,1,67.6,0,0,0
LAP-12260,West Bengal,WES-6,Urban Development,Tribal,11.6,935,4,1286,Not Started,8,Not Started,0,0,1,83,9.0,37.9,1,4,63.7,0,1,120
LAP-12261,Haryana,HAR-2,Industrial Corridor,Mixed,24.2,20,6,90,Partially Disbursed,77,Not Started,1,0,0,100,7.1,62.7,1,5,22.9,0,0,0
LAP-12262,Madhya Pradesh,MAD-4,Renewable Energy,Private Agricultural,2.6,887,4,303,Partially Disbursed,57,Not Started,1,1,1,12,5.0,38.6,1,6,36.3,1,1,65
LAP-12263,Odisha,ODI-5,Power Transmission,Tribal,54.5,17,3,263,Partially Disbursed,46,Award Declared,2,1,1,83,6.9,64.8,1,6,0.0,0,0,0
LAP-12264,Karnataka,KAR-2,Highway,Government,45.4,293,2,511,Fully Disbursed,90,Partial Possession,2,1,1,86,5.4,63.2,2,7,65.1,0,0,0
LAP-12265,Haryana,HAR-5,Highway,Private Agricultural,34.8,75,4,799,Not Started,0,Survey Complete,1,1,0,100,5.7,78.7,1,1,53.9,1,0,0
LAP-12266,Bihar,BIH-4,Highway,Tribal,20.1,11,4,419,Not Started,6,Survey Complete,1,1,1,13,2.6,48.9,2,8,57.8,0,1,80
LAP-12267,Haryana,HAR-3,Irrigation,Tribal,53.7,40,5,1219,Partially Disbursed,13,Not Started,0,0,0,100,8.0,66.1,3,8,43.8,0,1,27
LAP-12268,Punjab,PUN-2,Highway,Government,73.8,43,4,662,Not Started,1,Not Started,1,1,0,100,5.5,48.4,2,1,47.9,0,0,0
LAP-12269,Bihar,BIH-5,Railway,Private Agricultural,32.4,33,4,55,Fully Disbursed,92,Not Started,0,0,1,72,6.7,70.2,1,1,27.8,0,0,0
LAP-12270,Jharkhand,JHA-3,Highway,Private Agricultural,12.9,18,5,1212,Not Started,0,Survey Complete,0,0,1,1,6.2,41.8,1,7,60.5,1,1,174
LAP-12271,Karnataka,KAR-1,Urban Development,Private Agricultural,10.6,58,5,720,Partially Disbursed,70,Full Possession,2,1,1,86,5.9,69.2,0,8,89.5,1,0,0
LAP-12272,Bihar,BIH-3,Railway,Forest,4.7,38,4,667,Partially Disbursed,17,Partial Possession,1,0,1,80,10.0,68.6,2,4,62.1,0,0,0
LAP-12273,Rajasthan,RAJ-3,Industrial Corridor,Government,23.5,329,2,301,Not Started,6,Survey Complete,0,0,1,92,7.2,51.0,0,6,76.1,1,0,0
LAP-12274,Uttar Pradesh,UTT-1,Irrigation,Mixed,10.8,611,4,132,Partially Disbursed,27,Full Possession,1,1,0,100,3.8,64.7,1,8,56.9,1,1,43
LAP-12275,Uttar Pradesh,UTT-1,Renewable Energy,Forest,10.7,17,5,294,Not Started,5,Award Declared,0,0,0,100,8.0,20.2,4,2,46.1,1,0,0
LAP-12276,Karnataka,KAR-5,Irrigation,Forest,60.1,2,2,1393,Partially Disbursed,26,Not Started,1,1,0,100,5.5,77.1,3,4,30.2,0,0,0
LAP-12277,Punjab,PUN-1,Power Transmission,Tribal,16.5,184,1,635,Partially Disbursed,18,Full Possession,1,1,0,100,5.8,55.8,2,8,90.9,0,1,155
LAP-12278,Rajasthan,RAJ-5,Airport,Forest,12.6,33,3,495,Partially Disbursed,61,Award Declared,1,0,0,100,4.6,78.5,2,7,24.4,0,0,0
LAP-12279,Haryana,HAR-4,Railway,Private Agricultural,61.5,32,3,1222,Fully Disbursed,96,Partial Possession,0,0,0,100,8.9,51.3,1,3,55.1,0,0,0
LAP-12280,Uttar Pradesh,UTT-2,Urban Development,Tribal,5.0,237,2,980,Partially Disbursed,84,Award Declared,2,0,1,61,5.0,56.2,1,3,68.3,0,1,63
LAP-12281,Tamil Nadu,TAM-2,Power Transmission,Government,52.1,195,4,1087,Partially Disbursed,18,Award Declared,1,1,1,91,9.5,34.4,2,1,88.9,1,0,0
LAP-12282,West Bengal,WES-3,Industrial Corridor,Private Agricultural,11.2,24,6,1129,Not Started,3,Partial Possession,1,1,1,68,5.4,62.4,3,2,75.9,0,0,0
LAP-12283,Chhattisgarh,CHH-1,Highway,Private Agricultural,23.7,79,2,1201,Not Started,8,Survey Complete,1,0,1,63,4.6,5.0,2,0,100.0,0,0,0
LAP-12284,Gujarat,GUJ-2,Railway,Private Agricultural,52.8,168,2,305,Not Started,0,Partial Possession,0,0,1,24,6.1,79.3,3,5,60.8,0,0,0
LAP-12285,Jharkhand,JHA-4,Urban Development,Government,27.7,65,4,322,Not Started,9,Not Started,1,0,0,100,6.3,53.9,2,4,55.9,0,0,0
LAP-12286,Odisha,ODI-2,Airport,Mixed,4.3,189,2,251,Fully Disbursed,85,Survey Complete,0,0,0,100,9.1,68.9,3,3,82.5,1,0,0
LAP-12287,Bihar,BIH-4,Highway,Mixed,19.8,602,5,984,Fully Disbursed,86,Partial Possession,1,1,0,100,5.0,66.1,0,1,58.9,1,0,0
LAP-12288,Tamil Nadu,TAM-2,Urban Development,Mixed,52.5,256,5,529,Partially Disbursed,45,Not Started,1,1,0,100,4.0,28.6,3,0,59.1,0,0,0
LAP-12289,Chhattisgarh,CHH-4,Highway,Government,6.2,157,2,303,Partially Disbursed,78,Full Possession,2,0,0,100,5.9,40.5,4,8,58.6,0,1,83
LAP-12290,Bihar,BIH-4,Highway,Private Agricultural,9.8,45,5,811,Fully Disbursed,100,Not Started,2,1,0,100,4.7,57.6,1,6,75.4,0,0,0
LAP-12291,Maharashtra,MAH-3,Renewable Energy,Private Agricultural,15.0,46,6,147,Partially Disbursed,65,Full Possession,1,0,0,100,6.4,35.7,3,2,40.5,1,0,0
LAP-12292,Chhattisgarh,CHH-5,Industrial Corridor,Government,3.3,28,6,784,Partially Disbursed,52,Not Started,1,1,0,100,5.7,19.1,1,2,57.3,0,1,68
LAP-12293,Telangana,TEL-2,Railway,Mixed,131.0,152,4,453,Partially Disbursed,11,Full Possession,1,1,1,87,6.6,45.9,3,0,51.7,0,0,0
LAP-12294,Maharashtra,MAH-4,Airport,Private Agricultural,48.1,14,1,1405,Not Started,9,Survey Complete,0,0,1,73,5.0,55.0,0,8,10.2,1,0,0
LAP-12295,Punjab,PUN-4,Railway,Forest,2.5,46,3,466,Partially Disbursed,54,Full Possession,0,0,0,100,10.0,59.9,4,0,66.4,0,0,0
LAP-12296,Haryana,HAR-3,Railway,Private Agricultural,112.4,86,3,1267,Partially Disbursed,17,Not Started,0,0,0,100,7.0,81.8,3,7,48.5,0,1,243
LAP-12297,West Bengal,WES-5,Industrial Corridor,Private Agricultural,54.3,22,1,697,Partially Disbursed,10,Award Declared,1,1,1,2,6.5,61.8,1,3,15.8,0,0,0
LAP-12298,West Bengal,WES-3,Highway,Tribal,34.7,42,3,1389,Fully Disbursed,93,Award Declared,1,1,0,100,6.2,62.6,1,6,54.1,0,1,197
LAP-12299,Bihar,BIH-1,Railway,Private Agricultural,17.3,4,1,539,Not Started,2,Not Started,1,0,1,71,5.5,53.2,3,1,64.8,0,0,0
LAP-12300,Karnataka,KAR-4,Power Transmission,Mixed,42.0,31,5,135,Partially Disbursed,56,Survey Complete,0,0,0,100,4.5,43.2,4,5,51.7,0,0,0
LAP-12301,Tamil Nadu,TAM-5,Urban Development,Forest,23.7,4,5,706,Partially Disbursed,59,Not Started,0,0,0,100,6.8,42.3,3,4,47.0,1,0,0
LAP-12302,Odisha,ODI-1,Highway,Private Agricultural,31.4,130,1,221,Not Started,7,Survey Complete,0,0,0,100,5.1,90.7,1,1,47.5,1,0,0
LAP-12303,Jharkhand,JHA-2,Urban Development,Private Agricultural,112.7,162,3,1359,Fully Disbursed,98,Not Started,0,0,0,100,9.3,73.2,3,0,67.0,0,0,0
LAP-12304,Madhya Pradesh,MAD-6,Highway,Private Agricultural,6.9,37,1,219,Partially Disbursed,48,Survey Complete,0,0,1,19,7.2,75.0,1,1,42.2,0,0,0
LAP-12305,Rajasthan,RAJ-6,Renewable Energy,Private Agricultural,11.0,11,4,1078,Partially Disbursed,51,Not Started,1,1,1,90,4.1,34.3,2,6,66.7,0,0,0
LAP-12306,Rajasthan,RAJ-4,Highway,Government,83.4,25,4,972,Partially Disbursed,37,Survey Complete,1,1,1,54,6.1,79.5,3,6,68.4,0,0,0
LAP-12307,Rajasthan,RAJ-1,Highway,Government,127.9,93,2,403,Partially Disbursed,12,Award Declared,1,0,0,100,6.5,59.0,2,0,48.8,0,0,0
LAP-12308,Punjab,PUN-5,Power Transmission,Government,9.0,121,3,452,Not Started,5,Survey Complete,0,0,0,100,6.1,75.4,2,3,50.7,1,0,0
LAP-12309,Punjab,PUN-3,Airport,Private Agricultural,72.3,6,5,1183,Partially Disbursed,45,Not Started,2,1,0,100,8.5,75.5,1,6,54.6,0,1,76
LAP-12310,Punjab,PUN-6,Power Transmission,Mixed,29.6,14,4,1005,Fully Disbursed,97,Partial Possession,0,0,0,100,4.6,46.2,1,6,54.7,0,0,0
LAP-12311,Rajasthan,RAJ-6,Railway,Private Agricultural,30.1,20,6,1096,Partially Disbursed,15,Partial Possession,0,0,0,100,5.9,36.1,1,5,6.9,1,0,0
LAP-12312,Tamil Nadu,TAM-1,Highway,Government,133.0,29,5,763,Fully Disbursed,89,Award Declared,1,0,0,100,7.0,34.3,1,7,58.2,0,0,0
LAP-12313,Haryana,HAR-2,Highway,Private Agricultural,16.7,47,4,1246,Partially Disbursed,84,Not Started,0,0,1,31,6.7,77.2,4,2,41.6,1,0,0
LAP-12314,Punjab,PUN-5,Railway,Tribal,28.2,6,6,799,Not Started,2,Partial Possession,2,1,1,18,10.0,29.2,3,2,77.6,1,0,0
LAP-12315,Tamil Nadu,TAM-1,Renewable Energy,Mixed,38.1,75,2,1215,Not Started,9,Not Started,0,0,1,26,4.3,91.5,0,2,74.0,0,0,0
LAP-12316,Maharashtra,MAH-2,Power Transmission,Tribal,20.6,199,3,257,Fully Disbursed,86,Full Possession,2,1,0,100,7.0,34.5,2,2,54.2,1,0,0
LAP-12317,Gujarat,GUJ-6,Urban Development,Private Agricultural,68.6,18,1,175,Fully Disbursed,86,Not Started,0,0,1,88,4.6,66.7,1,7,69.9,1,0,0
LAP-12318,Haryana,HAR-2,Urban Development,Forest,8.3,204,5,634,Fully Disbursed,99,Full Possession,1,0,0,100,5.0,68.3,3,7,66.0,1,0,0
LAP-12319,Telangana,TEL-3,Urban Development,Private Agricultural,52.5,13,1,407,Fully Disbursed,96,Award Declared,2,1,0,100,5.2,23.8,6,7,48.5,0,0,0
LAP-12320,West Bengal,WES-1,Urban Development,Private Agricultural,4.0,37,1,1042,Partially Disbursed,64,Partial Possession,0,0,1,17,8.0,23.7,1,4,20.9,0,0,0
LAP-12321,Punjab,PUN-3,Highway,Forest,81.3,120,2,1416,Not Started,1,Award Declared,2,0,0,100,7.8,62.9,4,7,36.3,0,1,24
LAP-12322,Bihar,BIH-4,Renewable Energy,Mixed,36.5,5,6,424,Fully Disbursed,89,Award Declared,0,0,0,100,8.6,76.3,1,3,53.4,1,0,0
LAP-12323,Chhattisgarh,CHH-6,Power Transmission,Private Agricultural,139.1,45,5,1344,Fully Disbursed,99,Award Declared,0,0,1,87,6.0,59.2,3,3,48.5,0,0,0
LAP-12324,Maharashtra,MAH-1,Highway,Forest,11.6,49,2,123,Fully Disbursed,90,Award Declared,2,0,0,100,8.4,66.9,3,1,85.5,0,0,0
LAP-12325,Chhattisgarh,CHH-5,Highway,Private Agricultural,582.7,55,4,384,Partially Disbursed,65,Not Started,3,0,1,64,6.6,30.8,0,3,70.5,0,0,0
LAP-12326,Madhya Pradesh,MAD-5,Airport,Mixed,12.2,21,6,249,Partially Disbursed,40,Full Possession,0,0,0,100,10.0,38.1,1,3,36.2,1,0,0
LAP-12327,Madhya Pradesh,MAD-1,Irrigation,Private Agricultural,18.3,25,6,782,Not Started,0,Partial Possession,0,0,0,100,3.8,59.2,3,2,71.7,1,0,0
LAP-12328,Tamil Nadu,TAM-6,Highway,Mixed,111.1,54,1,731,Not Started,4,Not Started,0,0,0,100,7.9,32.1,1,5,100.0,0,1,44
LAP-12329,West Bengal,WES-6,Urban Development,Private Agricultural,161.0,37,4,1184,Not Started,4,Partial Possession,0,0,1,50,4.5,65.5,1,3,55.2,0,1,245
LAP-12330,Rajasthan,RAJ-6,Industrial Corridor,Mixed,31.1,17,5,1372,Partially Disbursed,40,Partial Possession,0,0,0,100,7.2,91.1,2,6,65.6,1,0,0
LAP-12331,Bihar,BIH-1,Urban Development,Government,39.9,30,4,721,Not Started,3,Full Possession,1,0,0,100,4.7,34.0,1,1,44.1,0,0,0
LAP-12332,Karnataka,KAR-2,Irrigation,Private Agricultural,50.5,323,4,550,Not Started,2,Not Started,1,1,0,100,6.6,44.9,3,2,38.2,0,0,0
LAP-12333,Chhattisgarh,CHH-3,Industrial Corridor,Private Agricultural,7.3,56,5,874,Not Started,3,Award Declared,0,0,1,17,8.0,62.6,0,5,41.5,0,0,0
LAP-12334,Odisha,ODI-4,Urban Development,Private Agricultural,34.5,294,2,517,Not Started,9,Survey Complete,1,0,1,77,4.8,52.8,1,8,31.8,1,0,0
LAP-12335,Haryana,HAR-1,Industrial Corridor,Private Agricultural,5.3,93,3,26,Fully Disbursed,95,Partial Possession,0,0,0,100,8.2,71.0,0,4,83.3,0,0,0
LAP-12336,West Bengal,WES-3,Urban Development,Private Agricultural,4.5,56,6,1170,Partially Disbursed,13,Survey Complete,0,0,1,90,7.1,65.2,5,4,70.9,0,0,0
LAP-12337,Gujarat,GUJ-5,Irrigation,Private Agricultural,17.9,264,6,1134,Partially Disbursed,48,Award Declared,1,1,1,89,3.7,74.3,3,4,54.1,0,0,0
LAP-12338,West Bengal,WES-1,Highway,Forest,20.7,421,5,654,Partially Disbursed,62,Survey Complete,2,0,0,100,4.7,56.4,1,3,59.9,0,1,199
LAP-12339,Tamil Nadu,TAM-1,Industrial Corridor,Forest,27.7,45,2,1280,Not Started,8,Survey Complete,2,0,0,100,7.0,75.9,1,5,42.3,0,0,0
LAP-12340,Tamil Nadu,TAM-6,Irrigation,Private Agricultural,27.4,43,3,1106,Not Started,6,Award Declared,0,0,1,3,6.7,81.9,2,7,100.0,1,1,87
LAP-12341,Chhattisgarh,CHH-2,Airport,Private Agricultural,19.3,101,4,1488,Partially Disbursed,75,Survey Complete,0,0,0,100,4.2,60.7,0,4,52.8,0,1,112
LAP-12342,Telangana,TEL-6,Urban Development,Private Agricultural,1.7,25,1,818,Not Started,7,Not Started,0,0,1,93,7.4,84.1,3,3,41.8,0,0,0
LAP-12343,Uttar Pradesh,UTT-3,Urban Development,Private Agricultural,16.2,23,4,973,Not Started,3,Not Started,0,0,1,36,6.1,69.8,2,2,49.1,0,0,0
LAP-12344,Bihar,BIH-4,Highway,Mixed,20.2,136,1,239,Fully Disbursed,99,Not Started,0,0,0,100,4.0,27.5,0,2,64.1,1,0,0
LAP-12345,Gujarat,GUJ-4,Urban Development,Forest,68.4,19,4,221,Partially Disbursed,46,Full Possession,1,1,1,20,4.0,27.9,3,6,37.1,0,0,0
LAP-12346,Odisha,ODI-1,Industrial Corridor,Private Agricultural,1.7,33,2,181,Fully Disbursed,88,Full Possession,1,1,0,100,4.5,32.1,0,3,70.2,1,0,0
LAP-12347,Uttar Pradesh,UTT-1,Industrial Corridor,Forest,3.9,66,3,275,Fully Disbursed,95,Partial Possession,1,0,0,100,7.7,28.6,1,0,91.5,0,0,0
LAP-12348,Bihar,BIH-3,Airport,Tribal,45.9,103,5,361,Not Started,6,Not Started,2,1,1,71,6.1,59.4,0,8,42.1,0,0,0
LAP-12349,Madhya Pradesh,MAD-1,Urban Development,Private Agricultural,31.6,35,6,23,Partially Disbursed,44,Partial Possession,0,0,0,100,7.8,36.0,3,0,68.8,1,0,0
LAP-12350,Tamil Nadu,TAM-3,Highway,Tribal,26.8,170,4,189,Fully Disbursed,100,Not Started,0,0,0,100,3.7,57.9,1,8,66.7,0,1,10
LAP-12351,West Bengal,WES-6,Power Transmission,Government,9.6,97,6,132,Partially Disbursed,22,Award Declared,2,0,0,100,7.3,26.3,3,0,53.1,1,0,0
LAP-12352,Telangana,TEL-4,Highway,Private Agricultural,23.8,5,5,1128,Partially Disbursed,52,Full Possession,0,0,1,77,6.9,76.3,1,2,92.1,0,0,0
LAP-12353,West Bengal,WES-1,Highway,Government,71.6,12,1,1481,Partially Disbursed,32,Partial Possession,1,1,0,100,6.8,84.2,3,0,19.6,0,0,0
LAP-12354,Tamil Nadu,TAM-4,Irrigation,Private Agricultural,40.7,1,4,1200,Partially Disbursed,37,Partial Possession,1,1,1,90,6.9,92.5,3,5,89.7,1,0,0
LAP-12355,Punjab,PUN-6,Urban Development,Private Agricultural,4.6,31,1,1411,Partially Disbursed,43,Not Started,0,0,0,100,7.4,86.0,2,5,31.4,1,0,0
LAP-12356,Jharkhand,JHA-2,Renewable Energy,Mixed,21.6,26,2,1177,Partially Disbursed,61,Partial Possession,0,0,0,100,4.5,45.4,4,6,74.1,0,0,0
LAP-12357,Karnataka,KAR-2,Urban Development,Private Agricultural,125.4,95,6,417,Partially Disbursed,40,Not Started,0,0,0,100,5.1,53.6,3,5,38.8,0,0,0
LAP-12358,Karnataka,KAR-5,Highway,Private Agricultural,1.3,12,3,1137,Fully Disbursed,92,Partial Possession,2,0,0,100,5.0,61.8,0,3,46.8,0,0,0
LAP-12359,Bihar,BIH-4,Irrigation,Private Agricultural,7.2,19,1,1307,Fully Disbursed,95,Not Started,1,1,1,66,6.4,100.0,3,5,80.5,0,0,0
LAP-12360,Uttar Pradesh,UTT-6,Highway,Private Agricultural,24.6,235,5,242,Not Started,4,Partial Possession,1,0,0,100,4.1,58.2,1,8,66.3,1,0,0
LAP-12361,Telangana,TEL-4,Irrigation,Private Agricultural,31.2,9,6,626,Fully Disbursed,99,Not Started,0,0,0,100,5.4,41.4,0,2,32.5,1,0,0
LAP-12362,Bihar,BIH-6,Urban Development,Forest,13.8,61,2,1308,Partially Disbursed,64,Not Started,1,1,0,100,6.0,94.7,2,8,43.4,0,0,0
LAP-12363,Rajasthan,RAJ-3,Irrigation,Private Agricultural,20.3,54,1,997,Not Started,7,Partial Possession,1,0,0,100,5.5,59.8,2,4,56.0,0,0,0
LAP-12364,Odisha,ODI-2,Urban Development,Private Agricultural,7.2,45,5,248,Fully Disbursed,86,Not Started,3,1,0,100,4.7,69.9,5,7,2.6,0,1,17
LAP-12365,Madhya Pradesh,MAD-5,Irrigation,Mixed,95.6,23,6,409,Partially Disbursed,66,Award Declared,1,1,0,100,5.6,62.0,3,4,90.6,1,1,437
LAP-12366,Bihar,BIH-4,Railway,Private Agricultural,51.8,46,4,876,Partially Disbursed,60,Partial Possession,1,0,0,100,8.3,74.8,0,7,100.0,1,0,0
LAP-12367,West Bengal,WES-2,Irrigation,Government,27.8,101,1,925,Partially Disbursed,60,Not Started,1,1,0,100,6.6,61.0,1,8,37.9,0,1,120
LAP-12368,Jharkhand,JHA-1,Irrigation,Tribal,15.6,4,2,1437,Fully Disbursed,96,Award Declared,3,1,1,87,7.4,65.9,2,2,17.6,1,0,0
LAP-12369,Karnataka,KAR-4,Highway,Private Agricultural,31.0,15,3,1487,Fully Disbursed,91,Award Declared,1,0,1,33,6.7,30.8,4,3,62.5,1,1,106
LAP-12370,Tamil Nadu,TAM-3,Power Transmission,Tribal,8.6,130,3,116,Not Started,1,Not Started,1,1,1,39,4.5,100.0,3,6,0.0,0,0,0
LAP-12371,Punjab,PUN-3,Railway,Forest,8.1,43,3,38,Partially Disbursed,15,Partial Possession,1,1,1,39,6.0,59.2,4,7,96.3,0,1,103
LAP-12372,Bihar,BIH-4,Railway,Private Agricultural,47.8,42,1,325,Partially Disbursed,72,Survey Complete,1,1,1,88,7.2,40.5,3,7,52.1,1,1,509
LAP-12373,Haryana,HAR-5,Power Transmission,Forest,18.3,240,5,1160,Not Started,8,Partial Possession,2,0,1,42,10.0,64.3,3,4,52.8,1,0,0
LAP-12374,Karnataka,KAR-1,Highway,Private Agricultural,16.0,157,2,923,Partially Disbursed,71,Not Started,0,0,1,37,7.0,82.1,3,6,72.4,0,0,0
LAP-12375,Punjab,PUN-5,Industrial Corridor,Government,15.4,9,4,527,Partially Disbursed,51,Survey Complete,0,0,0,100,3.4,56.0,1,3,81.3,1,0,0
LAP-12376,Karnataka,KAR-2,Power Transmission,Mixed,14.7,16,1,1443,Not Started,9,Not Started,1,0,1,81,10.0,50.9,2,4,44.5,0,0,0
LAP-12377,Rajasthan,RAJ-4,Power Transmission,Government,9.5,292,3,718,Not Started,5,Partial Possession,0,0,0,100,9.7,87.5,4,4,74.1,1,0,0
LAP-12378,Madhya Pradesh,MAD-2,Power Transmission,Private Agricultural,6.4,279,1,1448,Partially Disbursed,55,Award Declared,0,0,0,100,7.8,43.5,1,4,10.2,1,0,0
LAP-12379,Odisha,ODI-4,Irrigation,Private Agricultural,10.2,27,1,614,Fully Disbursed,90,Partial Possession,0,0,1,72,5.2,42.3,2,4,47.3,0,0,0
LAP-12380,Uttar Pradesh,UTT-2,Railway,Tribal,31.0,28,2,1136,Fully Disbursed,98,Not Started,0,0,0,100,2.9,79.1,3,0,29.5,0,0,0
LAP-12381,Maharashtra,MAH-3,Power Transmission,Tribal,25.0,92,4,1077,Not Started,7,Partial Possession,2,0,1,99,6.3,60.3,0,8,4.4,1,1,169
LAP-12382,Rajasthan,RAJ-4,Urban Development,Private Agricultural,11.0,11,3,1242,Partially Disbursed,16,Not Started,1,1,1,71,9.9,71.2,2,0,45.7,0,1,244
LAP-12383,Haryana,HAR-4,Railway,Government,71.3,356,4,481,Not Started,7,Partial Possession,0,0,0,100,6.4,74.7,1,2,32.1,1,0,0
LAP-12384,Maharashtra,MAH-6,Railway,Private Agricultural,18.4,10,1,120,Partially Disbursed,46,Not Started,1,0,0,100,10.0,66.4,2,4,55.7,0,0,0
LAP-12385,Odisha,ODI-3,Railway,Private Agricultural,18.8,59,6,499,Fully Disbursed,92,Survey Complete,1,1,1,31,4.1,73.8,3,0,87.2,0,1,8
LAP-12386,Karnataka,KAR-3,Highway,Government,7.9,515,6,973,Partially Disbursed,48,Survey Complete,1,1,1,55,5.3,24.0,4,7,21.9,0,1,489
LAP-12387,Karnataka,KAR-4,Highway,Private Agricultural,37.5,337,3,134,Fully Disbursed,96,Survey Complete,1,1,1,37,3.4,86.6,4,3,37.7,1,1,6
LAP-12388,Maharashtra,MAH-2,Renewable Energy,Private Agricultural,29.8,79,1,1262,Fully Disbursed,87,Survey Complete,0,0,1,28,7.6,48.6,0,6,64.7,0,1,84
LAP-12389,Maharashtra,MAH-4,Railway,Private Agricultural,19.0,30,1,1333,Partially Disbursed,23,Award Declared,0,0,1,36,5.4,37.5,3,2,13.4,0,0,0
LAP-12390,Maharashtra,MAH-5,Irrigation,Forest,70.2,30,6,1311,Not Started,6,Award Declared,2,1,0,100,5.1,44.4,1,3,35.7,0,0,0
LAP-12391,Haryana,HAR-3,Railway,Forest,28.4,22,1,1048,Not Started,7,Partial Possession,2,1,0,100,5.1,41.4,3,6,70.9,0,1,134
LAP-12392,Rajasthan,RAJ-6,Renewable Energy,Private Agricultural,13.1,62,4,876,Fully Disbursed,100,Partial Possession,3,1,1,85,7.5,65.2,1,4,35.0,1,0,0
LAP-12393,Tamil Nadu,TAM-5,Railway,Tribal,16.1,71,1,1241,Partially Disbursed,24,Not Started,2,1,0,100,8.3,48.3,2,6,80.3,0,0,0
LAP-12394,Tamil Nadu,TAM-3,Railway,Private Agricultural,35.7,24,2,530,Partially Disbursed,48,Survey Complete,1,1,1,7,2.9,45.5,2,8,35.3,0,1,11
LAP-12395,Karnataka,KAR-5,Urban Development,Private Agricultural,6.9,387,1,804,Fully Disbursed,87,Not Started,0,0,0,100,5.9,51.5,4,8,64.5,1,1,345
LAP-12396,Uttar Pradesh,UTT-5,Irrigation,Government,2.3,84,1,80,Not Started,3,Award Declared,1,1,1,78,8.6,43.2,1,5,94.5,0,1,134
LAP-12397,Bihar,BIH-4,Urban Development,Private Agricultural,4.3,7,3,153,Partially Disbursed,23,Partial Possession,0,0,0,100,7.8,33.6,1,7,60.9,0,0,0
LAP-12398,Uttar Pradesh,UTT-5,Industrial Corridor,Forest,7.5,273,3,950,Fully Disbursed,89,Partial Possession,1,0,0,100,8.2,76.6,3,2,64.2,1,0,0
LAP-12399,Rajasthan,RAJ-5,Highway,Tribal,2.2,8,3,1370,Not Started,0,Award Declared,2,1,0,100,8.9,85.3,2,3,100.0,1,1,198
LAP-12400,Odisha,ODI-1,Railway,Private Agricultural,95.0,238,5,561,Not Started,0,Survey Complete,1,0,0,100,7.1,61.1,2,4,74.7,0,0,0
LAP-12401,Bihar,BIH-3,Urban Development,Mixed,33.6,53,2,261,Partially Disbursed,62,Survey Complete,0,0,1,41,3.3,64.0,5,0,39.4,0,1,143
LAP-12402,Jharkhand,JHA-5,Highway,Private Agricultural,37.9,151,4,736,Partially Disbursed,21,Survey Complete,2,1,0,100,5.9,58.5,0,3,40.0,1,1,43
LAP-12403,Chhattisgarh,CHH-5,Irrigation,Private Agricultural,9.0,464,3,233,Not Started,0,Not Started,1,0,0,100,4.6,62.4,4,3,29.7,1,0,0
LAP-12404,Tamil Nadu,TAM-4,Railway,Private Agricultural,192.1,135,1,1307,Partially Disbursed,67,Not Started,0,0,1,60,3.8,66.1,2,2,25.4,1,0,0
LAP-12405,Jharkhand,JHA-6,Highway,Forest,11.9,69,3,663,Fully Disbursed,99,Survey Complete,1,1,1,19,2.8,36.1,1,5,37.3,0,1,139
LAP-12406,Bihar,BIH-2,Renewable Energy,Tribal,17.5,144,1,631,Not Started,6,Partial Possession,3,1,0,100,5.1,49.6,3,1,50.4,0,0,0
LAP-12407,Karnataka,KAR-4,Renewable Energy,Private Agricultural,24.0,18,5,1435,Fully Disbursed,95,Not Started,0,0,0,100,8.1,31.8,2,6,58.4,1,1,220
LAP-12408,Tamil Nadu,TAM-6,Highway,Tribal,14.9,32,5,1081,Fully Disbursed,91,Survey Complete,0,0,1,26,6.5,81.1,2,7,62.0,0,0,0
LAP-12409,Rajasthan,RAJ-1,Highway,Government,9.0,95,2,341,Not Started,9,Partial Possession,0,0,1,91,8.2,75.5,1,3,33.5,0,0,0
LAP-12410,Punjab,PUN-3,Highway,Government,14.8,32,5,724,Partially Disbursed,62,Award Declared,2,1,1,49,6.3,51.2,1,2,64.3,0,0,0
LAP-12411,Tamil Nadu,TAM-4,Industrial Corridor,Government,177.7,109,5,1299,Fully Disbursed,97,Award Declared,1,0,1,2,8.1,52.9,1,3,58.1,0,0,0
LAP-12412,Gujarat,GUJ-1,Airport,Mixed,10.1,73,1,943,Fully Disbursed,93,Full Possession,0,0,0,100,3.6,63.8,1,6,37.3,1,0,0
LAP-12413,Uttar Pradesh,UTT-2,Airport,Private Agricultural,29.3,137,6,1392,Partially Disbursed,41,Full Possession,1,0,1,3,6.9,73.8,3,8,77.8,0,0,0
LAP-12414,Bihar,BIH-3,Power Transmission,Private Agricultural,14.1,105,2,1034,Fully Disbursed,87,Full Possession,1,1,0,100,7.8,69.8,1,4,40.0,0,0,0
LAP-12415,Haryana,HAR-3,Industrial Corridor,Government,5.3,262,4,939,Not Started,1,Full Possession,0,0,0,100,6.0,97.7,4,1,82.0,1,0,0
LAP-12416,Uttar Pradesh,UTT-2,Railway,Forest,5.8,42,1,606,Partially Disbursed,76,Award Declared,3,1,0,100,4.5,45.9,2,1,73.5,0,1,29
LAP-12417,Punjab,PUN-6,Urban Development,Mixed,20.4,180,2,931,Partially Disbursed,18,Survey Complete,0,0,0,100,9.8,66.8,0,6,38.2,0,0,0
LAP-12418,Bihar,BIH-2,Industrial Corridor,Tribal,24.2,93,6,842,Not Started,6,Partial Possession,1,0,1,0,7.0,43.2,3,1,36.2,0,1,32
LAP-12419,Maharashtra,MAH-6,Irrigation,Forest,101.6,8,3,1413,Partially Disbursed,14,Full Possession,1,0,1,72,2.4,20.9,0,5,61.2,1,0,0
LAP-12420,Maharashtra,MAH-1,Power Transmission,Private Agricultural,61.7,156,1,411,Partially Disbursed,79,Not Started,0,0,0,100,8.9,40.5,1,7,9.1,0,0,0
LAP-12421,Chhattisgarh,CHH-1,Irrigation,Private Agricultural,7.7,57,6,1112,Not Started,6,Not Started,1,1,0,100,5.9,31.9,3,6,48.8,0,1,231
LAP-12422,Telangana,TEL-1,Power Transmission,Government,26.6,27,6,679,Not Started,8,Award Declared,1,1,1,17,3.9,41.6,0,8,28.1,0,1,246
LAP-12423,Haryana,HAR-3,Airport,Private Agricultural,50.8,157,5,1456,Partially Disbursed,60,Partial Possession,1,0,0,100,8.8,42.7,1,7,58.5,1,0,0
LAP-12424,Bihar,BIH-2,Highway,Private Agricultural,16.9,7,5,1154,Not Started,4,Partial Possession,2,1,1,73,8.7,63.8,2,0,42.1,1,0,0
LAP-12425,Odisha,ODI-3,Highway,Private Agricultural,29.9,202,1,232,Fully Disbursed,88,Survey Complete,0,0,1,62,4.5,55.4,4,8,79.1,0,1,129
LAP-12426,Uttar Pradesh,UTT-4,Industrial Corridor,Private Agricultural,4.8,102,4,1191,Partially Disbursed,77,Full Possession,2,1,1,50,7.9,68.1,2,3,40.9,0,0,0
LAP-12427,Odisha,ODI-1,Highway,Mixed,36.3,171,5,1265,Fully Disbursed,93,Award Declared,0,0,1,76,6.9,75.7,0,5,39.1,1,0,0
LAP-12428,Chhattisgarh,CHH-2,Power Transmission,Forest,22.5,9,6,125,Fully Disbursed,90,Partial Possession,1,1,0,100,2.5,31.1,0,5,61.7,0,0,0
LAP-12429,Chhattisgarh,CHH-3,Irrigation,Tribal,17.7,12,4,1401,Partially Disbursed,21,Survey Complete,3,1,1,47,5.5,59.0,3,0,53.8,1,0,0
LAP-12430,Karnataka,KAR-6,Railway,Private Agricultural,9.3,29,5,536,Partially Disbursed,80,Not Started,0,0,1,53,8.7,79.6,1,4,87.5,1,0,0
LAP-12431,West Bengal,WES-6,Irrigation,Private Agricultural,27.4,44,1,576,Fully Disbursed,89,Full Possession,1,1,1,94,9.4,41.7,1,4,20.7,0,1,36
LAP-12432,Rajasthan,RAJ-1,Irrigation,Government,19.8,187,3,1327,Fully Disbursed,96,Survey Complete,2,1,0,100,6.5,75.1,1,3,24.8,0,0,0
LAP-12433,Karnataka,KAR-4,Irrigation,Tribal,16.4,8,3,461,Fully Disbursed,91,Award Declared,2,1,0,100,5.5,23.7,4,6,45.2,0,0,0
LAP-12434,Odisha,ODI-2,Urban Development,Private Agricultural,11.1,15,3,1200,Partially Disbursed,22,Survey Complete,0,0,1,85,4.0,44.5,2,1,77.1,1,0,0
LAP-12435,Chhattisgarh,CHH-5,Irrigation,Government,22.3,59,4,505,Not Started,8,Partial Possession,0,0,1,97,6.6,44.0,0,0,63.4,1,0,0
LAP-12436,Rajasthan,RAJ-4,Urban Development,Private Agricultural,18.7,14,1,687,Not Started,3,Award Declared,0,0,1,80,3.7,90.2,3,3,53.2,0,0,0
LAP-12437,Rajasthan,RAJ-6,Renewable Energy,Private Agricultural,32.4,137,2,489,Fully Disbursed,92,Survey Complete,1,1,0,100,2.7,91.0,0,4,51.9,0,0,0
LAP-12438,Haryana,HAR-6,Highway,Private Agricultural,9.6,77,2,1114,Partially Disbursed,44,Survey Complete,2,1,0,100,9.5,52.8,0,8,62.7,0,1,201
LAP-12439,West Bengal,WES-4,Renewable Energy,Private Agricultural,74.6,176,5,885,Partially Disbursed,25,Partial Possession,0,0,1,56,6.1,77.2,1,6,45.4,0,0,0
LAP-12440,Haryana,HAR-4,Power Transmission,Government,32.4,96,6,1148,Fully Disbursed,98,Survey Complete,0,0,1,16,5.4,75.4,5,8,71.1,0,1,137
LAP-12441,Rajasthan,RAJ-3,Power Transmission,Private Agricultural,30.8,18,5,1224,Not Started,6,Partial Possession,0,0,0,100,8.3,5.0,1,7,66.5,1,1,71
LAP-12442,Jharkhand,JHA-1,Urban Development,Forest,20.2,39,3,1004,Partially Disbursed,44,Partial Possession,1,1,0,100,5.7,73.6,1,5,100.0,0,1,165
LAP-12443,Karnataka,KAR-5,Highway,Tribal,14.9,77,5,1374,Fully Disbursed,97,Award Declared,3,1,1,42,3.9,54.0,1,7,59.3,0,0,0
LAP-12444,Uttar Pradesh,UTT-5,Renewable Energy,Private Agricultural,22.6,47,1,134,Partially Disbursed,83,Not Started,1,0,1,85,7.6,33.5,0,5,45.7,0,0,0
LAP-12445,Maharashtra,MAH-3,Power Transmission,Tribal,21.3,17,4,1027,Not Started,6,Partial Possession,4,1,1,96,2.9,7.9,4,7,67.3,0,1,149
LAP-12446,Rajasthan,RAJ-4,Urban Development,Private Agricultural,57.0,74,6,895,Partially Disbursed,61,Survey Complete,0,0,1,82,9.7,89.9,5,8,53.7,1,0,0
LAP-12447,Tamil Nadu,TAM-2,Railway,Tribal,6.3,26,1,929,Not Started,6,Survey Complete,0,0,0,100,4.3,46.9,2,2,28.4,1,0,0
LAP-12448,Uttar Pradesh,UTT-4,Power Transmission,Forest,20.5,161,2,861,Not Started,1,Partial Possession,1,0,0,100,3.0,82.8,4,2,67.6,0,0,0
LAP-12449,Rajasthan,RAJ-2,Railway,Forest,38.5,49,3,1334,Partially Disbursed,71,Full Possession,4,0,1,10,10.0,73.6,1,3,24.1,0,0,0
LAP-12450,Rajasthan,RAJ-2,Irrigation,Forest,24.6,57,2,1252,Fully Disbursed,97,Not Started,1,1,1,24,8.4,33.9,2,4,64.7,1,0,0
LAP-12451,Punjab,PUN-2,Highway,Mixed,33.5,25,6,692,Not Started,1,Award Declared,0,0,0,100,6.2,33.5,0,6,79.5,0,0,0
LAP-12452,Gujarat,GUJ-2,Renewable Energy,Private Agricultural,146.4,49,4,603,Not Started,9,Survey Complete,2,1,1,21,3.8,83.4,3,7,10.5,0,0,0
LAP-12453,Haryana,HAR-3,Irrigation,Government,5.1,8,5,1247,Fully Disbursed,87,Partial Possession,0,0,0,100,3.1,73.1,1,7,56.0,0,0,0
LAP-12454,West Bengal,WES-4,Airport,Private Agricultural,41.4,74,2,325,Partially Disbursed,11,Full Possession,1,1,1,57,7.3,55.6,4,3,22.2,0,0,0
LAP-12455,Karnataka,KAR-3,Highway,Forest,39.8,87,2,280,Partially Disbursed,25,Not Started,1,0,0,100,4.0,100.0,1,1,29.1,1,1,26
LAP-12456,Karnataka,KAR-1,Highway,Tribal,20.6,430,5,1439,Partially Disbursed,22,Award Declared,2,0,0,100,4.6,65.1,1,8,33.2,1,1,46
LAP-12457,Gujarat,GUJ-6,Industrial Corridor,Private Agricultural,54.9,293,4,697,Fully Disbursed,90,Partial Possession,0,0,1,4,7.0,70.6,3,7,61.9,0,1,59
LAP-12458,West Bengal,WES-6,Irrigation,Private Agricultural,46.8,69,1,233,Fully Disbursed,98,Partial Possession,0,0,1,87,6.0,37.7,2,1,48.2,0,0,0
LAP-12459,Punjab,PUN-3,Railway,Government,28.7,52,2,159,Partially Disbursed,65,Survey Complete,2,1,1,62,4.8,49.3,2,4,31.9,1,1,70
LAP-12460,Haryana,HAR-6,Highway,Private Agricultural,46.4,107,1,1318,Partially Disbursed,50,Partial Possession,2,1,1,94,4.0,64.5,1,6,58.9,0,0,0
LAP-12461,Rajasthan,RAJ-2,Industrial Corridor,Mixed,25.6,105,5,1050,Not Started,9,Full Possession,1,1,1,62,6.3,84.1,2,6,11.7,0,1,168
LAP-12462,Tamil Nadu,TAM-4,Power Transmission,Mixed,83.6,222,2,407,Fully Disbursed,88,Award Declared,0,0,0,100,6.4,39.4,1,1,66.4,0,0,0
LAP-12463,Tamil Nadu,TAM-2,Power Transmission,Private Agricultural,16.6,38,4,1112,Fully Disbursed,90,Award Declared,1,1,0,100,5.5,83.0,2,6,46.9,0,1,136
LAP-12464,Chhattisgarh,CHH-6,Power Transmission,Private Agricultural,173.6,76,3,148,Not Started,0,Not Started,0,0,0,100,8.4,75.2,3,5,30.6,0,0,0
LAP-12465,Punjab,PUN-2,Railway,Private Agricultural,16.9,67,4,215,Partially Disbursed,21,Not Started,0,0,0,100,8.8,100.0,4,4,85.9,1,0,0
LAP-12466,Madhya Pradesh,MAD-1,Industrial Corridor,Forest,9.6,194,2,1185,Partially Disbursed,76,Award Declared,1,1,0,100,7.4,61.1,1,4,8.5,0,1,182
LAP-12467,Rajasthan,RAJ-2,Highway,Private Agricultural,12.2,265,4,123,Not Started,9,Full Possession,1,1,1,84,6.0,71.4,0,1,49.4,0,0,0
LAP-12468,Haryana,HAR-1,Urban Development,Private Agricultural,65.4,24,6,97,Partially Disbursed,67,Award Declared,0,0,1,5,8.7,44.6,4,3,71.2,0,0,0
LAP-12469,Jharkhand,JHA-4,Irrigation,Tribal,40.9,32,3,321,Not Started,5,Survey Complete,0,0,0,100,4.8,52.4,2,3,24.9,0,0,0
LAP-12470,Rajasthan,RAJ-6,Highway,Private Agricultural,6.1,19,4,1019,Fully Disbursed,90,Survey Complete,0,0,1,26,8.8,90.5,4,8,14.7,1,0,0
LAP-12471,Odisha,ODI-2,Airport,Forest,15.0,373,4,1020,Fully Disbursed,88,Survey Complete,2,0,1,71,6.9,63.4,2,2,90.3,0,0,0
LAP-12472,Tamil Nadu,TAM-2,Irrigation,Private Agricultural,15.1,29,4,93,Partially Disbursed,19,Award Declared,0,0,1,96,5.3,44.7,3,3,37.2,0,0,0
LAP-12473,Uttar Pradesh,UTT-5,Power Transmission,Private Agricultural,5.9,160,2,712,Fully Disbursed,100,Partial Possession,0,0,0,100,6.1,94.7,2,7,0.0,1,0,0
LAP-12474,Odisha,ODI-1,Airport,Tribal,7.2,5,2,464,Partially Disbursed,49,Partial Possession,2,0,1,8,4.9,56.7,0,6,84.3,0,1,37
LAP-12475,Telangana,TEL-6,Urban Development,Mixed,21.1,10,2,524,Partially Disbursed,63,Partial Possession,1,1,1,28,7.3,81.5,1,8,40.5,1,0,0
LAP-12476,Odisha,ODI-6,Railway,Tribal,17.9,60,3,1218,Partially Disbursed,41,Partial Possession,3,0,0,100,4.0,60.7,5,5,57.0,0,0,0
LAP-12477,Telangana,TEL-4,Irrigation,Forest,25.8,34,6,31,Fully Disbursed,99,Not Started,4,1,0,100,3.6,85.3,0,1,65.9,1,0,0
LAP-12478,Chhattisgarh,CHH-2,Urban Development,Forest,8.1,34,6,1161,Not Started,9,Partial Possession,3,1,1,80,7.5,50.1,4,1,29.3,0,0,0
LAP-12479,Punjab,PUN-4,Industrial Corridor,Private Agricultural,107.7,56,4,929,Not Started,8,Full Possession,3,1,1,46,6.5,98.9,2,3,58.8,1,1,73
LAP-12480,Jharkhand,JHA-1,Urban Development,Tribal,8.1,16,4,865,Not Started,2,Survey Complete,0,0,1,96,6.3,31.1,4,8,75.3,0,0,0
LAP-12481,Uttar Pradesh,UTT-4,Industrial Corridor,Tribal,14.8,7,3,1225,Fully Disbursed,100,Full Possession,1,1,1,53,7.1,55.4,1,3,46.8,0,0,0
LAP-12482,Haryana,HAR-2,Highway,Private Agricultural,35.6,16,6,322,Not Started,6,Award Declared,0,0,0,100,5.6,85.8,2,2,54.9,0,0,0
LAP-12483,Madhya Pradesh,MAD-6,Irrigation,Government,66.6,24,6,182,Not Started,5,Survey Complete,2,1,0,100,5.2,65.3,2,7,44.7,0,1,74
LAP-12484,Madhya Pradesh,MAD-2,Irrigation,Private Agricultural,25.0,14,5,1207,Partially Disbursed,37,Award Declared,0,0,1,93,8.2,67.0,1,6,54.7,0,1,238
LAP-12485,Uttar Pradesh,UTT-4,Highway,Forest,28.2,52,6,391,Not Started,7,Survey Complete,0,0,0,100,6.3,64.7,2,0,53.6,0,0,0
LAP-12486,Uttar Pradesh,UTT-2,Urban Development,Tribal,161.0,371,3,100,Fully Disbursed,93,Award Declared,0,0,1,53,5.2,77.0,1,3,32.0,0,0,0
LAP-12487,Odisha,ODI-2,Irrigation,Government,23.4,16,2,1390,Partially Disbursed,19,Award Declared,1,0,1,11,8.8,45.4,3,2,82.0,0,0,0
LAP-12488,Odisha,ODI-6,Industrial Corridor,Mixed,18.4,210,4,1099,Partially Disbursed,49,Survey Complete,1,0,1,39,3.3,59.2,2,5,79.4,0,1,57
LAP-12489,West Bengal,WES-1,Highway,Forest,1.9,194,6,96,Not Started,4,Partial Possession,1,1,0,100,4.5,43.5,2,7,7.8,1,0,0
LAP-12490,West Bengal,WES-4,Railway,Government,35.0,28,5,758,Not Started,7,Partial Possession,0,0,0,100,7.9,53.2,2,1,78.1,0,0,0
LAP-12491,Gujarat,GUJ-1,Irrigation,Tribal,14.1,29,4,438,Partially Disbursed,65,Survey Complete,0,0,0,100,4.2,88.7,4,6,36.2,0,0,0
LAP-12492,Uttar Pradesh,UTT-3,Irrigation,Tribal,1.8,217,2,1210,Not Started,5,Award Declared,2,1,1,26,8.0,100.0,2,5,85.2,0,1,144
LAP-12493,Punjab,PUN-3,Renewable Energy,Tribal,25.0,32,3,53,Not Started,7,Award Declared,0,0,1,23,5.3,67.5,1,8,64.0,1,0,0
LAP-12494,Madhya Pradesh,MAD-5,Urban Development,Private Agricultural,75.7,271,6,65,Not Started,2,Full Possession,0,0,0,100,5.7,41.6,1,5,64.2,1,0,0
LAP-12495,Maharashtra,MAH-2,Highway,Forest,32.4,115,3,1116,Fully Disbursed,100,Full Possession,3,1,0,100,7.6,70.4,0,5,31.6,0,1,69
LAP-12496,Odisha,ODI-3,Highway,Private Agricultural,22.0,63,1,761,Partially Disbursed,24,Partial Possession,1,0,0,100,6.1,61.7,1,7,64.1,1,0,0
LAP-12497,Karnataka,KAR-2,Irrigation,Private Agricultural,72.0,119,2,1341,Not Started,2,Award Declared,3,1,1,58,5.7,55.6,1,4,38.7,0,0,0
LAP-12498,Madhya Pradesh,MAD-6,Railway,Government,26.0,16,2,825,Not Started,9,Full Possession,3,1,0,100,7.0,87.0,0,8,65.8,0,1,399
LAP-12499,Rajasthan,RAJ-5,Urban Development,Private Agricultural,58.8,7,1,445,Not Started,4,Partial Possession,0,0,1,83,4.6,34.1,2,3,93.6,0,0,0
LAP-12500,Odisha,ODI-5,Highway,Private Agricultural,41.3,33,1,1007,Partially Disbursed,57,Award Declared,0,0,1,21,7.2,94.7,3,7,29.7,0,1,141
LAP-12501,West Bengal,WES-6,Highway,Private Agricultural,29.5,13,3,471,Not Started,1,Full Possession,0,0,1,49,2.6,80.6,0,3,63.5,1,0,0
LAP-12502,Bihar,BIH-2,Renewable Energy,Mixed,102.0,23,6,1017,Fully Disbursed,97,Partial Possession,1,1,0,100,8.8,78.8,3,5,28.6,0,0,0
LAP-12503,Jharkhand,JHA-6,Airport,Private Agricultural,15.7,1,2,260,Fully Disbursed,98,Full Possession,1,0,1,86,5.5,24.8,1,4,0.0,0,0,0
LAP-12504,Karnataka,KAR-1,Highway,Forest,16.1,106,5,888,Partially Disbursed,54,Award Declared,2,1,0,100,4.8,78.3,1,4,61.4,0,0,0
LAP-12505,Rajasthan,RAJ-3,Railway,Government,25.2,39,5,505,Fully Disbursed,99,Award Declared,1,1,0,100,1.8,62.5,4,2,61.4,1,0,0
LAP-12506,Maharashtra,MAH-1,Highway,Forest,182.2,20,4,126,Partially Disbursed,52,Award Declared,1,1,0,100,4.7,41.5,0,6,34.1,0,1,239
LAP-12507,Bihar,BIH-2,Irrigation,Tribal,36.7,378,2,1445,Partially Disbursed,70,Partial Possession,1,0,0,100,10.0,73.6,3,3,46.8,0,0,0
LAP-12508,Maharashtra,MAH-6,Highway,Private Agricultural,5.5,15,1,1461,Partially Disbursed,78,Partial Possession,1,1,1,60,4.7,51.0,3,7,45.7,0,1,158
LAP-12509,Maharashtra,MAH-1,Renewable Energy,Tribal,32.2,47,5,660,Partially Disbursed,20,Not Started,2,1,1,60,7.6,70.3,2,4,78.4,1,0,0
LAP-12510,Uttar Pradesh,UTT-2,Urban Development,Private Agricultural,32.4,70,5,1214,Not Started,0,Award Declared,0,0,0,100,2.6,71.9,2,7,51.8,0,0,0
LAP-12511,Odisha,ODI-4,Power Transmission,Forest,177.8,21,4,937,Partially Disbursed,61,Full Possession,0,0,0,100,4.7,28.4,3,4,100.0,1,0,0
LAP-12512,Chhattisgarh,CHH-5,Renewable Energy,Private Agricultural,15.4,6,6,51,Fully Disbursed,93,Survey Complete,1,1,0,100,7.7,59.7,0,2,35.4,0,0,0
LAP-12513,Karnataka,KAR-4,Power Transmission,Private Agricultural,21.1,392,1,806,Fully Disbursed,98,Partial Possession,1,1,1,57,6.9,65.7,2,7,53.7,0,1,152
LAP-12514,Madhya Pradesh,MAD-4,Highway,Private Agricultural,44.4,135,1,873,Not Started,2,Partial Possession,3,1,0,100,6.5,72.8,5,2,48.1,0,1,68
LAP-12515,Karnataka,KAR-5,Power Transmission,Private Agricultural,21.1,1035,6,1467,Not Started,4,Survey Complete,0,0,0,100,4.0,97.9,3,8,33.8,0,1,168
LAP-12516,Maharashtra,MAH-6,Renewable Energy,Government,25.8,16,1,781,Partially Disbursed,16,Not Started,1,1,0,100,5.0,71.9,1,8,59.8,1,1,69
LAP-12517,Chhattisgarh,CHH-4,Highway,Government,84.1,205,1,852,Not Started,7,Full Possession,0,0,0,100,8.6,66.1,3,2,81.3,0,0,0
LAP-12518,Uttar Pradesh,UTT-5,Renewable Energy,Government,9.9,34,3,1068,Fully Disbursed,91,Award Declared,0,0,0,100,5.9,84.4,1,7,8.1,0,0,0
LAP-12519,Punjab,PUN-3,Irrigation,Forest,161.8,133,1,1486,Not Started,2,Full Possession,0,0,0,100,4.7,49.0,0,1,67.0,0,0,0
LAP-12520,Bihar,BIH-1,Airport,Mixed,5.4,1165,2,599,Not Started,7,Not Started,2,1,0,100,9.3,50.4,2,4,13.9,0,0,0
LAP-12521,Rajasthan,RAJ-1,Renewable Energy,Private Agricultural,149.0,30,4,1202,Not Started,6,Partial Possession,0,0,0,100,3.4,100.0,1,3,64.2,1,0,0
LAP-12522,Tamil Nadu,TAM-5,Railway,Private Agricultural,28.6,44,1,1124,Partially Disbursed,75,Partial Possession,1,1,1,70,7.0,52.8,1,1,83.0,0,0,0
LAP-12523,Madhya Pradesh,MAD-4,Railway,Forest,19.9,89,5,1272,Not Started,7,Partial Possession,1,1,0,100,4.3,71.5,4,2,0.0,0,0,0
LAP-12524,Maharashtra,MAH-5,Airport,Private Agricultural,18.2,53,5,483,Not Started,5,Not Started,2,1,1,48,1.0,64.8,0,5,77.4,1,0,0
LAP-12525,West Bengal,WES-6,Railway,Tribal,28.0,74,4,158,Partially Disbursed,75,Award Declared,1,0,1,95,5.4,64.9,1,2,67.5,1,0,0
LAP-12526,Chhattisgarh,CHH-3,Power Transmission,Private Agricultural,9.8,12,3,1263,Not Started,1,Partial Possession,2,1,1,9,7.4,60.6,2,2,14.2,0,0,0
LAP-12527,Haryana,HAR-2,Highway,Government,53.5,77,4,657,Partially Disbursed,39,Partial Possession,0,0,0,100,7.4,100.0,2,0,25.2,0,0,0
LAP-12528,Jharkhand,JHA-5,Irrigation,Private Agricultural,7.6,115,1,460,Not Started,6,Full Possession,0,0,1,92,1.0,51.1,3,4,45.1,0,0,0
LAP-12529,Jharkhand,JHA-3,Railway,Government,26.8,11,4,365,Not Started,8,Award Declared,0,0,0,100,9.6,47.0,1,4,55.8,1,0,0
LAP-12530,Haryana,HAR-6,Renewable Energy,Private Agricultural,7.1,155,4,1086,Not Started,2,Partial Possession,0,0,1,20,5.0,66.6,1,1,100.0,0,0,0
LAP-12531,West Bengal,WES-4,Urban Development,Forest,45.0,105,1,1203,Partially Disbursed,27,Award Declared,2,1,0,100,5.3,70.7,1,0,42.7,0,0,0
LAP-12532,Madhya Pradesh,MAD-3,Power Transmission,Tribal,88.9,5,3,1097,Partially Disbursed,72,Partial Possession,4,1,1,73,2.3,42.6,3,2,40.6,0,1,237
LAP-12533,Bihar,BIH-3,Irrigation,Private Agricultural,2.5,12,4,66,Fully Disbursed,85,Partial Possession,1,1,0,100,4.8,33.1,1,1,53.5,0,0,0
LAP-12534,Maharashtra,MAH-6,Highway,Private Agricultural,168.1,90,6,1486,Partially Disbursed,35,Not Started,2,1,0,100,3.4,82.3,2,5,94.0,0,0,0
LAP-12535,Odisha,ODI-5,Railway,Private Agricultural,101.4,129,1,129,Not Started,8,Award Declared,4,0,0,100,8.7,68.7,2,1,41.2,0,0,0
LAP-12536,Bihar,BIH-3,Highway,Forest,34.5,40,4,1413,Partially Disbursed,38,Award Declared,1,0,0,100,8.2,77.2,1,7,8.5,0,1,28
LAP-12537,Madhya Pradesh,MAD-3,Highway,Government,17.7,28,6,211,Fully Disbursed,90,Not Started,0,0,1,13,6.5,100.0,2,6,92.2,0,0,0
LAP-12538,Odisha,ODI-1,Urban Development,Private Agricultural,42.8,82,6,270,Not Started,4,Partial Possession,0,0,1,68,4.9,45.8,1,0,48.4,0,0,0
LAP-12539,Rajasthan,RAJ-3,Industrial Corridor,Government,26.7,142,5,977,Partially Disbursed,50,Full Possession,0,0,1,67,6.8,79.1,1,1,26.6,0,0,0
LAP-12540,Haryana,HAR-1,Highway,Private Agricultural,142.5,13,6,569,Not Started,8,Partial Possession,1,0,1,0,8.4,44.0,2,6,65.0,1,0,0
LAP-12541,Haryana,HAR-5,Industrial Corridor,Forest,1.6,7,3,1095,Not Started,5,Not Started,2,1,0,100,8.5,69.4,3,6,33.1,1,1,110
LAP-12542,Punjab,PUN-4,Highway,Tribal,113.0,17,4,736,Fully Disbursed,95,Partial Possession,1,1,1,44,5.1,89.6,1,8,21.1,0,0,0
LAP-12543,Tamil Nadu,TAM-3,Highway,Forest,27.7,354,5,1017,Fully Disbursed,89,Award Declared,2,0,0,100,1.0,61.6,2,2,76.9,0,0,0
LAP-12544,Bihar,BIH-2,Highway,Private Agricultural,76.8,35,5,677,Partially Disbursed,58,Survey Complete,0,0,1,77,6.3,24.4,3,5,55.7,0,0,0
LAP-12545,Madhya Pradesh,MAD-1,Urban Development,Private Agricultural,21.5,647,3,882,Partially Disbursed,68,Not Started,0,0,0,100,4.6,51.4,0,3,67.5,0,0,0
LAP-12546,Maharashtra,MAH-3,Urban Development,Tribal,8.5,24,5,171,Partially Disbursed,37,Full Possession,0,0,0,100,3.9,26.5,2,8,24.1,0,0,0
LAP-12547,Tamil Nadu,TAM-6,Urban Development,Private Agricultural,7.6,18,3,937,Partially Disbursed,24,Award Declared,1,0,0,100,8.7,59.9,1,4,66.9,1,0,0
LAP-12548,Jharkhand,JHA-1,Industrial Corridor,Forest,7.9,122,2,741,Not Started,9,Full Possession,1,0,0,100,4.4,54.6,2,5,48.1,0,0,0
LAP-12549,Rajasthan,RAJ-4,Highway,Mixed,79.6,61,1,296,Partially Disbursed,26,Not Started,2,0,0,100,4.9,43.4,2,5,100.0,0,0,0
LAP-12550,Bihar,BIH-5,Power Transmission,Government,1.2,80,5,546,Not Started,3,Full Possession,0,0,0,100,5.7,89.2,1,0,87.5,1,0,0
LAP-12551,Odisha,ODI-1,Irrigation,Forest,337.5,95,2,791,Fully Disbursed,86,Partial Possession,0,0,0,100,7.0,75.9,0,5,53.5,0,1,46
LAP-12552,Chhattisgarh,CHH-2,Highway,Private Agricultural,44.8,47,6,1043,Partially Disbursed,29,Not Started,0,0,0,100,5.9,79.5,1,3,98.5,1,0,0
LAP-12553,Rajasthan,RAJ-6,Industrial Corridor,Private Agricultural,2.2,204,6,1291,Fully Disbursed,88,Partial Possession,1,1,1,85,4.4,26.5,6,2,43.8,0,1,56
LAP-12554,Gujarat,GUJ-2,Urban Development,Private Agricultural,22.9,31,1,1011,Partially Disbursed,41,Full Possession,0,0,0,100,6.1,21.5,1,5,62.0,0,0,0
LAP-12555,Chhattisgarh,CHH-6,Railway,Private Agricultural,10.8,162,5,1095,Not Started,2,Partial Possession,0,0,1,42,6.2,59.4,3,2,42.6,0,0,0
LAP-12556,Haryana,HAR-5,Highway,Private Agricultural,19.6,10,6,125,Not Started,2,Partial Possession,0,0,0,100,5.0,20.2,3,5,91.2,0,0,0
LAP-12557,Bihar,BIH-4,Airport,Private Agricultural,28.6,109,3,1267,Partially Disbursed,46,Partial Possession,2,1,1,61,6.7,31.3,2,0,74.7,0,0,0
LAP-12558,Madhya Pradesh,MAD-3,Highway,Private Agricultural,14.3,28,4,1472,Partially Disbursed,74,Award Declared,1,1,1,4,4.4,54.4,0,2,44.2,1,1,146
LAP-12559,Maharashtra,MAH-3,Railway,Private Agricultural,8.7,38,6,1238,Partially Disbursed,31,Not Started,0,0,0,100,8.1,91.6,1,3,37.1,1,0,0
LAP-12560,Rajasthan,RAJ-3,Urban Development,Tribal,45.9,112,6,988,Not Started,1,Partial Possession,0,0,1,12,6.0,73.3,2,7,5.0,1,0,0
LAP-12561,Punjab,PUN-5,Power Transmission,Tribal,14.7,40,1,951,Partially Disbursed,57,Partial Possession,1,1,1,44,2.1,81.6,3,5,42.0,1,0,0
LAP-12562,Madhya Pradesh,MAD-1,Renewable Energy,Private Agricultural,9.6,57,5,1429,Fully Disbursed,94,Not Started,1,1,1,95,6.8,45.9,3,4,22.5,0,1,5
LAP-12563,Telangana,TEL-5,Renewable Energy,Private Agricultural,162.8,18,6,231,Not Started,8,Award Declared,0,0,1,97,4.6,61.3,3,0,87.7,0,0,0
LAP-12564,Odisha,ODI-5,Airport,Government,31.6,179,2,819,Fully Disbursed,93,Award Declared,2,1,0,100,4.8,32.6,1,3,55.4,1,1,26
LAP-12565,Madhya Pradesh,MAD-2,Industrial Corridor,Private Agricultural,45.4,33,6,297,Fully Disbursed,90,Not Started,1,1,1,34,5.9,36.2,0,6,44.5,1,0,0
LAP-12566,Karnataka,KAR-1,Irrigation,Tribal,79.4,25,1,1120,Not Started,9,Award Declared,0,0,1,73,8.2,79.7,2,1,71.4,0,0,0
LAP-12567,Telangana,TEL-5,Irrigation,Private Agricultural,61.8,43,6,290,Partially Disbursed,80,Survey Complete,0,0,1,36,5.8,33.1,0,4,56.7,0,0,0
LAP-12568,Uttar Pradesh,UTT-5,Airport,Mixed,7.1,32,4,1314,Not Started,0,Full Possession,1,0,0,100,6.5,64.0,2,1,57.3,0,0,0
LAP-12569,Punjab,PUN-2,Power Transmission,Private Agricultural,9.5,14,5,1493,Fully Disbursed,93,Partial Possession,1,1,1,48,7.6,35.8,3,4,46.0,1,0,0
LAP-12570,Bihar,BIH-3,Irrigation,Private Agricultural,47.4,4,4,1408,Fully Disbursed,90,Partial Possession,3,1,0,100,7.5,62.9,1,3,94.2,0,1,194
LAP-12571,Madhya Pradesh,MAD-2,Industrial Corridor,Private Agricultural,22.3,7,3,977,Not Started,7,Full Possession,0,0,1,7,8.5,78.9,2,3,59.0,0,0,0
LAP-12572,Haryana,HAR-6,Railway,Forest,17.0,66,3,1477,Fully Disbursed,97,Survey Complete,1,1,0,100,4.8,89.4,1,5,21.9,0,0,0
LAP-12573,Karnataka,KAR-4,Irrigation,Mixed,42.5,5,3,1493,Not Started,4,Partial Possession,0,0,1,85,6.8,62.3,2,6,91.0,1,0,0
LAP-12574,Maharashtra,MAH-6,Renewable Energy,Government,26.3,7,3,432,Not Started,1,Partial Possession,1,0,0,100,5.4,37.1,2,3,22.4,1,0,0
LAP-12575,Uttar Pradesh,UTT-5,Railway,Private Agricultural,86.6,92,6,1305,Partially Disbursed,54,Partial Possession,0,0,0,100,7.6,37.5,2,5,71.0,0,0,0
LAP-12576,West Bengal,WES-1,Urban Development,Private Agricultural,7.2,12,2,1403,Fully Disbursed,94,Partial Possession,0,0,0,100,5.3,53.8,1,2,50.5,1,0,0
LAP-12577,Telangana,TEL-5,Industrial Corridor,Private Agricultural,9.6,2,2,1035,Partially Disbursed,57,Full Possession,0,0,0,100,3.7,69.9,1,8,68.5,1,0,0
LAP-12578,Gujarat,GUJ-1,Industrial Corridor,Forest,76.6,44,5,49,Not Started,6,Partial Possession,1,1,1,11,9.2,40.6,3,6,63.5,0,0,0
LAP-12579,Maharashtra,MAH-6,Highway,Tribal,139.9,46,5,1081,Partially Disbursed,29,Award Declared,2,0,0,100,3.8,68.7,0,7,3.7,0,1,213
LAP-12580,Telangana,TEL-6,Power Transmission,Government,32.3,83,1,1157,Not Started,7,Partial Possession,1,1,0,100,6.4,72.8,4,8,48.2,0,0,0
LAP-12581,Maharashtra,MAH-3,Urban Development,Tribal,21.5,6,3,699,Fully Disbursed,86,Award Declared,2,1,0,100,4.1,62.3,2,0,50.0,0,0,0
LAP-12582,Tamil Nadu,TAM-1,Irrigation,Tribal,30.6,17,2,949,Not Started,3,Partial Possession,1,0,0,100,4.8,61.2,1,0,69.8,0,0,0
LAP-12583,Tamil Nadu,TAM-3,Railway,Private Agricultural,54.3,6,3,805,Partially Disbursed,24,Award Declared,0,0,1,45,8.8,81.6,4,1,57.9,0,0,0
LAP-12584,Rajasthan,RAJ-4,Highway,Private Agricultural,39.0,29,6,1448,Not Started,7,Partial Possession,3,0,1,84,4.8,42.3,0,6,85.2,1,0,0
LAP-12585,Karnataka,KAR-1,Irrigation,Forest,49.1,183,3,799,Not Started,5,Not Started,0,0,0,100,5.0,55.0,2,3,64.7,0,0,0
LAP-12586,Haryana,HAR-5,Highway,Private Agricultural,2.9,12,6,956,Not Started,9,Partial Possession,0,0,0,100,6.2,63.0,6,4,81.9,0,0,0
LAP-12587,Rajasthan,RAJ-5,Railway,Mixed,48.0,243,2,548,Partially Disbursed,71,Full Possession,0,0,0,100,6.3,25.1,0,3,63.4,1,1,96
LAP-12588,Punjab,PUN-5,Urban Development,Private Agricultural,11.4,219,5,1139,Partially Disbursed,71,Not Started,1,0,1,63,6.8,22.9,3,1,100.0,0,0,0
LAP-12589,Bihar,BIH-6,Industrial Corridor,Government,2.5,13,5,764,Partially Disbursed,62,Survey Complete,0,0,1,19,9.4,68.2,1,3,90.6,0,0,0
LAP-12590,Karnataka,KAR-3,Industrial Corridor,Private Agricultural,4.9,39,1,769,Fully Disbursed,99,Award Declared,0,0,1,40,9.2,44.9,1,2,57.4,0,0,0
LAP-12591,Madhya Pradesh,MAD-1,Irrigation,Private Agricultural,16.5,102,4,848,Not Started,8,Full Possession,1,1,1,58,6.6,37.6,0,1,73.0,0,0,0
LAP-12592,Maharashtra,MAH-4,Power Transmission,Private Agricultural,12.1,6,6,1407,Not Started,9,Full Possession,0,0,1,17,4.7,56.4,0,7,100.0,0,0,0
LAP-12593,Gujarat,GUJ-6,Urban Development,Private Agricultural,143.7,34,5,1459,Not Started,9,Partial Possession,1,0,1,12,7.4,43.9,1,2,28.9,0,0,0
LAP-12594,Maharashtra,MAH-4,Railway,Private Agricultural,16.5,41,3,853,Not Started,6,Partial Possession,0,0,0,100,6.2,33.8,1,3,51.4,0,0,0
LAP-12595,Telangana,TEL-5,Irrigation,Private Agricultural,32.8,20,4,1139,Fully Disbursed,92,Not Started,0,0,1,38,5.8,63.9,2,8,64.8,0,0,0
LAP-12596,Karnataka,KAR-1,Irrigation,Tribal,23.5,84,1,1064,Partially Disbursed,24,Full Possession,3,1,0,100,4.5,65.1,0,6,21.2,1,1,214
LAP-12597,Maharashtra,MAH-5,Industrial Corridor,Tribal,106.7,59,6,803,Partially Disbursed,65,Partial Possession,0,0,0,100,7.8,51.9,3,2,47.8,0,0,0
LAP-12598,Haryana,HAR-2,Highway,Mixed,40.4,268,2,801,Not Started,8,Not Started,3,1,0,100,5.8,57.6,1,3,50.4,1,1,13
LAP-12599,Punjab,PUN-2,Industrial Corridor,Mixed,195.9,252,6,70,Not Started,3,Partial Possession,1,1,0,100,7.9,56.7,0,7,62.6,0,0,0
LAP-12600,Jharkhand,JHA-4,Irrigation,Private Agricultural,46.6,6,6,687,Partially Disbursed,38,Partial Possession,0,0,0,100,7.3,43.6,2,7,27.5,0,0,0
LAP-12601,Madhya Pradesh,MAD-1,Industrial Corridor,Mixed,5.4,181,5,656,Not Started,2,Award Declared,0,0,0,100,8.7,73.7,0,7,34.3,0,0,0
LAP-12602,West Bengal,WES-2,Highway,Tribal,27.1,27,5,684,Not Started,1,Not Started,1,1,0,100,6.5,57.3,1,5,92.0,1,1,80
LAP-12603,Karnataka,KAR-6,Industrial Corridor,Government,128.4,6,1,1086,Not Started,5,Partial Possession,0,0,0,100,6.7,47.4,2,1,54.3,0,0,0
LAP-12604,Uttar Pradesh,UTT-4,Power Transmission,Tribal,31.1,31,5,1015,Fully Disbursed,93,Not Started,3,0,1,85,5.1,42.9,6,4,77.8,0,1,145
LAP-12605,Uttar Pradesh,UTT-2,Renewable Energy,Mixed,29.1,156,1,1316,Partially Disbursed,20,Full Possession,0,0,0,100,6.0,40.3,2,5,56.0,0,0,0
LAP-12606,Bihar,BIH-6,Urban Development,Tribal,41.7,38,1,776,Fully Disbursed,93,Partial Possession,1,1,1,82,7.2,69.9,0,4,30.0,1,0,0
LAP-12607,West Bengal,WES-4,Irrigation,Government,8.6,27,3,888,Fully Disbursed,87,Survey Complete,2,1,1,75,5.8,28.9,1,4,54.3,1,1,53
LAP-12608,West Bengal,WES-1,Railway,Tribal,7.4,62,3,29,Partially Disbursed,83,Partial Possession,1,1,0,100,1.2,40.2,3,6,50.0,0,0,0
LAP-12609,Tamil Nadu,TAM-3,Railway,Mixed,16.3,20,2,485,Partially Disbursed,37,Not Started,0,0,1,78,8.3,46.1,2,6,69.9,1,0,0
LAP-12610,Jharkhand,JHA-4,Renewable Energy,Government,22.2,17,1,623,Fully Disbursed,97,Not Started,3,1,0,100,4.7,63.2,3,8,70.1,0,1,36
LAP-12611,Haryana,HAR-5,Highway,Private Agricultural,19.4,224,6,1455,Partially Disbursed,71,Partial Possession,1,1,1,98,8.2,66.6,5,5,60.8,1,1,147
LAP-12612,Haryana,HAR-3,Irrigation,Forest,10.2,308,3,89,Fully Disbursed,99,Not Started,2,1,0,100,10.0,96.0,3,1,49.5,1,1,76
LAP-12613,Uttar Pradesh,UTT-3,Highway,Government,123.9,6,6,819,Not Started,4,Full Possession,1,1,0,100,3.2,63.3,2,3,63.8,1,0,0
LAP-12614,Rajasthan,RAJ-2,Highway,Private Agricultural,15.7,43,5,1011,Partially Disbursed,71,Survey Complete,1,1,0,100,5.6,60.0,0,7,100.0,1,1,464
LAP-12615,Punjab,PUN-2,Airport,Private Agricultural,49.1,7,5,991,Fully Disbursed,85,Not Started,0,0,1,45,5.6,64.3,2,6,24.3,1,0,0
LAP-12616,Maharashtra,MAH-5,Highway,Government,27.8,175,4,67,Not Started,0,Award Declared,1,1,0,100,7.6,66.7,2,0,32.5,0,0,0
LAP-12617,Madhya Pradesh,MAD-1,Renewable Energy,Tribal,6.4,119,1,145,Fully Disbursed,90,Partial Possession,1,1,1,2,4.1,64.5,2,4,27.0,0,0,0
LAP-12618,Jharkhand,JHA-2,Highway,Forest,35.7,108,5,389,Partially Disbursed,59,Partial Possession,2,1,0,100,9.1,52.2,1,0,40.7,1,1,87
LAP-12619,Bihar,BIH-4,Industrial Corridor,Mixed,68.0,209,1,1236,Partially Disbursed,22,Full Possession,1,1,0,100,4.7,44.5,4,2,93.9,0,0,0
LAP-12620,Haryana,HAR-5,Railway,Tribal,15.1,16,2,946,Partially Disbursed,72,Award Declared,1,1,1,34,2.3,51.8,0,6,41.1,0,1,364
LAP-12621,Karnataka,KAR-5,Urban Development,Government,39.5,27,2,1107,Not Started,3,Full Possession,0,0,0,100,4.9,69.5,1,1,58.0,0,0,0
LAP-12622,West Bengal,WES-4,Industrial Corridor,Government,29.4,106,2,354,Fully Disbursed,89,Survey Complete,3,1,0,100,4.2,85.1,1,1,40.2,1,0,0
LAP-12623,Tamil Nadu,TAM-2,Industrial Corridor,Government,13.9,57,3,312,Fully Disbursed,88,Partial Possession,0,0,0,100,4.9,33.4,5,6,21.6,0,0,0
LAP-12624,Punjab,PUN-6,Urban Development,Forest,5.0,13,1,999,Not Started,2,Survey Complete,2,0,1,64,1.0,68.6,2,7,52.3,0,1,15
LAP-12625,Odisha,ODI-2,Railway,Tribal,23.8,17,6,579,Partially Disbursed,33,Not Started,4,1,0,100,7.3,81.9,3,1,71.8,0,1,21
LAP-12626,West Bengal,WES-4,Airport,Forest,8.3,51,1,667,Not Started,0,Partial Possession,3,1,1,96,4.8,59.1,2,5,21.6,0,1,152
LAP-12627,Bihar,BIH-2,Power Transmission,Private Agricultural,30.5,81,6,230,Partially Disbursed,38,Not Started,0,0,0,100,5.8,54.6,0,1,41.0,0,0,0
LAP-12628,Uttar Pradesh,UTT-1,Highway,Private Agricultural,6.7,61,2,400,Not Started,3,Not Started,1,1,1,20,7.3,77.9,4,7,12.5,0,1,140
LAP-12629,Tamil Nadu,TAM-2,Urban Development,Government,8.7,272,3,45,Not Started,9,Award Declared,0,0,0,100,4.2,73.3,3,6,59.1,0,1,116
LAP-12630,Punjab,PUN-6,Airport,Private Agricultural,16.7,197,2,1025,Partially Disbursed,29,Survey Complete,2,1,1,61,5.5,53.5,4,1,0.0,0,1,202
LAP-12631,Madhya Pradesh,MAD-3,Irrigation,Private Agricultural,35.8,113,5,18,Partially Disbursed,65,Survey Complete,0,0,1,40,3.6,55.3,1,0,88.5,1,0,0
LAP-12632,Punjab,PUN-4,Highway,Private Agricultural,99.8,140,2,662,Partially Disbursed,11,Award Declared,1,1,1,71,7.9,76.3,2,8,63.6,1,0,0
LAP-12633,Tamil Nadu,TAM-1,Industrial Corridor,Government,27.6,49,1,424,Partially Disbursed,80,Award Declared,0,0,0,100,4.6,70.8,0,0,44.9,0,0,0
LAP-12634,Odisha,ODI-5,Power Transmission,Government,10.2,21,6,1487,Not Started,8,Partial Possession,0,0,1,54,7.1,46.5,3,5,48.8,1,1,3
LAP-12635,Rajasthan,RAJ-1,Renewable Energy,Tribal,134.7,3,3,86,Partially Disbursed,70,Full Possession,2,1,1,35,6.9,70.3,2,2,37.2,0,0,0
LAP-12636,Bihar,BIH-5,Industrial Corridor,Mixed,6.4,34,2,698,Fully Disbursed,95,Not Started,0,0,1,18,5.5,41.5,1,1,27.5,1,0,0
LAP-12637,Rajasthan,RAJ-4,Highway,Forest,15.5,25,4,207,Not Started,4,Partial Possession,2,1,0,100,5.9,84.1,1,1,39.8,0,0,0
LAP-12638,Bihar,BIH-2,Highway,Forest,38.0,320,6,93,Partially Disbursed,27,Award Declared,0,0,0,100,5.7,31.5,1,6,31.6,0,0,0
LAP-12639,Bihar,BIH-2,Irrigation,Private Agricultural,6.1,24,2,1468,Not Started,4,Award Declared,0,0,1,57,3.1,73.1,4,8,51.2,1,0,0
LAP-12640,Uttar Pradesh,UTT-4,Power Transmission,Private Agricultural,31.5,263,2,554,Partially Disbursed,49,Full Possession,1,0,0,100,6.2,55.9,3,1,50.6,0,0,0
LAP-12641,Rajasthan,RAJ-6,Industrial Corridor,Private Agricultural,17.7,122,5,231,Not Started,4,Award Declared,0,0,1,2,6.5,80.1,2,4,34.5,0,0,0
LAP-12642,Jharkhand,JHA-5,Power Transmission,Tribal,35.2,7,3,599,Fully Disbursed,97,Survey Complete,2,0,0,100,3.9,78.6,4,2,46.1,1,0,0
LAP-12643,Maharashtra,MAH-5,Airport,Private Agricultural,51.9,74,1,1021,Fully Disbursed,100,Award Declared,1,0,1,46,2.4,72.8,3,4,46.0,0,1,117
LAP-12644,Tamil Nadu,TAM-1,Airport,Private Agricultural,5.5,33,1,1103,Fully Disbursed,98,Partial Possession,0,0,1,85,5.2,60.7,4,5,39.5,0,0,0
LAP-12645,Jharkhand,JHA-1,Highway,Government,19.2,6,3,1230,Fully Disbursed,89,Not Started,0,0,0,100,9.1,59.6,1,0,48.2,1,1,120
LAP-12646,Telangana,TEL-3,Railway,Forest,20.7,18,3,437,Fully Disbursed,89,Partial Possession,1,1,0,100,3.9,5.0,2,8,25.3,1,1,163
LAP-12647,Odisha,ODI-1,Highway,Private Agricultural,28.7,4,5,714,Partially Disbursed,25,Not Started,2,0,1,79,5.1,89.1,1,7,91.0,0,1,109
LAP-12648,Maharashtra,MAH-3,Power Transmission,Mixed,25.1,243,6,618,Fully Disbursed,90,Partial Possession,2,1,0,100,8.0,90.0,0,3,58.3,0,0,0
LAP-12649,Haryana,HAR-3,Urban Development,Government,42.2,64,5,75,Not Started,5,Not Started,1,1,0,100,6.5,58.9,1,6,54.6,1,0,0
LAP-12650,Telangana,TEL-3,Highway,Private Agricultural,14.5,64,6,1118,Partially Disbursed,58,Award Declared,1,1,0,100,7.8,39.6,2,8,60.1,0,1,308
LAP-12651,Punjab,PUN-1,Industrial Corridor,Private Agricultural,48.3,52,5,438,Partially Disbursed,12,Full Possession,0,0,0,100,5.3,74.6,1,2,67.8,0,0,0
LAP-12652,Punjab,PUN-1,Airport,Private Agricultural,50.0,174,4,748,Fully Disbursed,86,Not Started,0,0,0,100,4.4,34.1,3,4,55.0,1,0,0
LAP-12653,Rajasthan,RAJ-1,Power Transmission,Mixed,99.7,90,4,1398,Not Started,1,Award Declared,2,1,0,100,7.8,52.0,2,1,44.3,0,0,0
LAP-12654,Uttar Pradesh,UTT-1,Urban Development,Private Agricultural,12.7,27,2,99,Partially Disbursed,31,Award Declared,1,1,1,90,4.4,43.5,3,5,62.0,0,0,0
LAP-12655,Madhya Pradesh,MAD-6,Renewable Energy,Mixed,22.1,14,6,252,Not Started,0,Not Started,1,1,0,100,7.4,71.7,2,1,68.8,0,1,333
LAP-12656,Tamil Nadu,TAM-3,Industrial Corridor,Private Agricultural,24.8,62,4,1026,Fully Disbursed,90,Award Declared,2,1,0,100,4.6,54.9,1,4,42.5,1,0,0
LAP-12657,Jharkhand,JHA-6,Railway,Forest,6.3,12,6,373,Partially Disbursed,59,Award Declared,2,1,0,100,7.3,58.8,2,5,15.1,1,0,0
LAP-12658,Maharashtra,MAH-5,Highway,Private Agricultural,20.5,7,4,376,Fully Disbursed,95,Award Declared,1,1,0,100,2.3,77.7,4,4,32.1,0,0,0
LAP-12659,Telangana,TEL-1,Urban Development,Tribal,8.7,108,1,999,Fully Disbursed,92,Award Declared,0,0,1,62,4.4,76.8,1,3,57.1,1,0,0
LAP-12660,Madhya Pradesh,MAD-3,Power Transmission,Government,62.2,190,3,1235,Partially Disbursed,31,Award Declared,1,1,1,72,10.0,56.1,3,5,100.0,0,0,0
LAP-12661,Madhya Pradesh,MAD-2,Industrial Corridor,Private Agricultural,319.5,158,5,423,Not Started,6,Award Declared,0,0,1,77,6.8,89.1,2,5,63.5,0,0,0
LAP-12662,Jharkhand,JHA-5,Railway,Tribal,110.7,117,4,1283,Not Started,8,Survey Complete,3,1,0,100,1.9,37.5,1,1,31.3,0,1,98
LAP-12663,West Bengal,WES-1,Highway,Tribal,16.6,22,5,459,Fully Disbursed,98,Award Declared,1,1,0,100,6.1,73.3,3,8,42.1,0,1,378
LAP-12664,Odisha,ODI-6,Urban Development,Forest,29.8,31,4,733,Fully Disbursed,94,Award Declared,2,1,0,100,3.1,83.0,2,2,44.3,0,0,0
LAP-12665,Bihar,BIH-2,Highway,Private Agricultural,7.2,972,3,1158,Not Started,3,Partial Possession,1,1,0,100,4.8,49.8,3,7,1.0,1,1,88
LAP-12666,Karnataka,KAR-4,Highway,Forest,26.1,3,6,665,Fully Disbursed,90,Not Started,2,1,1,92,3.9,62.4,3,4,69.6,1,1,76
LAP-12667,Uttar Pradesh,UTT-3,Highway,Forest,21.7,263,3,1479,Fully Disbursed,86,Not Started,1,1,1,11,4.5,56.6,1,0,32.7,1,0,0
LAP-12668,Jharkhand,JHA-6,Urban Development,Private Agricultural,46.3,57,3,1253,Partially Disbursed,79,Partial Possession,1,0,1,99,3.7,37.3,0,1,56.1,0,0,0
LAP-12669,Uttar Pradesh,UTT-6,Industrial Corridor,Private Agricultural,5.5,8,4,577,Partially Disbursed,57,Not Started,0,0,1,10,8.0,45.4,2,4,64.7,0,0,0
LAP-12670,Chhattisgarh,CHH-6,Urban Development,Forest,6.7,7,1,1285,Partially Disbursed,16,Award Declared,0,0,0,100,8.5,40.5,4,0,86.5,1,0,0
LAP-12671,Telangana,TEL-1,Highway,Private Agricultural,16.2,28,5,1070,Partially Disbursed,37,Award Declared,2,0,1,96,8.0,54.2,2,8,59.5,0,1,66
LAP-12672,Chhattisgarh,CHH-6,Power Transmission,Private Agricultural,10.0,11,5,1430,Not Started,3,Survey Complete,1,0,1,59,6.5,43.7,0,8,78.9,1,1,64
LAP-12673,Karnataka,KAR-2,Power Transmission,Private Agricultural,49.0,30,6,709,Fully Disbursed,92,Survey Complete,1,1,1,91,4.2,87.7,3,2,27.7,1,1,90
LAP-12674,Madhya Pradesh,MAD-6,Highway,Private Agricultural,17.5,318,6,503,Not Started,8,Partial Possession,2,1,0,100,4.4,65.3,3,4,48.1,0,0,0
LAP-12675,Maharashtra,MAH-1,Irrigation,Tribal,14.1,53,3,803,Partially Disbursed,73,Partial Possession,4,1,0,100,4.0,75.6,5,0,21.6,0,1,221
LAP-12676,Chhattisgarh,CHH-2,Airport,Government,10.0,18,4,1338,Partially Disbursed,31,Partial Possession,0,0,0,100,5.9,73.3,1,3,45.6,0,0,0
LAP-12677,Haryana,HAR-2,Irrigation,Tribal,8.5,307,1,142,Partially Disbursed,79,Full Possession,1,1,1,56,7.1,50.9,0,7,48.4,0,1,84
LAP-12678,Madhya Pradesh,MAD-6,Renewable Energy,Private Agricultural,8.2,54,1,1346,Partially Disbursed,59,Not Started,0,0,1,36,6.5,42.6,1,7,31.1,0,1,360
LAP-12679,Bihar,BIH-3,Urban Development,Government,48.8,14,6,626,Partially Disbursed,22,Award Declared,1,0,0,100,7.0,72.1,1,3,66.0,0,0,0
LAP-12680,Haryana,HAR-5,Highway,Private Agricultural,28.0,159,2,869,Partially Disbursed,26,Survey Complete,0,0,0,100,9.0,58.7,0,3,16.5,0,0,0
LAP-12681,Maharashtra,MAH-1,Highway,Tribal,19.0,972,2,794,Fully Disbursed,96,Award Declared,2,0,0,100,5.8,67.3,1,2,40.1,0,0,0
LAP-12682,Bihar,BIH-5,Highway,Mixed,38.9,134,2,63,Partially Disbursed,11,Award Declared,1,0,0,100,2.7,19.9,0,4,58.5,0,0,0
LAP-12683,Rajasthan,RAJ-4,Railway,Private Agricultural,18.1,305,3,1136,Not Started,2,Full Possession,1,1,1,55,4.2,51.1,1,7,95.9,0,1,206
LAP-12684,Maharashtra,MAH-2,Irrigation,Forest,16.0,59,2,794,Partially Disbursed,36,Not Started,2,1,0,100,5.4,49.2,2,3,59.4,0,1,140
LAP-12685,Odisha,ODI-2,Renewable Energy,Private Agricultural,17.0,43,5,1397,Fully Disbursed,91,Survey Complete,0,0,1,88,6.5,45.8,0,0,46.9,0,0,0
LAP-12686,Odisha,ODI-5,Urban Development,Private Agricultural,19.5,35,3,633,Fully Disbursed,97,Partial Possession,3,1,1,47,6.8,73.1,2,7,38.5,1,0,0
LAP-12687,Gujarat,GUJ-4,Highway,Tribal,10.4,197,3,1437,Partially Disbursed,56,Full Possession,2,0,0,100,6.3,75.1,3,0,88.8,0,1,197
LAP-12688,Haryana,HAR-5,Railway,Private Agricultural,12.0,19,1,368,Partially Disbursed,25,Partial Possession,1,0,1,45,7.2,81.0,0,8,70.9,0,0,0
LAP-12689,Bihar,BIH-6,Railway,Private Agricultural,18.8,194,4,1328,Partially Disbursed,17,Partial Possession,1,1,0,100,9.2,78.9,1,7,24.1,0,0,0
LAP-12690,Punjab,PUN-5,Renewable Energy,Forest,10.3,28,4,1252,Not Started,1,Award Declared,2,1,0,100,8.0,86.1,1,4,66.6,1,0,0
LAP-12691,Telangana,TEL-1,Irrigation,Private Agricultural,17.0,109,1,1294,Fully Disbursed,92,Survey Complete,0,0,1,95,8.2,68.5,4,7,44.2,0,0,0
LAP-12692,Bihar,BIH-3,Railway,Forest,30.8,34,6,292,Partially Disbursed,24,Not Started,0,0,0,100,2.6,43.4,1,1,50.2,0,0,0
LAP-12693,Tamil Nadu,TAM-6,Power Transmission,Private Agricultural,23.7,63,6,261,Fully Disbursed,87,Survey Complete,1,1,1,14,6.7,52.8,4,7,22.8,0,0,0
LAP-12694,Uttar Pradesh,UTT-6,Railway,Private Agricultural,22.8,73,5,62,Partially Disbursed,31,Award Declared,0,0,1,5,7.9,47.0,4,8,80.3,1,1,119
LAP-12695,Jharkhand,JHA-5,Railway,Tribal,8.1,8,4,1342,Partially Disbursed,46,Full Possession,1,1,1,52,10.0,41.2,2,6,73.6,0,1,234
LAP-12696,Punjab,PUN-2,Railway,Private Agricultural,41.7,102,5,104,Not Started,9,Partial Possession,1,1,1,46,8.0,68.9,0,1,85.4,1,0,0
LAP-12697,Tamil Nadu,TAM-1,Urban Development,Forest,1.8,585,5,1323,Not Started,6,Not Started,2,0,1,92,8.1,29.2,0,2,32.7,0,0,0
LAP-12698,Gujarat,GUJ-6,Railway,Private Agricultural,57.1,27,6,780,Fully Disbursed,100,Partial Possession,1,1,0,100,8.1,42.3,3,1,47.9,0,0,0
LAP-12699,Odisha,ODI-4,Highway,Tribal,5.9,2,3,1326,Fully Disbursed,85,Partial Possession,1,1,1,44,8.3,46.2,1,8,41.2,0,0,0
LAP-12700,Gujarat,GUJ-1,Power Transmission,Mixed,198.5,73,3,454,Not Started,0,Partial Possession,1,1,0,100,8.4,86.6,1,0,98.5,0,0,0
LAP-12701,Madhya Pradesh,MAD-6,Urban Development,Private Agricultural,9.9,31,5,930,Fully Disbursed,98,Full Possession,3,1,1,19,6.0,26.9,4,3,38.4,0,1,235
LAP-12702,Madhya Pradesh,MAD-5,Power Transmission,Forest,49.1,34,6,665,Partially Disbursed,75,Not Started,1,1,0,100,3.5,81.7,2,4,52.8,0,0,0
LAP-12703,Punjab,PUN-3,Highway,Private Agricultural,70.9,10,5,243,Not Started,9,Survey Complete,0,0,1,17,4.8,66.8,3,4,81.8,0,0,0
LAP-12704,Gujarat,GUJ-6,Irrigation,Private Agricultural,24.3,31,6,746,Partially Disbursed,71,Full Possession,2,1,1,9,3.0,49.8,0,6,61.7,0,0,0
LAP-12705,Punjab,PUN-1,Industrial Corridor,Private Agricultural,133.4,10,6,918,Partially Disbursed,22,Full Possession,1,1,1,92,5.4,44.7,3,8,87.6,1,1,174
LAP-12706,Uttar Pradesh,UTT-6,Industrial Corridor,Tribal,18.1,4,6,504,Partially Disbursed,61,Award Declared,0,0,0,100,2.5,81.0,1,5,88.7,0,0,0
LAP-12707,Chhattisgarh,CHH-4,Railway,Forest,55.7,200,1,87,Fully Disbursed,92,Survey Complete,2,1,0,100,3.9,69.4,2,2,53.0,1,0,0
LAP-12708,Maharashtra,MAH-1,Highway,Forest,130.3,303,4,1017,Not Started,6,Partial Possession,3,1,0,100,5.9,52.2,1,0,65.0,0,1,499
LAP-12709,Gujarat,GUJ-6,Urban Development,Private Agricultural,50.3,14,2,236,Partially Disbursed,63,Award Declared,1,0,1,77,6.1,67.8,0,1,100.0,1,0,0
LAP-12710,Uttar Pradesh,UTT-5,Urban Development,Forest,5.4,45,5,653,Not Started,5,Survey Complete,2,1,1,88,4.9,46.1,2,8,33.0,0,1,40
LAP-12711,Rajasthan,RAJ-6,Urban Development,Private Agricultural,19.4,40,5,371,Not Started,0,Award Declared,1,1,0,100,9.3,36.0,1,5,92.0,0,0,0
LAP-12712,Telangana,TEL-3,Irrigation,Private Agricultural,12.2,21,4,935,Not Started,6,Award Declared,0,0,1,51,6.9,93.8,1,4,92.6,0,0,0
LAP-12713,Haryana,HAR-6,Highway,Forest,3.7,38,3,406,Partially Disbursed,45,Survey Complete,1,1,1,14,4.5,45.4,2,7,30.9,1,1,172
LAP-12714,Madhya Pradesh,MAD-3,Urban Development,Private Agricultural,16.4,12,1,734,Fully Disbursed,92,Survey Complete,1,1,0,100,3.9,59.9,0,0,77.2,0,0,0
LAP-12715,Odisha,ODI-5,Power Transmission,Private Agricultural,119.1,2,6,982,Partially Disbursed,46,Partial Possession,0,0,1,88,5.7,50.7,0,8,50.1,0,0,0
LAP-12716,Tamil Nadu,TAM-5,Industrial Corridor,Mixed,8.4,18,4,96,Partially Disbursed,42,Not Started,3,1,0,100,5.7,12.5,2,5,71.5,1,1,112
LAP-12717,Maharashtra,MAH-6,Highway,Government,4.6,110,4,743,Fully Disbursed,98,Full Possession,0,0,1,81,5.2,80.4,4,4,72.9,0,0,0
LAP-12718,Punjab,PUN-2,Renewable Energy,Private Agricultural,7.7,16,1,1037,Fully Disbursed,97,Partial Possession,0,0,1,53,7.2,69.2,0,8,6.5,0,0,0
LAP-12719,Punjab,PUN-5,Railway,Government,193.0,10,4,1079,Not Started,0,Partial Possession,0,0,0,100,5.4,75.3,0,5,38.8,1,0,0
LAP-12720,Maharashtra,MAH-6,Irrigation,Private Agricultural,42.7,313,6,743,Partially Disbursed,56,Not Started,0,0,0,100,6.3,40.8,6,7,58.1,0,1,130
LAP-12721,Punjab,PUN-5,Renewable Energy,Private Agricultural,29.2,185,5,585,Not Started,6,Not Started,0,0,1,20,5.8,41.3,1,3,42.3,0,0,0
LAP-12722,Tamil Nadu,TAM-5,Highway,Private Agricultural,22.3,83,2,622,Not Started,8,Partial Possession,0,0,1,29,5.5,71.6,0,6,6.5,0,1,145
LAP-12723,Uttar Pradesh,UTT-6,Airport,Government,29.5,76,6,1269,Partially Disbursed,27,Award Declared,1,1,0,100,7.1,53.3,1,6,54.8,1,1,380
LAP-12724,Uttar Pradesh,UTT-6,Highway,Private Agricultural,29.7,53,5,1435,Partially Disbursed,51,Survey Complete,1,0,1,3,3.6,49.6,4,4,41.1,0,1,105
LAP-12725,Haryana,HAR-4,Railway,Private Agricultural,2.8,1,4,553,Not Started,2,Partial Possession,0,0,1,91,8.6,78.2,1,3,56.8,0,0,0
LAP-12726,West Bengal,WES-6,Power Transmission,Government,15.2,9,4,101,Not Started,7,Full Possession,1,1,1,24,8.1,47.1,2,3,51.6,0,1,102
LAP-12727,Karnataka,KAR-1,Railway,Forest,98.8,19,1,516,Not Started,9,Survey Complete,4,1,1,82,6.4,72.8,1,5,44.9,0,0,0
LAP-12728,Gujarat,GUJ-4,Highway,Government,88.7,20,1,1068,Partially Disbursed,40,Survey Complete,0,0,0,100,8.2,77.1,1,4,81.5,0,0,0
LAP-12729,Madhya Pradesh,MAD-4,Railway,Government,311.2,120,3,526,Fully Disbursed,98,Not Started,2,0,1,97,6.1,75.5,3,8,44.7,0,1,123
LAP-12730,Telangana,TEL-3,Urban Development,Private Agricultural,19.9,112,4,539,Not Started,5,Not Started,1,0,0,100,6.1,94.2,4,6,40.9,1,1,184
LAP-12731,Odisha,ODI-6,Highway,Government,201.8,178,1,596,Fully Disbursed,95,Award Declared,1,1,0,100,9.3,68.3,2,5,50.3,0,0,0
LAP-12732,West Bengal,WES-2,Power Transmission,Forest,43.2,321,2,1221,Partially Disbursed,65,Survey Complete,2,1,0,100,9.2,22.1,4,2,64.8,1,1,102
LAP-12733,Tamil Nadu,TAM-4,Urban Development,Private Agricultural,10.1,89,4,559,Not Started,6,Award Declared,1,0,1,22,9.1,75.2,4,4,47.6,0,0,0
LAP-12734,West Bengal,WES-1,Industrial Corridor,Forest,81.6,130,4,582,Not Started,3,Survey Complete,2,1,0,100,9.1,51.6,2,0,41.2,0,1,45
LAP-12735,Chhattisgarh,CHH-5,Industrial Corridor,Tribal,23.3,30,4,375,Partially Disbursed,38,Survey Complete,2,1,0,100,4.2,98.8,2,3,12.9,1,0,0
LAP-12736,West Bengal,WES-1,Railway,Tribal,37.3,44,2,403,Not Started,5,Partial Possession,2,0,0,100,2.7,100.0,2,8,59.1,0,1,158
LAP-12737,Telangana,TEL-2,Highway,Forest,83.3,529,3,590,Partially Disbursed,77,Survey Complete,1,1,0,100,9.7,77.9,0,2,62.8,0,0,0
LAP-12738,Maharashtra,MAH-2,Irrigation,Tribal,115.9,34,2,442,Partially Disbursed,60,Partial Possession,0,0,1,87,3.2,52.7,2,1,92.0,1,0,0
LAP-12739,Madhya Pradesh,MAD-6,Railway,Mixed,44.4,88,2,1461,Fully Disbursed,97,Survey Complete,0,0,0,100,5.4,64.0,0,0,73.7,0,0,0
LAP-12740,Madhya Pradesh,MAD-4,Highway,Forest,12.6,43,6,717,Fully Disbursed,85,Survey Complete,2,1,0,100,8.4,58.1,2,5,35.3,1,1,193
LAP-12741,West Bengal,WES-4,Renewable Energy,Private Agricultural,42.5,14,1,431,Not Started,7,Partial Possession,1,1,1,27,5.1,70.1,5,6,71.9,0,1,27
LAP-12742,Maharashtra,MAH-3,Urban Development,Mixed,15.5,9,1,213,Not Started,3,Partial Possession,0,0,0,100,5.3,47.5,0,8,92.1,0,1,30
LAP-12743,Telangana,TEL-2,Railway,Private Agricultural,20.7,279,5,1246,Not Started,1,Not Started,1,1,0,100,6.4,49.2,3,5,82.9,1,0,0
LAP-12744,Gujarat,GUJ-1,Power Transmission,Private Agricultural,37.8,51,2,1096,Not Started,4,Full Possession,0,0,0,100,4.8,67.8,1,1,70.2,0,0,0
LAP-12745,Madhya Pradesh,MAD-2,Railway,Private Agricultural,92.6,55,3,789,Partially Disbursed,49,Award Declared,1,0,1,54,8.2,45.2,2,8,70.8,0,0,0
LAP-12746,Bihar,BIH-1,Urban Development,Mixed,55.8,19,3,85,Not Started,5,Not Started,0,0,1,84,4.8,52.0,0,6,3.2,0,0,0
LAP-12747,Uttar Pradesh,UTT-6,Highway,Tribal,4.8,60,6,744,Fully Disbursed,94,Full Possession,1,0,1,22,8.9,58.3,3,6,34.5,0,0,0
LAP-12748,Gujarat,GUJ-5,Railway,Government,84.1,16,5,165,Fully Disbursed,89,Full Possession,0,0,0,100,4.2,49.6,1,2,82.5,0,0,0
LAP-12749,Bihar,BIH-4,Industrial Corridor,Private Agricultural,82.6,38,6,1199,Partially Disbursed,15,Award Declared,0,0,0,100,3.9,70.6,3,4,54.1,1,0,0
LAP-12750,Telangana,TEL-3,Urban Development,Tribal,24.7,39,3,68,Not Started,4,Award Declared,1,1,1,6,4.3,65.1,3,8,100.0,0,1,282
LAP-12751,Bihar,BIH-6,Power Transmission,Forest,36.1,31,4,434,Partially Disbursed,31,Full Possession,0,0,0,100,2.5,87.0,0,6,97.0,0,1,33
LAP-12752,Bihar,BIH-3,Highway,Forest,29.2,129,3,1477,Not Started,9,Survey Complete,1,0,0,100,4.2,71.5,1,3,33.1,0,0,0
LAP-12753,Telangana,TEL-6,Irrigation,Forest,6.1,165,1,677,Partially Disbursed,73,Full Possession,0,0,0,100,7.9,45.8,3,5,69.2,0,0,0
LAP-12754,Bihar,BIH-5,Industrial Corridor,Private Agricultural,6.9,11,5,480,Fully Disbursed,100,Survey Complete,1,1,1,55,7.8,84.9,2,4,99.3,0,0,0
LAP-12755,Rajasthan,RAJ-4,Highway,Forest,22.4,19,5,459,Partially Disbursed,79,Not Started,0,0,0,100,7.2,63.9,4,7,33.3,0,0,0
LAP-12756,Maharashtra,MAH-4,Irrigation,Tribal,31.8,105,3,701,Partially Disbursed,53,Survey Complete,2,1,1,74,4.9,61.9,2,2,24.3,0,0,0
LAP-12757,Maharashtra,MAH-3,Highway,Private Agricultural,60.4,202,1,209,Not Started,8,Full Possession,0,0,1,14,3.7,83.5,3,2,0.0,1,1,161
LAP-12758,Haryana,HAR-6,Highway,Forest,65.0,23,2,495,Not Started,0,Not Started,2,1,1,19,8.1,45.5,3,8,57.2,0,1,173
LAP-12759,Tamil Nadu,TAM-5,Irrigation,Private Agricultural,2.6,221,2,635,Not Started,1,Survey Complete,3,0,0,100,6.2,81.9,2,4,41.6,0,0,0
LAP-12760,Karnataka,KAR-4,Irrigation,Tribal,4.8,187,4,1452,Partially Disbursed,12,Partial Possession,0,0,1,59,1.6,66.6,5,3,15.7,1,0,0
LAP-12761,West Bengal,WES-1,Power Transmission,Tribal,37.5,42,6,874,Not Started,7,Not Started,0,0,0,100,6.5,65.0,4,6,4.9,0,1,213
LAP-12762,Gujarat,GUJ-1,Highway,Private Agricultural,65.2,93,1,41,Partially Disbursed,53,Award Declared,0,0,1,85,6.6,57.8,1,6,29.7,0,0,0
LAP-12763,Punjab,PUN-2,Urban Development,Forest,124.2,42,6,1289,Not Started,0,Award Declared,3,0,0,100,8.4,44.5,1,8,63.4,0,0,0
LAP-12764,Bihar,BIH-2,Highway,Government,27.9,77,2,1343,Not Started,9,Partial Possession,1,1,0,100,4.5,52.1,3,7,35.0,0,0,0
LAP-12765,Tamil Nadu,TAM-6,Railway,Tribal,85.7,158,4,694,Fully Disbursed,94,Partial Possession,2,0,1,97,8.0,82.8,0,7,65.4,1,1,97
LAP-12766,Odisha,ODI-1,Railway,Forest,5.4,181,1,982,Fully Disbursed,85,Survey Complete,0,0,0,100,6.8,59.7,3,3,74.3,1,0,0
LAP-12767,Odisha,ODI-5,Power Transmission,Forest,184.1,169,6,1466,Partially Disbursed,20,Partial Possession,3,1,0,100,2.1,100.0,2,8,36.0,1,1,108
LAP-12768,Uttar Pradesh,UTT-1,Industrial Corridor,Private Agricultural,67.6,66,2,627,Not Started,2,Partial Possession,1,1,1,30,7.8,74.6,2,7,35.2,0,1,130
LAP-12769,Telangana,TEL-6,Urban Development,Private Agricultural,18.5,160,2,58,Partially Disbursed,36,Partial Possession,0,0,1,14,7.1,21.0,2,8,44.0,0,0,0
LAP-12770,Bihar,BIH-4,Power Transmission,Private Agricultural,32.7,131,4,60,Not Started,5,Not Started,0,0,0,100,4.0,38.0,2,0,71.3,0,0,0
LAP-12771,Maharashtra,MAH-6,Industrial Corridor,Tribal,48.5,111,1,930,Not Started,8,Partial Possession,3,1,0,100,5.4,55.5,4,1,94.4,1,0,0
LAP-12772,Rajasthan,RAJ-2,Industrial Corridor,Government,82.1,190,5,473,Partially Disbursed,59,Award Declared,0,0,0,100,6.5,77.1,0,3,54.3,1,0,0
LAP-12773,Tamil Nadu,TAM-6,Irrigation,Forest,13.1,20,6,605,Partially Disbursed,23,Survey Complete,1,0,1,95,4.6,61.9,0,5,100.0,0,1,363
LAP-12774,Punjab,PUN-3,Highway,Private Agricultural,17.1,13,3,144,Partially Disbursed,27,Survey Complete,1,1,1,39,5.8,73.6,2,7,100.0,0,1,175
LAP-12775,Haryana,HAR-2,Power Transmission,Government,14.0,11,4,371,Not Started,5,Survey Complete,0,0,0,100,7.3,88.4,4,5,71.7,0,0,0
LAP-12776,Chhattisgarh,CHH-5,Highway,Tribal,69.2,190,4,226,Fully Disbursed,98,Not Started,2,0,1,19,5.0,72.9,3,2,0.0,0,0,0
LAP-12777,Rajasthan,RAJ-1,Irrigation,Mixed,50.0,155,4,612,Not Started,9,Not Started,3,1,0,100,5.8,31.1,0,2,60.8,0,0,0
LAP-12778,Rajasthan,RAJ-6,Irrigation,Forest,170.0,169,5,1222,Not Started,7,Survey Complete,1,0,0,100,9.1,55.4,0,6,86.9,1,0,0
LAP-12779,Uttar Pradesh,UTT-2,Irrigation,Government,9.6,1,2,66,Fully Disbursed,90,Survey Complete,1,1,1,79,2.8,63.7,4,6,25.9,1,0,0
LAP-12780,Tamil Nadu,TAM-3,Urban Development,Mixed,44.6,149,2,655,Partially Disbursed,66,Partial Possession,1,0,0,100,6.4,44.5,1,6,77.3,0,0,0
LAP-12781,Karnataka,KAR-1,Railway,Private Agricultural,136.0,3,5,839,Fully Disbursed,91,Survey Complete,0,0,0,100,3.9,66.1,1,5,71.2,0,0,0
LAP-12782,Madhya Pradesh,MAD-6,Highway,Government,34.7,62,5,1099,Not Started,7,Partial Possession,0,0,0,100,7.0,53.8,4,3,100.0,1,0,0
LAP-12783,Karnataka,KAR-3,Urban Development,Private Agricultural,21.1,35,4,96,Not Started,9,Full Possession,0,0,1,58,7.2,50.5,1,0,53.6,0,0,0
LAP-12784,Gujarat,GUJ-5,Railway,Government,37.5,21,2,919,Partially Disbursed,49,Not Started,0,0,1,59,5.8,19.4,1,3,21.2,0,0,0
LAP-12785,Rajasthan,RAJ-5,Railway,Private Agricultural,5.7,265,3,279,Partially Disbursed,78,Award Declared,0,0,0,100,3.7,5.0,3,8,44.8,0,0,0
LAP-12786,Uttar Pradesh,UTT-4,Highway,Private Agricultural,4.9,54,2,813,Fully Disbursed,100,Survey Complete,1,0,1,26,7.5,77.0,2,0,42.8,0,0,0
LAP-12787,Tamil Nadu,TAM-2,Railway,Private Agricultural,22.5,47,6,975,Partially Disbursed,18,Partial Possession,1,1,1,49,8.0,70.4,3,1,59.6,0,0,0
LAP-12788,Jharkhand,JHA-1,Power Transmission,Private Agricultural,38.8,86,4,901,Not Started,1,Survey Complete,0,0,1,88,5.2,51.8,3,0,62.3,0,0,0
LAP-12789,Tamil Nadu,TAM-6,Urban Development,Government,1.9,135,6,883,Not Started,1,Partial Possession,1,0,0,100,7.4,49.1,2,7,28.8,0,0,0
LAP-12790,Tamil Nadu,TAM-6,Power Transmission,Mixed,136.0,279,5,558,Not Started,6,Survey Complete,0,0,0,100,7.8,78.9,2,7,39.7,0,0,0
LAP-12791,Rajasthan,RAJ-2,Urban Development,Private Agricultural,60.9,47,5,1364,Fully Disbursed,89,Survey Complete,0,0,1,30,6.3,59.2,1,7,65.5,1,1,325
LAP-12792,Jharkhand,JHA-6,Urban Development,Private Agricultural,15.1,189,3,1015,Partially Disbursed,81,Partial Possession,0,0,0,100,1.5,40.6,5,7,82.1,1,0,0
LAP-12793,West Bengal,WES-3,Power Transmission,Government,49.4,66,3,742,Fully Disbursed,95,Survey Complete,1,1,0,100,9.1,48.5,5,8,61.6,0,1,357
LAP-12794,Madhya Pradesh,MAD-3,Industrial Corridor,Forest,117.6,11,5,605,Partially Disbursed,83,Partial Possession,4,0,0,100,2.1,32.8,3,2,64.3,0,1,278
LAP-12795,Odisha,ODI-5,Irrigation,Private Agricultural,97.8,17,1,359,Fully Disbursed,91,Not Started,1,0,1,14,2.3,87.5,2,1,96.2,0,1,83
LAP-12796,Gujarat,GUJ-2,Urban Development,Tribal,1.8,113,1,119,Partially Disbursed,61,Partial Possession,3,1,0,100,6.2,92.6,2,2,37.6,0,0,0
LAP-12797,Rajasthan,RAJ-5,Industrial Corridor,Mixed,15.0,1516,4,639,Not Started,7,Not Started,2,1,0,100,7.9,79.6,3,4,76.9,0,0,0
LAP-12798,Maharashtra,MAH-3,Industrial Corridor,Mixed,19.6,43,1,137,Not Started,0,Partial Possession,1,1,1,71,8.7,74.9,2,5,25.3,0,0,0
LAP-12799,Tamil Nadu,TAM-1,Highway,Government,24.1,1122,5,961,Partially Disbursed,67,Not Started,1,1,0,100,10.0,76.0,1,8,72.6,0,1,246
LAP-12800,Gujarat,GUJ-6,Industrial Corridor,Private Agricultural,16.1,32,3,531,Partially Disbursed,18,Not Started,0,0,1,75,8.7,68.7,0,6,62.2,1,0,0
LAP-12801,Haryana,HAR-2,Railway,Private Agricultural,58.5,420,4,600,Partially Disbursed,53,Survey Complete,1,1,0,100,7.7,56.9,0,2,0.0,0,0,0
LAP-12802,Bihar,BIH-2,Industrial Corridor,Tribal,1.9,51,3,845,Partially Disbursed,78,Award Declared,2,1,0,100,5.4,61.9,1,3,100.0,1,0,0
LAP-12803,West Bengal,WES-3,Urban Development,Government,57.0,172,6,1159,Partially Disbursed,46,Full Possession,1,1,1,56,6.7,36.1,4,3,39.2,1,0,0
LAP-12804,Tamil Nadu,TAM-6,Highway,Private Agricultural,18.3,54,2,511,Partially Disbursed,65,Full Possession,0,0,0,100,4.0,38.0,2,6,57.1,1,0,0
LAP-12805,Odisha,ODI-2,Power Transmission,Government,29.2,43,3,421,Not Started,3,Partial Possession,0,0,0,100,3.2,52.2,2,6,17.6,0,0,0
LAP-12806,Jharkhand,JHA-3,Railway,Mixed,59.7,605,6,690,Fully Disbursed,92,Award Declared,0,0,1,44,1.9,88.4,1,6,55.1,0,0,0
LAP-12807,Odisha,ODI-5,Irrigation,Forest,10.5,17,4,546,Partially Disbursed,42,Award Declared,1,1,0,100,6.6,54.4,1,2,88.0,0,0,0
LAP-12808,Punjab,PUN-1,Power Transmission,Private Agricultural,25.3,44,5,336,Not Started,4,Survey Complete,0,0,0,100,7.6,10.6,1,4,41.2,1,0,0
LAP-12809,Odisha,ODI-2,Highway,Tribal,6.4,724,1,430,Partially Disbursed,41,Award Declared,0,0,1,27,3.5,80.7,2,7,64.5,0,0,0
LAP-12810,Maharashtra,MAH-6,Power Transmission,Private Agricultural,57.0,98,6,471,Not Started,8,Survey Complete,1,1,0,100,7.0,69.0,3,4,78.3,1,0,0
LAP-12811,Punjab,PUN-3,Power Transmission,Forest,5.5,10,2,1246,Not Started,8,Not Started,0,0,1,65,5.0,67.2,5,5,26.6,1,0,0
LAP-12812,Odisha,ODI-3,Highway,Private Agricultural,34.3,24,1,1087,Partially Disbursed,61,Not Started,1,0,1,90,4.7,68.3,2,2,76.4,0,0,0
LAP-12813,Jharkhand,JHA-2,Highway,Government,10.3,69,1,1357,Not Started,6,Survey Complete,0,0,1,53,7.8,52.8,0,2,75.0,0,0,0
LAP-12814,Uttar Pradesh,UTT-6,Railway,Forest,11.1,23,3,443,Not Started,0,Full Possession,1,1,0,100,4.8,100.0,2,0,64.4,0,0,0
LAP-12815,Chhattisgarh,CHH-5,Highway,Mixed,4.3,726,4,1288,Not Started,3,Award Declared,0,0,0,100,4.3,66.4,2,6,38.1,0,0,0
LAP-12816,Jharkhand,JHA-1,Power Transmission,Mixed,2.3,135,5,524,Not Started,6,Survey Complete,0,0,0,100,6.9,51.1,1,6,51.6,1,0,0
LAP-12817,Haryana,HAR-2,Power Transmission,Government,77.1,114,2,681,Partially Disbursed,61,Award Declared,0,0,1,78,7.0,69.8,1,1,53.1,0,0,0
LAP-12818,Odisha,ODI-2,Airport,Tribal,27.4,337,6,169,Partially Disbursed,44,Survey Complete,0,0,1,96,9.1,24.5,4,3,2.9,0,0,0
LAP-12819,Jharkhand,JHA-2,Power Transmission,Forest,29.6,8,5,47,Partially Disbursed,67,Partial Possession,3,1,1,36,5.6,53.3,4,3,81.0,1,0,0
LAP-12820,Madhya Pradesh,MAD-6,Power Transmission,Private Agricultural,131.7,1,6,98,Not Started,0,Award Declared,1,1,1,44,8.3,54.4,1,6,76.1,1,0,0
LAP-12821,Punjab,PUN-1,Irrigation,Private Agricultural,6.2,41,6,1196,Not Started,3,Partial Possession,0,0,1,93,3.7,52.5,1,0,74.0,1,1,17
LAP-12822,Telangana,TEL-5,Power Transmission,Mixed,13.6,71,5,684,Not Started,4,Not Started,1,1,0,100,7.4,95.2,1,2,44.0,0,0,0
LAP-12823,West Bengal,WES-5,Airport,Private Agricultural,66.6,591,4,28,Fully Disbursed,89,Partial Possession,0,0,0,100,2.6,49.8,1,0,59.6,0,0,0
LAP-12824,Bihar,BIH-2,Urban Development,Private Agricultural,27.0,15,6,538,Not Started,0,Survey Complete,0,0,1,74,8.3,57.8,1,7,62.2,1,0,0
LAP-12825,Chhattisgarh,CHH-4,Highway,Government,16.4,75,3,347,Fully Disbursed,99,Partial Possession,1,0,1,20,6.0,77.6,2,5,73.8,0,1,100
LAP-12826,Odisha,ODI-1,Power Transmission,Mixed,16.9,73,1,690,Not Started,1,Award Declared,0,0,0,100,7.6,75.8,4,4,52.5,0,0,0
LAP-12827,Bihar,BIH-1,Urban Development,Forest,30.1,137,3,580,Partially Disbursed,62,Partial Possession,2,0,1,71,3.6,72.8,2,2,100.0,1,1,234
LAP-12828,Maharashtra,MAH-5,Highway,Mixed,11.7,53,6,206,Not Started,5,Partial Possession,0,0,1,55,4.3,100.0,1,0,38.4,1,0,0
LAP-12829,Gujarat,GUJ-1,Railway,Private Agricultural,2.5,20,5,991,Partially Disbursed,43,Full Possession,1,1,1,65,7.3,75.9,2,0,47.7,0,0,0
LAP-12830,Madhya Pradesh,MAD-5,Railway,Government,19.4,17,2,1133,Partially Disbursed,74,Partial Possession,0,0,0,100,4.9,80.1,2,2,55.6,0,0,0
LAP-12831,Bihar,BIH-5,Highway,Government,11.0,77,3,536,Partially Disbursed,24,Survey Complete,1,0,0,100,5.4,64.7,2,8,100.0,0,1,70
LAP-12832,Gujarat,GUJ-5,Urban Development,Tribal,44.4,225,4,1277,Partially Disbursed,42,Partial Possession,1,1,1,47,6.6,82.6,2,7,68.6,0,1,202
LAP-12833,Haryana,HAR-4,Power Transmission,Private Agricultural,12.0,36,2,216,Not Started,1,Survey Complete,1,0,1,100,7.5,63.7,1,8,16.9,0,0,0
LAP-12834,Chhattisgarh,CHH-4,Power Transmission,Government,24.6,4,2,140,Not Started,9,Full Possession,0,0,1,76,5.0,49.3,1,7,63.2,1,1,65
LAP-12835,Jharkhand,JHA-1,Highway,Government,32.7,68,6,900,Not Started,5,Full Possession,2,1,0,100,6.3,36.9,4,6,77.9,1,1,271
LAP-12836,Jharkhand,JHA-2,Power Transmission,Private Agricultural,114.0,13,3,1452,Fully Disbursed,89,Award Declared,2,0,1,1,5.7,53.7,3,4,23.9,0,1,514
LAP-12837,Maharashtra,MAH-1,Irrigation,Private Agricultural,7.9,44,5,788,Partially Disbursed,33,Not Started,0,0,1,41,2.0,53.5,1,3,65.4,1,0,0
LAP-12838,Bihar,BIH-1,Industrial Corridor,Tribal,55.6,257,1,1230,Partially Disbursed,72,Award Declared,2,1,0,100,7.6,100.0,1,5,51.8,0,0,0
LAP-12839,Bihar,BIH-3,Railway,Private Agricultural,91.0,12,5,668,Partially Disbursed,40,Survey Complete,0,0,1,39,4.9,62.4,1,8,53.8,0,1,391
LAP-12840,Madhya Pradesh,MAD-2,Railway,Government,7.1,42,6,1472,Partially Disbursed,61,Full Possession,1,1,0,100,5.8,86.3,0,4,16.2,0,0,0
LAP-12841,Telangana,TEL-5,Railway,Government,146.8,46,1,1401,Fully Disbursed,99,Not Started,0,0,0,100,5.3,65.2,1,1,67.9,0,0,0
LAP-12842,Haryana,HAR-1,Highway,Forest,42.8,30,2,823,Not Started,0,Partial Possession,4,1,0,100,4.3,56.7,2,7,8.5,0,0,0
LAP-12843,Punjab,PUN-4,Renewable Energy,Private Agricultural,36.1,154,2,269,Partially Disbursed,10,Full Possession,0,0,1,87,7.1,48.7,4,6,50.8,0,0,0
LAP-12844,Chhattisgarh,CHH-2,Renewable Energy,Private Agricultural,10.4,12,1,469,Not Started,1,Survey Complete,0,0,1,71,8.1,72.7,7,5,44.3,0,0,0
LAP-12845,Jharkhand,JHA-5,Urban Development,Private Agricultural,22.3,44,5,202,Partially Disbursed,78,Award Declared,2,1,0,100,4.4,75.2,2,6,76.9,0,0,0
LAP-12846,Gujarat,GUJ-2,Railway,Private Agricultural,47.6,39,2,867,Not Started,3,Survey Complete,3,1,0,100,4.3,50.6,4,1,41.8,0,1,356
LAP-12847,Gujarat,GUJ-1,Urban Development,Tribal,71.3,78,1,770,Fully Disbursed,96,Partial Possession,1,1,1,98,3.5,66.5,4,0,29.4,0,0,0
LAP-12848,Gujarat,GUJ-6,Power Transmission,Private Agricultural,3.0,28,2,69,Not Started,5,Partial Possession,1,1,1,58,6.4,11.9,5,7,86.8,0,0,0
LAP-12849,Maharashtra,MAH-2,Irrigation,Tribal,23.6,19,2,131,Fully Disbursed,89,Survey Complete,2,1,0,100,6.5,76.5,2,1,65.1,0,0,0
LAP-12850,Gujarat,GUJ-3,Industrial Corridor,Private Agricultural,90.6,21,4,1147,Not Started,8,Full Possession,1,1,0,100,7.5,63.7,1,0,29.1,0,0,0
LAP-12851,Karnataka,KAR-5,Railway,Private Agricultural,15.1,6,2,56,Partially Disbursed,25,Survey Complete,1,0,1,77,6.9,59.0,0,6,89.3,0,0,0
LAP-12852,Bihar,BIH-6,Irrigation,Forest,38.8,80,5,1458,Fully Disbursed,87,Award Declared,2,1,0,100,4.8,70.8,2,2,21.3,1,0,0
LAP-12853,Jharkhand,JHA-6,Irrigation,Mixed,25.1,173,1,283,Not Started,3,Award Declared,0,0,0,100,6.9,46.0,1,0,100.0,0,0,0
LAP-12854,Uttar Pradesh,UTT-4,Industrial Corridor,Forest,19.0,91,2,581,Partially Disbursed,39,Not Started,1,1,0,100,5.5,63.7,1,1,28.6,0,0,0
LAP-12855,Rajasthan,RAJ-6,Industrial Corridor,Private Agricultural,42.4,13,6,881,Not Started,5,Award Declared,1,0,1,11,7.5,67.4,0,5,100.0,0,0,0
LAP-12856,Karnataka,KAR-2,Renewable Energy,Mixed,34.5,24,4,45,Partially Disbursed,18,Not Started,3,1,1,99,5.3,39.9,0,6,92.3,1,1,135
LAP-12857,West Bengal,WES-1,Urban Development,Private Agricultural,5.9,37,5,911,Fully Disbursed,93,Full Possession,1,0,1,27,7.7,58.5,7,3,86.6,1,0,0
LAP-12858,Chhattisgarh,CHH-6,Railway,Private Agricultural,87.6,19,5,1485,Partially Disbursed,52,Full Possession,2,0,1,97,10.0,52.2,1,1,22.5,0,0,0
LAP-12859,Jharkhand,JHA-2,Highway,Private Agricultural,13.1,26,3,1079,Fully Disbursed,94,Full Possession,1,0,1,54,9.2,35.1,0,4,49.3,0,0,0
LAP-12860,Jharkhand,JHA-2,Industrial Corridor,Private Agricultural,88.4,451,3,619,Fully Disbursed,95,Award Declared,0,0,1,88,8.5,89.1,0,7,73.2,0,1,154
LAP-12861,Tamil Nadu,TAM-2,Urban Development,Mixed,73.2,16,3,883,Fully Disbursed,96,Full Possession,1,0,1,23,7.9,48.7,0,8,2.5,1,1,26
LAP-12862,Rajasthan,RAJ-1,Irrigation,Forest,18.3,237,3,879,Not Started,7,Partial Possession,1,1,0,100,7.0,53.7,4,5,70.0,0,1,43
LAP-12863,Rajasthan,RAJ-1,Urban Development,Mixed,6.5,58,3,1215,Partially Disbursed,40,Not Started,0,0,0,100,2.2,71.1,2,4,39.5,0,0,0
LAP-12864,Maharashtra,MAH-1,Urban Development,Forest,24.0,164,2,669,Partially Disbursed,41,Award Declared,1,1,0,100,6.2,43.2,2,5,22.2,1,0,0
LAP-12865,Odisha,ODI-6,Renewable Energy,Tribal,6.1,42,5,266,Not Started,1,Survey Complete,2,0,0,100,3.5,38.9,0,6,36.9,0,0,0
LAP-12866,Maharashtra,MAH-1,Highway,Private Agricultural,43.6,5,1,487,Fully Disbursed,87,Survey Complete,0,0,1,34,3.9,66.5,2,2,41.7,0,0,0
LAP-12867,Tamil Nadu,TAM-2,Urban Development,Forest,6.1,380,4,1072,Partially Disbursed,70,Not Started,0,0,0,100,6.4,70.0,0,7,43.1,0,0,0
LAP-12868,Karnataka,KAR-6,Urban Development,Private Agricultural,22.7,30,2,1491,Partially Disbursed,16,Not Started,0,0,1,43,3.7,83.1,2,7,7.5,0,1,57
LAP-12869,Odisha,ODI-3,Renewable Energy,Private Agricultural,31.3,28,3,1181,Partially Disbursed,14,Partial Possession,1,1,1,16,1.0,63.4,1,6,75.9,0,0,0
LAP-12870,Punjab,PUN-4,Urban Development,Forest,179.3,19,6,815,Not Started,8,Partial Possession,3,1,0,100,3.8,62.6,2,2,51.4,0,1,199
LAP-12871,Chhattisgarh,CHH-4,Urban Development,Forest,18.5,13,5,734,Fully Disbursed,96,Full Possession,3,0,0,100,4.8,50.7,3,8,83.8,1,1,64
LAP-12872,Karnataka,KAR-1,Railway,Government,2.8,19,6,813,Partially Disbursed,43,Not Started,0,0,0,100,4.3,73.0,2,2,67.9,0,0,0
LAP-12873,Maharashtra,MAH-2,Urban Development,Government,24.1,182,1,1328,Not Started,0,Full Possession,0,0,0,100,5.3,43.0,3,4,83.9,0,0,0
LAP-12874,Maharashtra,MAH-2,Renewable Energy,Government,29.0,152,1,1388,Fully Disbursed,92,Partial Possession,1,1,0,100,5.0,46.7,3,7,79.9,0,0,0
LAP-12875,Tamil Nadu,TAM-2,Highway,Private Agricultural,4.4,172,6,1245,Partially Disbursed,59,Partial Possession,1,0,1,74,9.2,50.8,5,2,96.2,0,0,0
LAP-12876,Karnataka,KAR-2,Highway,Private Agricultural,69.2,42,5,855,Not Started,6,Award Declared,1,1,0,100,5.8,47.0,1,3,57.0,1,1,84
LAP-12877,Karnataka,KAR-2,Irrigation,Tribal,17.8,10,2,714,Not Started,6,Survey Complete,2,1,1,31,4.2,99.8,1,5,66.3,0,0,0
LAP-12878,Punjab,PUN-1,Highway,Private Agricultural,3.5,101,3,1344,Not Started,4,Partial Possession,0,0,1,58,7.1,57.5,0,8,55.4,0,0,0
LAP-12879,Haryana,HAR-3,Airport,Forest,75.9,177,4,480,Not Started,8,Partial Possession,0,0,0,100,7.0,63.2,3,8,65.1,1,0,0
LAP-12880,Madhya Pradesh,MAD-5,Power Transmission,Private Agricultural,49.5,69,2,154,Partially Disbursed,38,Not Started,0,0,1,0,5.2,100.0,2,6,47.4,0,1,53
LAP-12881,Maharashtra,MAH-2,Railway,Private Agricultural,45.9,86,3,566,Partially Disbursed,50,Full Possession,0,0,1,34,4.7,71.0,0,5,58.4,1,0,0
LAP-12882,Rajasthan,RAJ-4,Urban Development,Private Agricultural,101.4,35,1,982,Not Started,9,Partial Possession,0,0,1,48,3.2,57.3,3,5,31.5,1,0,0
LAP-12883,Karnataka,KAR-5,Irrigation,Private Agricultural,40.8,64,5,1318,Fully Disbursed,95,Not Started,2,1,1,72,6.5,69.0,1,0,45.8,0,1,16
LAP-12884,Maharashtra,MAH-1,Highway,Mixed,127.0,163,3,902,Fully Disbursed,97,Full Possession,1,1,0,100,7.8,46.9,0,4,56.9,1,0,0
LAP-12885,Odisha,ODI-2,Renewable Energy,Mixed,17.0,88,5,1006,Partially Disbursed,31,Survey Complete,0,0,1,67,3.8,70.9,3,4,52.8,0,0,0
LAP-12886,Punjab,PUN-6,Highway,Forest,23.6,13,6,1461,Fully Disbursed,86,Not Started,1,1,1,80,3.7,31.0,1,0,62.1,0,1,18
LAP-12887,Bihar,BIH-6,Highway,Private Agricultural,5.5,3,4,1152,Partially Disbursed,82,Not Started,0,0,0,100,7.1,42.5,0,0,100.0,1,0,0
LAP-12888,Uttar Pradesh,UTT-1,Urban Development,Private Agricultural,46.5,41,2,56,Not Started,9,Not Started,1,1,1,93,8.1,71.8,1,3,39.4,0,1,95
LAP-12889,Bihar,BIH-6,Irrigation,Mixed,6.1,25,6,793,Not Started,8,Full Possession,1,1,1,24,6.0,35.9,5,2,35.3,0,0,0
LAP-12890,Maharashtra,MAH-3,Power Transmission,Private Agricultural,16.2,14,3,1208,Partially Disbursed,37,Full Possession,0,0,1,73,10.0,67.8,1,0,75.9,1,0,0
LAP-12891,Uttar Pradesh,UTT-2,Irrigation,Private Agricultural,30.9,51,3,69,Not Started,0,Not Started,1,1,0,100,4.2,63.1,1,1,69.2,0,0,0
LAP-12892,Tamil Nadu,TAM-1,Highway,Government,94.0,366,6,597,Fully Disbursed,88,Partial Possession,1,1,0,100,2.6,41.0,3,2,100.0,0,0,0
LAP-12893,West Bengal,WES-3,Railway,Private Agricultural,49.3,64,5,1300,Partially Disbursed,41,Full Possession,0,0,1,63,5.8,66.3,2,5,17.9,0,1,156
LAP-12894,Haryana,HAR-1,Railway,Private Agricultural,13.9,249,5,1440,Partially Disbursed,13,Award Declared,0,0,0,100,2.8,17.0,3,1,76.3,1,1,87
LAP-12895,Chhattisgarh,CHH-2,Highway,Tribal,51.5,90,4,1224,Fully Disbursed,96,Not Started,0,0,1,49,6.7,46.6,3,8,63.6,1,0,0
LAP-12896,West Bengal,WES-1,Highway,Private Agricultural,4.8,9,6,1358,Not Started,2,Not Started,1,0,0,100,5.0,84.3,4,8,40.9,0,0,0
LAP-12897,Odisha,ODI-1,Urban Development,Mixed,33.4,33,6,429,Not Started,6,Not Started,1,1,0,100,4.5,83.8,3,2,61.5,0,0,0
LAP-12898,Karnataka,KAR-4,Railway,Forest,107.5,58,6,1143,Fully Disbursed,97,Partial Possession,1,1,0,100,8.0,73.9,4,7,27.3,0,0,0
LAP-12899,Jharkhand,JHA-5,Highway,Private Agricultural,19.7,72,2,219,Partially Disbursed,43,Full Possession,4,1,1,93,8.8,76.6,3,0,84.2,0,0,0
LAP-12900,Bihar,BIH-1,Highway,Government,72.6,5,1,1184,Not Started,1,Award Declared,0,0,1,68,7.2,67.9,1,1,100.0,1,0,0
LAP-12901,Karnataka,KAR-4,Industrial Corridor,Tribal,5.2,379,1,121,Not Started,4,Award Declared,0,0,0,100,5.4,70.4,4,6,39.1,1,0,0
LAP-12902,Karnataka,KAR-4,Airport,Private Agricultural,17.9,225,6,559,Not Started,4,Award Declared,1,0,0,100,4.8,66.2,3,2,39.6,0,0,0
LAP-12903,Madhya Pradesh,MAD-2,Irrigation,Tribal,253.9,40,6,1033,Partially Disbursed,48,Partial Possession,0,0,1,17,1.0,49.3,3,5,67.1,1,0,0
LAP-12904,Telangana,TEL-6,Railway,Private Agricultural,103.3,46,1,1013,Not Started,9,Not Started,3,1,1,52,7.2,94.0,2,4,65.0,1,1,101
LAP-12905,Tamil Nadu,TAM-3,Renewable Energy,Forest,20.4,45,5,720,Not Started,3,Survey Complete,2,1,0,100,5.9,41.9,1,7,58.6,0,0,0
LAP-12906,Rajasthan,RAJ-6,Highway,Tribal,37.4,11,3,1382,Fully Disbursed,100,Partial Possession,0,0,1,19,8.1,36.2,0,5,51.7,0,0,0
LAP-12907,Tamil Nadu,TAM-6,Railway,Tribal,14.7,152,1,1328,Partially Disbursed,59,Award Declared,0,0,1,90,4.6,66.5,3,5,53.1,0,0,0
LAP-12908,Jharkhand,JHA-2,Irrigation,Private Agricultural,66.1,127,5,1082,Fully Disbursed,99,Not Started,0,0,0,100,8.4,100.0,1,8,26.4,1,0,0
LAP-12909,Odisha,ODI-6,Power Transmission,Private Agricultural,13.5,45,3,941,Not Started,0,Full Possession,0,0,1,11,5.7,56.2,2,6,83.4,0,0,0
LAP-12910,Chhattisgarh,CHH-5,Urban Development,Government,41.0,112,6,180,Fully Disbursed,93,Full Possession,0,0,1,81,5.7,85.7,5,2,93.3,0,0,0
LAP-12911,Odisha,ODI-5,Industrial Corridor,Private Agricultural,6.1,71,5,1330,Partially Disbursed,81,Full Possession,2,0,1,78,7.0,52.9,1,0,30.3,0,0,0
LAP-12912,Chhattisgarh,CHH-1,Urban Development,Private Agricultural,76.2,73,4,972,Partially Disbursed,75,Partial Possession,0,0,1,73,5.5,68.4,1,8,79.3,0,0,0
LAP-12913,Uttar Pradesh,UTT-4,Irrigation,Forest,65.9,126,5,1109,Not Started,7,Partial Possession,1,1,0,100,6.7,58.3,1,1,88.9,0,0,0
LAP-12914,Haryana,HAR-2,Power Transmission,Government,42.1,27,6,161,Partially Disbursed,59,Partial Possession,1,1,0,100,5.9,45.7,3,8,45.2,1,1,136
LAP-12915,Chhattisgarh,CHH-4,Power Transmission,Government,32.1,63,4,978,Not Started,8,Award Declared,1,1,0,100,6.4,53.4,0,2,18.3,1,1,98
LAP-12916,Bihar,BIH-3,Railway,Government,63.0,141,2,372,Fully Disbursed,98,Survey Complete,1,1,1,46,6.1,25.7,0,0,42.9,0,0,0
LAP-12917,West Bengal,WES-3,Urban Development,Private Agricultural,51.5,21,5,667,Partially Disbursed,15,Survey Complete,1,0,0,100,7.0,28.0,3,8,100.0,1,1,164
LAP-12918,Punjab,PUN-3,Railway,Private Agricultural,13.5,475,5,628,Not Started,5,Partial Possession,0,0,1,61,10.0,23.9,1,5,38.2,0,0,0
LAP-12919,Jharkhand,JHA-2,Irrigation,Private Agricultural,61.8,383,3,1124,Not Started,4,Survey Complete,0,0,1,62,4.2,66.0,1,1,61.3,0,0,0
LAP-12920,Telangana,TEL-2,Irrigation,Private Agricultural,3.6,15,1,386,Partially Disbursed,79,Not Started,0,0,1,43,3.1,69.6,3,6,37.2,0,0,0
LAP-12921,Bihar,BIH-2,Railway,Forest,32.9,40,6,519,Partially Disbursed,39,Survey Complete,1,1,0,100,7.4,67.0,1,8,27.6,1,1,202
LAP-12922,Madhya Pradesh,MAD-2,Highway,Government,22.4,137,1,885,Fully Disbursed,99,Full Possession,1,1,1,7,8.4,75.1,2,3,49.3,1,0,0
LAP-12923,Gujarat,GUJ-3,Irrigation,Mixed,35.4,191,1,1024,Partially Disbursed,53,Partial Possession,0,0,0,100,4.7,49.8,2,4,69.7,0,0,0
LAP-12924,Gujarat,GUJ-1,Industrial Corridor,Government,16.0,23,4,738,Fully Disbursed,93,Full Possession,1,1,0,100,8.2,78.3,0,3,3.7,1,0,0
LAP-12925,Rajasthan,RAJ-6,Irrigation,Private Agricultural,20.1,22,4,35,Partially Disbursed,81,Partial Possession,0,0,1,39,5.4,62.1,3,2,77.0,0,0,0
LAP-12926,Haryana,HAR-2,Irrigation,Private Agricultural,43.5,94,1,115,Partially Disbursed,50,Survey Complete,1,1,1,15,10.0,75.0,0,8,63.1,0,1,112
LAP-12927,Madhya Pradesh,MAD-5,Highway,Private Agricultural,63.5,252,4,1202,Partially Disbursed,47,Not Started,0,0,1,80,4.3,36.7,3,7,28.5,0,0,0
LAP-12928,Jharkhand,JHA-5,Railway,Forest,6.0,49,3,1289,Fully Disbursed,89,Not Started,0,0,0,100,4.5,54.4,4,3,100.0,1,0,0
LAP-12929,West Bengal,WES-1,Highway,Mixed,19.1,16,4,619,Fully Disbursed,95,Survey Complete,0,0,0,100,5.2,56.1,1,0,56.2,0,0,0
LAP-12930,Gujarat,GUJ-2,Power Transmission,Private Agricultural,116.0,9,2,1227,Partially Disbursed,12,Partial Possession,1,1,1,40,5.6,59.6,1,6,35.5,0,0,0
LAP-12931,Rajasthan,RAJ-4,Highway,Private Agricultural,18.0,50,6,875,Partially Disbursed,10,Survey Complete,0,0,1,56,6.7,71.6,3,5,21.6,1,1,26
LAP-12932,Maharashtra,MAH-5,Railway,Government,66.2,11,5,30,Fully Disbursed,96,Not Started,0,0,0,100,4.9,58.6,0,2,79.0,0,0,0
LAP-12933,Chhattisgarh,CHH-1,Highway,Private Agricultural,19.3,212,5,300,Not Started,3,Survey Complete,0,0,0,100,6.7,76.2,0,4,30.6,0,0,0
LAP-12934,Uttar Pradesh,UTT-4,Highway,Private Agricultural,4.4,195,3,172,Partially Disbursed,70,Not Started,0,0,1,82,7.2,33.7,1,4,78.5,1,0,0
LAP-12935,Telangana,TEL-2,Urban Development,Forest,44.0,11,2,591,Partially Disbursed,25,Partial Possession,1,0,1,5,8.0,29.8,3,7,71.3,1,1,174
LAP-12936,Uttar Pradesh,UTT-6,Power Transmission,Private Agricultural,21.6,58,4,912,Partially Disbursed,23,Not Started,0,0,0,100,5.8,76.5,4,7,31.6,1,0,0
LAP-12937,Rajasthan,RAJ-1,Airport,Private Agricultural,54.3,69,2,379,Fully Disbursed,99,Full Possession,1,1,1,44,4.5,57.4,5,6,48.5,0,0,0
LAP-12938,Jharkhand,JHA-4,Railway,Government,5.0,15,1,567,Partially Disbursed,60,Partial Possession,1,1,0,100,2.5,75.0,2,0,43.4,0,0,0
LAP-12939,Maharashtra,MAH-1,Airport,Private Agricultural,4.3,87,1,550,Partially Disbursed,74,Award Declared,2,1,1,72,7.2,49.2,7,3,39.5,0,0,0
LAP-12940,Haryana,HAR-5,Railway,Forest,23.3,68,2,468,Not Started,7,Partial Possession,2,1,1,6,1.0,87.8,5,3,21.6,0,1,218
LAP-12941,Gujarat,GUJ-2,Industrial Corridor,Private Agricultural,2.0,40,6,1358,Partially Disbursed,19,Not Started,0,0,1,95,6.9,68.7,1,8,47.5,0,0,0
LAP-12942,Jharkhand,JHA-2,Power Transmission,Private Agricultural,8.5,209,4,882,Partially Disbursed,13,Full Possession,0,0,1,91,6.5,78.8,4,7,40.3,0,0,0
LAP-12943,Karnataka,KAR-3,Irrigation,Private Agricultural,14.2,262,4,862,Partially Disbursed,27,Partial Possession,0,0,1,25,2.6,22.9,1,5,42.5,0,0,0
LAP-12944,Punjab,PUN-3,Industrial Corridor,Private Agricultural,16.4,43,2,857,Partially Disbursed,70,Award Declared,0,0,0,100,5.9,37.3,2,3,45.0,0,0,0
LAP-12945,Maharashtra,MAH-3,Irrigation,Private Agricultural,27.9,20,5,586,Not Started,6,Award Declared,2,0,1,89,5.6,78.6,2,6,67.1,0,1,106
LAP-12946,Madhya Pradesh,MAD-3,Highway,Private Agricultural,18.7,174,6,579,Fully Disbursed,85,Not Started,0,0,0,100,7.9,38.8,4,6,81.5,0,1,75
LAP-12947,Bihar,BIH-2,Irrigation,Tribal,66.2,35,6,1494,Not Started,9,Full Possession,2,1,0,100,7.9,60.1,1,1,57.1,0,0,0
LAP-12948,West Bengal,WES-4,Urban Development,Tribal,5.6,361,5,527,Partially Disbursed,79,Award Declared,1,1,0,100,6.4,72.8,1,3,55.9,0,0,0
LAP-12949,Gujarat,GUJ-6,Renewable Energy,Private Agricultural,49.8,128,3,1474,Not Started,8,Partial Possession,0,0,1,48,9.4,67.6,3,8,61.2,1,1,374
LAP-12950,Tamil Nadu,TAM-5,Highway,Private Agricultural,46.0,5,3,304,Partially Disbursed,69,Survey Complete,1,1,0,100,2.6,100.0,1,7,50.3,0,1,473
LAP-12951,Gujarat,GUJ-4,Urban Development,Private Agricultural,53.7,667,3,243,Fully Disbursed,86,Not Started,2,1,1,51,3.3,54.9,3,3,83.3,0,0,0
LAP-12952,Punjab,PUN-4,Urban Development,Government,36.0,383,2,39,Partially Disbursed,67,Survey Complete,1,1,0,100,5.8,45.1,1,4,45.9,0,1,129
LAP-12953,Chhattisgarh,CHH-6,Renewable Energy,Government,9.4,133,3,338,Partially Disbursed,74,Full Possession,1,1,1,83,5.7,64.8,3,0,42.8,0,0,0
LAP-12954,Jharkhand,JHA-6,Highway,Private Agricultural,88.6,2368,4,141,Not Started,4,Award Declared,1,0,0,100,8.4,85.1,0,0,48.7,1,0,0
LAP-12955,Jharkhand,JHA-5,Renewable Energy,Forest,17.1,16,4,1349,Partially Disbursed,11,Partial Possession,1,1,0,100,9.2,83.0,1,5,72.2,1,1,114
LAP-12956,Jharkhand,JHA-6,Urban Development,Private Agricultural,12.2,63,5,1486,Not Started,2,Award Declared,0,0,1,27,3.2,54.4,1,7,49.7,0,1,129
LAP-12957,West Bengal,WES-6,Urban Development,Mixed,23.5,63,1,851,Fully Disbursed,96,Partial Possession,1,1,1,33,7.0,72.7,2,1,80.8,0,0,0
LAP-12958,Jharkhand,JHA-3,Irrigation,Private Agricultural,27.8,18,4,192,Not Started,3,Partial Possession,1,0,1,33,6.7,100.0,4,8,53.6,0,1,100
LAP-12959,Gujarat,GUJ-6,Renewable Energy,Tribal,243.7,189,2,387,Partially Disbursed,53,Award Declared,1,0,1,43,7.3,64.4,4,6,92.1,0,0,0
LAP-12960,West Bengal,WES-6,Railway,Forest,30.1,240,3,244,Partially Disbursed,60,Award Declared,0,0,0,100,8.2,60.9,1,3,80.4,0,0,0
LAP-12961,Karnataka,KAR-2,Airport,Private Agricultural,25.3,90,3,847,Partially Disbursed,79,Not Started,1,1,0,100,7.9,64.5,1,1,57.8,0,0,0
LAP-12962,Punjab,PUN-6,Highway,Private Agricultural,37.3,287,3,1181,Not Started,3,Award Declared,1,1,1,15,6.2,68.2,3,1,83.1,0,1,211
LAP-12963,Punjab,PUN-5,Power Transmission,Private Agricultural,7.4,25,2,189,Partially Disbursed,39,Survey Complete,1,1,1,31,5.8,53.8,3,8,45.2,1,0,0
LAP-12964,Punjab,PUN-5,Renewable Energy,Private Agricultural,5.7,149,1,552,Not Started,7,Full Possession,3,1,1,65,4.9,32.9,2,1,75.3,0,1,31
LAP-12965,Bihar,BIH-4,Urban Development,Private Agricultural,49.2,256,4,79,Not Started,4,Partial Possession,0,0,0,100,3.1,77.8,3,3,43.9,0,0,0
LAP-12966,Bihar,BIH-4,Industrial Corridor,Private Agricultural,22.7,19,5,1445,Partially Disbursed,44,Partial Possession,0,0,1,48,5.8,56.8,1,0,95.4,1,0,0
LAP-12967,Madhya Pradesh,MAD-1,Urban Development,Tribal,3.3,22,6,583,Not Started,2,Survey Complete,0,0,0,100,8.2,49.8,1,3,78.9,0,0,0
LAP-12968,West Bengal,WES-1,Urban Development,Mixed,24.2,17,4,424,Not Started,4,Partial Possession,3,1,1,93,4.3,52.9,4,5,74.9,0,1,311
LAP-12969,Uttar Pradesh,UTT-6,Railway,Forest,115.1,62,1,624,Partially Disbursed,15,Partial Possession,2,1,0,100,4.9,58.3,0,0,74.5,1,1,176
LAP-12970,Madhya Pradesh,MAD-3,Industrial Corridor,Tribal,159.1,29,5,427,Not Started,8,Not Started,1,1,1,91,5.6,61.7,1,1,36.6,1,0,0
LAP-12971,Telangana,TEL-6,Highway,Private Agricultural,93.5,400,2,406,Not Started,5,Not Started,0,0,1,52,10.0,54.7,2,6,49.4,1,0,0
LAP-12972,Punjab,PUN-4,Industrial Corridor,Private Agricultural,7.8,152,4,1168,Not Started,6,Award Declared,0,0,1,68,5.2,100.0,4,4,14.5,0,0,0
LAP-12973,Odisha,ODI-2,Industrial Corridor,Tribal,14.3,93,4,939,Fully Disbursed,96,Not Started,0,0,0,100,6.9,65.9,3,5,89.5,1,0,0
LAP-12974,West Bengal,WES-6,Urban Development,Private Agricultural,4.6,103,1,1280,Fully Disbursed,92,Full Possession,1,0,0,100,4.1,64.9,5,2,55.1,0,0,0
LAP-12975,Chhattisgarh,CHH-2,Airport,Private Agricultural,4.4,89,4,554,Partially Disbursed,32,Partial Possession,0,0,0,100,2.7,60.1,3,7,47.6,0,0,0
LAP-12976,Telangana,TEL-6,Power Transmission,Private Agricultural,17.0,124,1,431,Partially Disbursed,47,Survey Complete,1,1,0,100,1.9,82.2,2,8,46.4,0,1,177
LAP-12977,Bihar,BIH-2,Renewable Energy,Tribal,25.1,15,4,1137,Partially Disbursed,16,Survey Complete,1,1,0,100,7.5,94.2,1,6,100.0,1,0,0
LAP-12978,Odisha,ODI-6,Urban Development,Private Agricultural,3.6,25,1,1106,Fully Disbursed,95,Full Possession,2,1,0,100,3.5,67.0,2,7,18.5,0,1,131
LAP-12979,Bihar,BIH-4,Renewable Energy,Mixed,21.3,11,3,206,Not Started,0,Partial Possession,0,0,1,45,2.3,66.6,2,5,50.9,1,0,0
LAP-12980,Rajasthan,RAJ-3,Renewable Energy,Forest,16.8,128,1,788,Not Started,9,Not Started,0,0,1,61,5.3,51.8,1,3,44.3,1,0,0
LAP-12981,Punjab,PUN-2,Renewable Energy,Private Agricultural,127.3,1785,6,361,Partially Disbursed,81,Partial Possession,1,1,1,35,4.6,97.9,2,5,25.7,0,0,0
LAP-12982,Uttar Pradesh,UTT-1,Highway,Tribal,110.1,25,3,1164,Partially Disbursed,25,Partial Possession,0,0,1,42,7.0,86.0,2,8,12.7,0,0,0
LAP-12983,Tamil Nadu,TAM-1,Highway,Tribal,419.0,87,5,349,Not Started,3,Award Declared,1,1,0,100,7.0,31.9,2,1,26.4,0,1,294
LAP-12984,Telangana,TEL-1,Airport,Tribal,48.1,540,3,427,Partially Disbursed,21,Award Declared,0,0,0,100,5.7,52.4,4,2,56.5,0,0,0
LAP-12985,Telangana,TEL-2,Industrial Corridor,Private Agricultural,3.0,400,5,176,Fully Disbursed,96,Partial Possession,0,0,0,100,5.6,37.0,2,8,69.3,1,1,322
LAP-12986,Odisha,ODI-2,Urban Development,Government,47.9,204,3,562,Not Started,1,Survey Complete,0,0,0,100,2.7,67.5,3,3,43.7,0,0,0
LAP-12987,Punjab,PUN-6,Industrial Corridor,Private Agricultural,10.0,39,3,901,Fully Disbursed,92,Full Possession,0,0,0,100,7.1,54.6,1,7,70.0,1,1,88
LAP-12988,Odisha,ODI-4,Urban Development,Mixed,11.1,9,1,1402,Partially Disbursed,82,Award Declared,0,0,0,100,6.2,49.1,2,2,82.5,1,0,0
LAP-12989,Maharashtra,MAH-6,Irrigation,Forest,9.3,37,1,1256,Not Started,8,Partial Possession,3,1,0,100,1.0,61.3,2,5,73.4,1,1,367
LAP-12990,Gujarat,GUJ-6,Industrial Corridor,Tribal,63.9,21,3,1344,Not Started,6,Partial Possession,1,1,0,100,3.7,50.9,4,4,40.5,0,1,276
LAP-12991,Tamil Nadu,TAM-4,Power Transmission,Mixed,38.2,26,3,684,Fully Disbursed,89,Partial Possession,1,1,0,100,8.4,62.5,4,7,46.0,0,0,0
LAP-12992,West Bengal,WES-2,Highway,Tribal,15.7,48,4,244,Not Started,4,Survey Complete,1,0,0,100,5.3,51.5,2,3,33.9,1,0,0
LAP-12993,Karnataka,KAR-5,Urban Development,Private Agricultural,25.0,74,1,124,Not Started,4,Partial Possession,0,0,1,84,4.2,67.0,3,5,44.0,0,0,0
LAP-12994,Punjab,PUN-3,Railway,Tribal,50.1,60,6,175,Partially Disbursed,52,Award Declared,1,1,0,100,4.1,58.3,1,6,56.4,0,0,0
LAP-12995,Bihar,BIH-1,Railway,Government,21.3,11,3,848,Fully Disbursed,89,Partial Possession,0,0,0,100,7.1,37.0,3,1,69.2,0,0,0
LAP-12996,Gujarat,GUJ-3,Railway,Private Agricultural,39.0,9,5,370,Not Started,9,Survey Complete,3,1,0,100,10.0,26.7,4,5,28.2,1,1,62
LAP-12997,Gujarat,GUJ-6,Power Transmission,Private Agricultural,43.6,251,3,846,Fully Disbursed,98,Partial Possession,0,0,1,37,8.0,83.6,1,8,37.3,1,1,88
LAP-12998,Odisha,ODI-4,Airport,Private Agricultural,3.8,313,3,1058,Partially Disbursed,27,Not Started,1,0,1,88,5.6,38.9,0,8,66.9,0,0,0
LAP-12999,Tamil Nadu,TAM-1,Highway,Private Agricultural,45.7,102,3,1357,Fully Disbursed,91,Partial Possession,0,0,0,100,9.8,56.8,2,8,68.1,0,0,0
LAP-13000,Madhya Pradesh,MAD-6,Railway,Tribal,8.1,6,3,111,Partially Disbursed,70,Survey Complete,0,0,0,100,5.9,5.0,2,5,61.3,0,0,0
LAP-13001,Jharkhand,JHA-6,Highway,Private Agricultural,79.5,41,5,109,Partially Disbursed,50,Partial Possession,0,0,1,11,6.3,70.9,2,0,83.2,0,0,0
LAP-13002,Bihar,BIH-5,Irrigation,Private Agricultural,114.8,61,4,315,Partially Disbursed,30,Survey Complete,0,0,0,100,7.8,48.9,4,4,39.1,0,0,0
LAP-13003,Uttar Pradesh,UTT-3,Industrial Corridor,Private Agricultural,11.8,17,3,1238,Partially Disbursed,61,Award Declared,0,0,1,95,7.5,61.7,2,0,8.1,0,0,0
LAP-13004,Haryana,HAR-4,Highway,Private Agricultural,41.6,170,3,1172,Partially Disbursed,31,Survey Complete,1,1,0,100,8.3,63.7,3,4,51.0,0,0,0
LAP-13005,Punjab,PUN-3,Power Transmission,Government,5.7,17,4,1093,Partially Disbursed,18,Partial Possession,1,0,1,21,2.2,54.2,0,5,48.9,0,0,0
LAP-13006,Uttar Pradesh,UTT-1,Irrigation,Private Agricultural,16.2,61,3,349,Not Started,8,Not Started,0,0,1,78,6.9,49.0,3,8,19.5,0,0,0
LAP-13007,Rajasthan,RAJ-4,Renewable Energy,Private Agricultural,118.6,24,6,510,Fully Disbursed,98,Full Possession,1,1,1,70,3.8,66.9,1,8,79.9,1,0,0
LAP-13008,Punjab,PUN-2,Highway,Government,7.4,713,1,586,Fully Disbursed,94,Full Possession,0,0,0,100,2.7,80.9,3,8,29.6,1,1,249
LAP-13009,Maharashtra,MAH-3,Urban Development,Private Agricultural,4.0,61,5,1109,Fully Disbursed,90,Partial Possession,0,0,1,43,4.4,41.6,0,4,45.2,0,0,0
LAP-13010,Haryana,HAR-3,Highway,Private Agricultural,23.6,37,6,975,Not Started,8,Not Started,3,1,1,80,6.1,84.5,3,7,100.0,0,1,113
LAP-13011,Odisha,ODI-5,Railway,Government,9.0,23,4,203,Partially Disbursed,24,Award Declared,0,0,0,100,4.0,78.3,5,5,46.0,1,0,0
LAP-13012,Rajasthan,RAJ-4,Irrigation,Tribal,71.1,38,1,338,Partially Disbursed,82,Partial Possession,1,1,0,100,6.5,16.6,1,2,100.0,1,0,0
LAP-13013,Punjab,PUN-3,Airport,Forest,19.8,48,6,567,Fully Disbursed,88,Not Started,3,1,0,100,5.5,81.9,1,2,47.8,0,1,27
LAP-13014,Haryana,HAR-6,Renewable Energy,Mixed,10.6,74,5,930,Partially Disbursed,73,Full Possession,2,1,0,100,6.3,82.7,1,7,41.6,0,1,105
LAP-13015,Chhattisgarh,CHH-4,Highway,Private Agricultural,86.3,27,6,322,Not Started,5,Not Started,2,0,1,40,7.9,92.4,2,4,56.8,0,0,0
LAP-13016,Maharashtra,MAH-2,Industrial Corridor,Forest,14.2,207,2,402,Not Started,5,Award Declared,2,1,0,100,5.0,84.1,3,2,45.7,1,0,0
LAP-13017,Punjab,PUN-2,Highway,Private Agricultural,32.9,18,4,640,Not Started,4,Not Started,0,0,0,100,1.0,59.4,3,5,19.8,0,0,0
LAP-13018,Madhya Pradesh,MAD-1,Industrial Corridor,Private Agricultural,19.7,87,6,1390,Fully Disbursed,90,Award Declared,0,0,1,61,8.7,67.8,3,8,61.7,0,0,0
LAP-13019,Odisha,ODI-1,Irrigation,Private Agricultural,21.6,115,5,201,Not Started,6,Partial Possession,0,0,1,15,6.3,86.8,4,4,40.6,0,1,381
LAP-13020,Maharashtra,MAH-1,Irrigation,Mixed,19.0,41,3,769,Fully Disbursed,86,Survey Complete,1,1,0,100,4.8,30.0,5,8,20.7,0,0,0
LAP-13021,Punjab,PUN-3,Irrigation,Private Agricultural,4.8,110,4,250,Fully Disbursed,87,Survey Complete,2,1,1,63,4.9,63.4,6,2,79.0,0,1,26
LAP-13022,Karnataka,KAR-2,Airport,Private Agricultural,67.3,43,4,874,Not Started,3,Not Started,1,1,0,100,7.2,68.9,2,1,26.3,0,0,0
LAP-13023,Uttar Pradesh,UTT-4,Power Transmission,Forest,8.3,141,6,1090,Not Started,4,Survey Complete,0,0,0,100,8.2,69.8,2,1,24.0,1,0,0
LAP-13024,Uttar Pradesh,UTT-5,Airport,Private Agricultural,1.5,57,1,249,Not Started,3,Full Possession,0,0,0,100,5.6,48.1,2,6,56.3,0,0,0
LAP-13025,Karnataka,KAR-4,Industrial Corridor,Mixed,28.4,147,2,1221,Partially Disbursed,59,Award Declared,0,0,0,100,4.5,63.0,1,1,30.5,0,0,0
LAP-13026,Uttar Pradesh,UTT-2,Urban Development,Private Agricultural,241.3,203,3,1098,Partially Disbursed,72,Award Declared,2,1,1,84,4.9,46.9,2,2,21.4,1,0,0
LAP-13027,Odisha,ODI-5,Highway,Tribal,16.9,92,2,1486,Fully Disbursed,97,Partial Possession,1,1,0,100,5.4,32.5,2,6,76.8,1,1,80
LAP-13028,Karnataka,KAR-3,Airport,Private Agricultural,11.9,31,1,250,Partially Disbursed,43,Survey Complete,0,0,0,100,5.4,31.6,0,8,24.1,0,0,0
LAP-13029,Maharashtra,MAH-2,Power Transmission,Forest,11.1,68,3,24,Partially Disbursed,75,Not Started,2,0,1,93,6.1,88.0,4,5,68.9,0,0,0
LAP-13030,Chhattisgarh,CHH-2,Highway,Forest,3.3,51,6,1432,Partially Disbursed,14,Partial Possession,0,0,0,100,1.1,28.3,1,8,77.6,0,1,64
LAP-13031,Haryana,HAR-5,Industrial Corridor,Tribal,35.3,11,5,962,Not Started,5,Award Declared,1,1,0,100,9.5,68.7,2,3,63.0,0,0,0
LAP-13032,Gujarat,GUJ-4,Highway,Private Agricultural,32.5,124,6,1496,Not Started,6,Not Started,0,0,1,55,6.1,75.6,1,6,66.9,1,0,0
LAP-13033,West Bengal,WES-5,Railway,Government,98.6,97,5,147,Not Started,5,Partial Possession,3,0,1,62,6.4,59.4,3,0,52.2,0,0,0
LAP-13034,Jharkhand,JHA-6,Urban Development,Mixed,57.6,28,2,238,Not Started,4,Award Declared,0,0,0,100,5.8,77.8,5,4,48.2,0,0,0
LAP-13035,Rajasthan,RAJ-5,Highway,Tribal,105.6,79,6,1438,Partially Disbursed,42,Not Started,2,1,1,68,5.8,60.2,3,8,64.4,1,0,0
LAP-13036,Uttar Pradesh,UTT-1,Railway,Private Agricultural,19.9,24,4,1472,Partially Disbursed,54,Not Started,3,1,0,100,7.9,42.3,1,7,88.7,0,0,0
LAP-13037,Haryana,HAR-4,Renewable Energy,Private Agricultural,45.1,8,4,890,Partially Disbursed,79,Not Started,0,0,0,100,6.1,61.4,2,4,100.0,0,0,0
LAP-13038,Chhattisgarh,CHH-4,Urban Development,Tribal,31.4,190,4,657,Not Started,3,Not Started,4,1,1,76,8.0,67.7,1,4,79.4,0,0,0
LAP-13039,Maharashtra,MAH-2,Industrial Corridor,Mixed,8.3,339,3,1302,Not Started,8,Survey Complete,1,1,0,100,6.8,33.5,4,8,25.2,1,0,0
LAP-13040,Karnataka,KAR-1,Highway,Private Agricultural,90.3,101,6,429,Fully Disbursed,87,Partial Possession,0,0,1,94,8.7,60.0,3,7,76.9,1,0,0
LAP-13041,Gujarat,GUJ-6,Renewable Energy,Private Agricultural,21.8,42,4,511,Partially Disbursed,12,Full Possession,0,0,1,62,4.0,34.2,0,5,18.2,1,1,299
LAP-13042,Gujarat,GUJ-1,Irrigation,Government,21.0,110,5,358,Fully Disbursed,98,Full Possession,1,0,0,100,4.9,69.7,3,3,76.6,0,0,0
LAP-13043,Maharashtra,MAH-5,Urban Development,Private Agricultural,3.7,41,6,920,Not Started,3,Partial Possession,0,0,0,100,5.4,37.2,3,4,24.1,0,1,139
LAP-13044,Bihar,BIH-5,Power Transmission,Private Agricultural,29.1,51,3,280,Partially Disbursed,33,Award Declared,0,0,1,86,3.8,63.2,2,2,73.1,0,0,0
LAP-13045,Madhya Pradesh,MAD-3,Railway,Private Agricultural,61.1,466,3,1285,Not Started,7,Partial Possession,0,0,1,91,8.5,69.5,2,1,40.6,1,0,0
LAP-13046,Odisha,ODI-1,Renewable Energy,Private Agricultural,54.6,12,6,964,Partially Disbursed,45,Not Started,1,1,0,100,4.8,51.5,0,5,18.6,0,0,0
LAP-13047,West Bengal,WES-6,Irrigation,Private Agricultural,38.5,6,4,1400,Fully Disbursed,98,Partial Possession,1,0,0,100,5.9,65.9,0,8,53.1,0,0,0
LAP-13048,West Bengal,WES-4,Industrial Corridor,Government,3.9,429,5,526,Not Started,7,Full Possession,1,0,0,100,8.6,92.1,1,1,74.4,0,0,0
LAP-13049,Telangana,TEL-1,Irrigation,Forest,7.2,332,4,71,Partially Disbursed,55,Award Declared,2,1,0,100,6.6,68.7,2,1,68.6,1,0,0
LAP-13050,Gujarat,GUJ-2,Industrial Corridor,Private Agricultural,50.9,319,3,786,Not Started,6,Full Possession,3,1,1,52,6.2,82.4,1,7,75.9,1,1,208
LAP-13051,Chhattisgarh,CHH-2,Railway,Mixed,5.9,32,6,802,Not Started,9,Survey Complete,0,0,1,86,6.5,55.6,1,4,46.5,0,0,0
LAP-13052,Odisha,ODI-3,Highway,Private Agricultural,104.9,300,5,485,Not Started,2,Award Declared,0,0,1,48,5.9,48.6,1,0,47.5,0,0,0
LAP-13053,Uttar Pradesh,UTT-6,Railway,Private Agricultural,23.0,188,4,198,Not Started,7,Survey Complete,0,0,0,100,8.0,59.0,1,3,47.8,0,0,0
LAP-13054,Karnataka,KAR-5,Urban Development,Private Agricultural,43.9,179,4,133,Partially Disbursed,17,Full Possession,1,1,1,0,5.3,43.8,3,6,72.8,0,0,0
LAP-13055,West Bengal,WES-4,Power Transmission,Private Agricultural,2.7,395,3,88,Partially Disbursed,53,Award Declared,1,1,0,100,9.6,45.6,2,6,55.9,0,0,0
LAP-13056,West Bengal,WES-2,Renewable Energy,Private Agricultural,45.8,89,5,791,Not Started,1,Award Declared,1,1,0,100,4.9,70.3,3,5,24.9,1,1,219
LAP-13057,Odisha,ODI-4,Highway,Private Agricultural,11.7,144,4,716,Fully Disbursed,87,Not Started,1,0,1,47,5.5,16.2,2,2,3.0,0,0,0
LAP-13058,Odisha,ODI-4,Urban Development,Private Agricultural,17.4,30,3,207,Fully Disbursed,87,Not Started,2,1,1,71,6.6,57.3,4,1,70.8,0,0,0
LAP-13059,Maharashtra,MAH-3,Highway,Mixed,29.4,68,5,448,Partially Disbursed,60,Not Started,1,1,0,100,7.5,59.2,1,7,84.0,1,0,0
LAP-13060,Gujarat,GUJ-1,Highway,Private Agricultural,50.9,23,1,89,Fully Disbursed,93,Not Started,1,0,0,100,2.0,50.3,1,5,71.8,1,0,0
LAP-13061,Haryana,HAR-1,Irrigation,Forest,220.2,12,6,242,Not Started,1,Survey Complete,1,1,1,51,4.5,33.8,1,7,41.9,0,1,12
LAP-13062,Gujarat,GUJ-3,Airport,Private Agricultural,251.4,107,2,1106,Not Started,4,Partial Possession,1,0,1,34,3.2,54.4,2,3,66.3,0,0,0
LAP-13063,Jharkhand,JHA-5,Renewable Energy,Tribal,71.2,134,5,332,Not Started,9,Award Declared,1,0,1,11,1.4,62.5,0,2,84.4,0,0,0
LAP-13064,Odisha,ODI-3,Industrial Corridor,Private Agricultural,18.2,209,5,326,Partially Disbursed,79,Not Started,0,0,1,65,8.3,64.9,3,1,67.7,0,0,0
LAP-13065,Gujarat,GUJ-2,Industrial Corridor,Forest,89.1,29,5,1133,Not Started,5,Partial Possession,0,0,1,97,5.8,72.9,3,2,36.8,1,0,0
LAP-13066,Punjab,PUN-3,Industrial Corridor,Private Agricultural,67.8,107,2,231,Partially Disbursed,72,Full Possession,0,0,1,42,7.0,32.2,2,3,35.2,0,0,0
LAP-13067,Karnataka,KAR-5,Railway,Private Agricultural,6.3,19,3,204,Partially Disbursed,27,Survey Complete,0,0,1,5,5.1,53.6,2,7,45.7,0,0,0
LAP-13068,Tamil Nadu,TAM-6,Irrigation,Private Agricultural,2.1,133,4,434,Partially Disbursed,38,Award Declared,1,0,1,18,6.6,41.9,1,2,69.8,0,0,0
LAP-13069,Rajasthan,RAJ-3,Railway,Tribal,40.7,51,4,1287,Not Started,6,Not Started,1,0,0,100,5.7,9.9,0,8,39.1,0,1,124
LAP-13070,Karnataka,KAR-5,Railway,Private Agricultural,65.3,74,5,596,Partially Disbursed,60,Award Declared,0,0,0,100,3.2,72.3,2,6,36.0,0,0,0
LAP-13071,Karnataka,KAR-3,Urban Development,Forest,4.2,30,1,838,Partially Disbursed,33,Survey Complete,1,1,0,100,5.9,78.2,1,0,17.0,0,1,127
LAP-13072,Gujarat,GUJ-2,Highway,Private Agricultural,11.5,135,6,173,Not Started,2,Award Declared,0,0,0,100,5.3,30.5,3,7,32.3,0,0,0
LAP-13073,Jharkhand,JHA-2,Airport,Tribal,11.5,87,2,828,Partially Disbursed,78,Partial Possession,6,1,0,100,6.0,47.8,9,8,79.0,1,1,79
LAP-13074,West Bengal,WES-6,Power Transmission,Forest,80.5,22,4,244,Fully Disbursed,90,Full Possession,0,0,0,100,9.9,79.3,2,6,86.6,0,0,0
LAP-13075,Jharkhand,JHA-2,Highway,Forest,18.3,17,2,942,Partially Disbursed,56,Partial Possession,2,1,0,100,5.5,52.6,5,3,91.1,0,1,109
LAP-13076,Jharkhand,JHA-1,Railway,Private Agricultural,33.9,14,1,1464,Not Started,5,Full Possession,0,0,0,100,5.7,37.7,1,1,75.2,0,0,0
LAP-13077,Jharkhand,JHA-6,Power Transmission,Private Agricultural,93.7,25,6,906,Partially Disbursed,17,Partial Possession,1,0,0,100,4.1,87.8,0,4,53.9,0,0,0
LAP-13078,Telangana,TEL-5,Power Transmission,Mixed,18.3,30,2,895,Partially Disbursed,35,Survey Complete,1,1,0,100,5.3,73.2,1,8,49.0,0,1,125
LAP-13079,Maharashtra,MAH-2,Highway,Mixed,6.2,38,3,544,Not Started,3,Survey Complete,0,0,0,100,5.5,51.3,2,3,60.0,0,0,0
LAP-13080,Punjab,PUN-4,Renewable Energy,Forest,76.3,181,2,1409,Partially Disbursed,30,Full Possession,2,1,1,53,3.7,26.7,3,5,32.9,0,0,0
LAP-13081,Bihar,BIH-1,Highway,Private Agricultural,2.8,8,6,692,Partially Disbursed,67,Award Declared,2,1,1,27,7.9,6.4,3,7,52.8,1,1,75
LAP-13082,Rajasthan,RAJ-1,Renewable Energy,Tribal,6.0,19,5,1298,Fully Disbursed,99,Partial Possession,2,0,1,86,5.3,44.4,2,3,48.6,1,1,412
LAP-13083,Bihar,BIH-4,Highway,Forest,19.9,402,6,750,Fully Disbursed,86,Not Started,2,1,0,100,7.3,34.3,2,7,21.2,0,1,163
LAP-13084,Bihar,BIH-2,Irrigation,Private Agricultural,9.9,66,4,93,Partially Disbursed,56,Partial Possession,0,0,1,28,3.3,27.1,1,5,25.6,0,0,0
LAP-13085,Rajasthan,RAJ-2,Industrial Corridor,Mixed,5.6,46,3,591,Partially Disbursed,58,Survey Complete,0,0,1,98,3.4,71.5,4,8,66.4,0,0,0
LAP-13086,Telangana,TEL-3,Industrial Corridor,Government,2.7,16,2,863,Fully Disbursed,98,Award Declared,0,0,0,100,4.0,27.7,0,2,23.3,0,0,0
LAP-13087,Odisha,ODI-1,Industrial Corridor,Government,6.8,8,2,684,Fully Disbursed,93,Award Declared,1,1,1,37,3.7,47.0,1,0,62.9,0,1,271
LAP-13088,Bihar,BIH-5,Irrigation,Private Agricultural,37.5,17,1,1121,Partially Disbursed,70,Full Possession,0,0,0,100,7.2,83.5,5,2,50.1,0,0,0
LAP-13089,Haryana,HAR-6,Urban Development,Forest,37.8,28,5,593,Fully Disbursed,86,Not Started,0,0,0,100,6.3,71.6,2,7,45.2,0,1,237
LAP-13090,Odisha,ODI-3,Railway,Private Agricultural,18.1,238,1,444,Partially Disbursed,26,Partial Possession,0,0,1,86,3.2,74.2,3,1,64.0,0,0,0
LAP-13091,Haryana,HAR-4,Power Transmission,Tribal,4.5,894,2,794,Partially Disbursed,31,Award Declared,3,1,1,63,5.2,72.9,1,2,90.6,0,1,102
LAP-13092,Maharashtra,MAH-1,Highway,Private Agricultural,64.9,31,2,191,Partially Disbursed,61,Survey Complete,0,0,1,7,4.6,65.6,1,2,37.2,0,0,0
LAP-13093,Uttar Pradesh,UTT-2,Highway,Government,53.6,101,4,402,Not Started,5,Partial Possession,0,0,0,100,9.1,92.8,3,5,81.2,0,0,0
LAP-13094,Telangana,TEL-6,Renewable Energy,Tribal,1.3,209,1,1079,Partially Disbursed,39,Partial Possession,1,1,0,100,6.2,64.3,1,0,33.1,0,0,0
LAP-13095,Madhya Pradesh,MAD-3,Industrial Corridor,Private Agricultural,31.2,29,2,1282,Partially Disbursed,69,Full Possession,1,1,1,80,5.0,75.2,0,8,43.7,0,0,0
LAP-13096,Gujarat,GUJ-1,Industrial Corridor,Private Agricultural,20.8,227,5,658,Not Started,6,Award Declared,1,1,1,81,6.3,61.6,2,7,31.7,0,1,126
LAP-13097,Punjab,PUN-4,Industrial Corridor,Forest,64.6,111,4,1413,Not Started,2,Full Possession,0,0,0,100,7.2,77.4,3,5,33.7,1,0,0
LAP-13098,Odisha,ODI-3,Airport,Tribal,42.2,188,2,630,Partially Disbursed,11,Partial Possession,2,1,1,89,3.6,53.1,2,2,33.6,0,0,0
LAP-13099,Tamil Nadu,TAM-6,Railway,Private Agricultural,13.6,152,3,779,Not Started,8,Award Declared,1,0,1,77,10.0,77.3,2,4,57.6,1,0,0
LAP-13100,Odisha,ODI-6,Railway,Government,25.7,724,1,253,Fully Disbursed,98,Full Possession,1,0,1,67,6.2,89.4,3,5,61.7,0,0,0
LAP-13101,Madhya Pradesh,MAD-2,Railway,Private Agricultural,188.6,29,1,1288,Fully Disbursed,88,Partial Possession,1,1,1,52,8.7,44.5,3,3,39.3,1,0,0
LAP-13102,Madhya Pradesh,MAD-1,Power Transmission,Government,69.5,59,5,1292,Fully Disbursed,97,Survey Complete,1,1,0,100,1.4,94.5,1,5,75.3,0,0,0
LAP-13103,Tamil Nadu,TAM-3,Irrigation,Private Agricultural,12.8,30,3,629,Partially Disbursed,23,Partial Possession,2,1,1,100,6.2,100.0,2,2,34.4,0,1,94
LAP-13104,Maharashtra,MAH-5,Urban Development,Forest,34.5,166,2,964,Partially Disbursed,18,Full Possession,1,0,0,100,4.6,77.0,1,1,88.5,1,0,0
LAP-13105,Tamil Nadu,TAM-2,Irrigation,Private Agricultural,10.2,38,5,486,Partially Disbursed,45,Partial Possession,3,1,1,52,7.2,100.0,2,6,25.4,1,1,158
LAP-13106,Uttar Pradesh,UTT-4,Urban Development,Forest,36.1,97,6,397,Not Started,7,Survey Complete,3,1,1,25,9.7,53.8,0,1,100.0,0,0,0
LAP-13107,Maharashtra,MAH-6,Renewable Energy,Forest,63.2,14,4,209,Fully Disbursed,99,Not Started,2,0,0,100,6.0,40.7,2,7,45.0,0,0,0
LAP-13108,Punjab,PUN-2,Urban Development,Government,11.1,225,3,751,Fully Disbursed,100,Not Started,3,1,1,4,7.3,90.0,3,0,8.5,0,0,0
LAP-13109,Punjab,PUN-5,Irrigation,Mixed,45.6,512,6,179,Partially Disbursed,68,Award Declared,0,0,1,48,2.6,75.0,3,7,53.7,1,0,0
LAP-13110,Karnataka,KAR-3,Highway,Forest,40.3,34,4,829,Partially Disbursed,47,Survey Complete,1,1,0,100,5.5,73.2,1,4,81.6,0,0,0
LAP-13111,Uttar Pradesh,UTT-2,Irrigation,Private Agricultural,39.0,1,1,687,Partially Disbursed,81,Survey Complete,1,1,0,100,5.7,67.1,3,2,62.2,1,0,0
LAP-13112,Haryana,HAR-5,Industrial Corridor,Private Agricultural,45.7,6,3,904,Not Started,2,Partial Possession,0,0,0,100,5.6,17.7,2,6,36.6,0,0,0
LAP-13113,Gujarat,GUJ-5,Railway,Forest,28.8,104,4,854,Partially Disbursed,70,Not Started,1,0,0,100,5.9,65.4,5,8,52.4,0,1,108
LAP-13114,Karnataka,KAR-4,Power Transmission,Private Agricultural,13.5,41,5,1492,Not Started,7,Award Declared,1,1,1,74,2.5,92.0,3,8,49.4,1,0,0
LAP-13115,Odisha,ODI-2,Power Transmission,Government,105.4,446,6,824,Fully Disbursed,88,Partial Possession,0,0,0,100,4.0,56.3,2,7,60.8,0,0,0
LAP-13116,West Bengal,WES-6,Power Transmission,Tribal,19.6,139,4,350,Partially Disbursed,53,Partial Possession,3,1,1,24,2.7,42.4,4,3,0.0,0,1,179
LAP-13117,West Bengal,WES-3,Irrigation,Mixed,104.6,89,6,1175,Not Started,9,Partial Possession,1,0,0,100,7.0,55.7,3,6,27.8,1,0,0
LAP-13118,Madhya Pradesh,MAD-3,Renewable Energy,Forest,29.1,22,1,912,Fully Disbursed,93,Partial Possession,1,1,0,100,5.1,100.0,0,7,32.1,1,0,0
LAP-13119,Tamil Nadu,TAM-4,Irrigation,Private Agricultural,14.4,65,6,308,Fully Disbursed,92,Partial Possession,1,0,0,100,5.2,28.0,1,0,48.6,0,0,0
LAP-13120,Bihar,BIH-1,Highway,Government,26.1,73,5,771,Not Started,2,Survey Complete,1,1,1,3,7.2,84.4,3,7,40.3,0,1,320
LAP-13121,Punjab,PUN-1,Railway,Mixed,56.4,15,5,1010,Fully Disbursed,88,Award Declared,2,0,0,100,6.2,44.8,2,5,25.7,0,0,0
LAP-13122,Chhattisgarh,CHH-3,Renewable Energy,Private Agricultural,29.9,36,4,1217,Partially Disbursed,13,Survey Complete,0,0,1,35,6.5,72.2,2,2,69.2,0,0,0
LAP-13123,West Bengal,WES-2,Industrial Corridor,Forest,44.9,59,2,872,Partially Disbursed,46,Survey Complete,2,1,0,100,5.4,52.9,1,2,20.9,1,1,46
LAP-13124,West Bengal,WES-3,Urban Development,Private Agricultural,37.8,75,6,128,Partially Disbursed,71,Award Declared,0,0,0,100,8.3,62.8,1,4,37.2,1,0,0
LAP-13125,Karnataka,KAR-6,Industrial Corridor,Forest,102.1,53,5,1413,Partially Disbursed,61,Not Started,0,0,1,66,6.0,100.0,0,2,45.7,0,0,0
LAP-13126,Haryana,HAR-1,Highway,Private Agricultural,37.8,196,2,844,Fully Disbursed,96,Not Started,0,0,0,100,2.2,59.3,1,8,71.6,0,0,0
LAP-13127,Karnataka,KAR-2,Urban Development,Private Agricultural,752.5,293,2,55,Partially Disbursed,41,Not Started,2,1,1,74,4.7,54.0,3,8,57.5,0,1,62
LAP-13128,Chhattisgarh,CHH-4,Industrial Corridor,Tribal,19.1,37,2,862,Not Started,2,Partial Possession,3,1,1,22,5.1,68.4,1,4,89.8,0,1,166
LAP-13129,Chhattisgarh,CHH-1,Industrial Corridor,Private Agricultural,20.8,6,6,667,Not Started,3,Not Started,1,1,0,100,7.6,100.0,5,2,86.9,1,1,219
LAP-13130,Maharashtra,MAH-3,Irrigation,Private Agricultural,115.6,121,1,1384,Fully Disbursed,86,Partial Possession,0,0,1,4,3.5,56.6,1,1,0.0,0,0,0
LAP-13131,Punjab,PUN-2,Power Transmission,Tribal,7.9,87,4,1304,Not Started,9,Award Declared,1,1,1,56,8.9,46.2,1,7,40.8,1,0,0
LAP-13132,Karnataka,KAR-6,Industrial Corridor,Private Agricultural,61.7,31,2,468,Partially Disbursed,79,Survey Complete,1,1,1,22,7.5,100.0,2,2,39.7,1,0,0
LAP-13133,Gujarat,GUJ-2,Irrigation,Private Agricultural,43.1,131,4,291,Partially Disbursed,62,Partial Possession,0,0,0,100,6.5,73.9,4,0,35.6,0,0,0
LAP-13134,Chhattisgarh,CHH-5,Highway,Private Agricultural,59.0,287,5,1393,Partially Disbursed,30,Not Started,1,0,0,100,4.9,48.9,2,6,52.7,0,0,0
LAP-13135,Bihar,BIH-2,Power Transmission,Private Agricultural,95.9,6,4,943,Not Started,7,Survey Complete,1,1,0,100,6.4,79.7,1,5,36.3,0,0,0
LAP-13136,Maharashtra,MAH-3,Power Transmission,Government,11.1,11,1,721,Partially Disbursed,74,Survey Complete,0,0,1,78,7.9,52.5,0,6,82.6,0,0,0
LAP-13137,Bihar,BIH-1,Irrigation,Tribal,2.1,45,1,461,Partially Disbursed,51,Not Started,0,0,1,52,6.2,24.3,1,8,92.1,0,0,0
LAP-13138,Odisha,ODI-3,Urban Development,Tribal,124.4,35,1,623,Partially Disbursed,47,Survey Complete,4,0,1,68,3.4,92.9,3,0,65.1,0,1,73
LAP-13139,Bihar,BIH-4,Industrial Corridor,Mixed,53.3,59,6,1314,Not Started,7,Partial Possession,1,1,1,87,9.4,46.6,5,0,100.0,0,0,0
LAP-13140,Karnataka,KAR-3,Airport,Private Agricultural,15.0,69,1,1253,Partially Disbursed,47,Not Started,0,0,0,100,8.2,50.4,3,5,0.9,0,0,0
LAP-13141,Telangana,TEL-2,Railway,Private Agricultural,87.1,81,5,522,Partially Disbursed,21,Not Started,0,0,1,81,9.4,48.6,3,4,71.5,1,0,0
LAP-13142,Telangana,TEL-1,Power Transmission,Private Agricultural,4.7,19,4,836,Partially Disbursed,16,Partial Possession,1,0,1,20,4.9,46.5,5,1,5.2,1,0,0
LAP-13143,Punjab,PUN-5,Renewable Energy,Tribal,64.8,27,4,1235,Partially Disbursed,28,Survey Complete,1,1,1,75,6.9,59.1,3,0,60.2,0,0,0
LAP-13144,West Bengal,WES-3,Power Transmission,Private Agricultural,15.2,25,1,918,Partially Disbursed,12,Not Started,0,0,1,79,5.9,57.6,0,3,48.6,0,0,0
LAP-13145,Telangana,TEL-5,Highway,Private Agricultural,65.7,205,5,695,Partially Disbursed,68,Award Declared,0,0,0,100,9.6,50.7,4,3,38.8,0,0,0
LAP-13146,Madhya Pradesh,MAD-4,Railway,Forest,25.4,29,1,641,Fully Disbursed,88,Not Started,1,0,1,100,7.8,74.5,3,5,61.5,0,1,138
LAP-13147,Maharashtra,MAH-4,Irrigation,Forest,12.0,25,1,125,Not Started,7,Award Declared,0,0,0,100,7.7,92.8,1,5,43.6,1,0,0
LAP-13148,Karnataka,KAR-2,Highway,Forest,21.6,1319,4,46,Fully Disbursed,94,Partial Possession,1,1,0,100,8.8,69.5,3,1,51.1,0,0,0
LAP-13149,Karnataka,KAR-3,Power Transmission,Private Agricultural,319.5,552,6,216,Partially Disbursed,40,Not Started,1,1,1,59,5.8,32.7,2,6,33.2,0,1,38
LAP-13150,Chhattisgarh,CHH-4,Airport,Government,77.3,13,1,286,Partially Disbursed,10,Award Declared,1,0,0,100,7.1,27.6,0,7,69.3,0,0,0
LAP-13151,Haryana,HAR-4,Highway,Private Agricultural,122.8,150,6,190,Fully Disbursed,88,Full Possession,2,1,1,20,6.7,64.5,2,0,56.5,0,0,0
LAP-13152,Rajasthan,RAJ-5,Highway,Government,25.6,76,6,1023,Not Started,2,Survey Complete,2,1,0,100,6.5,44.1,4,3,33.4,0,1,91
LAP-13153,Uttar Pradesh,UTT-2,Power Transmission,Tribal,53.9,94,4,118,Not Started,3,Survey Complete,0,0,1,28,6.4,73.3,1,6,95.2,1,0,0
LAP-13154,Odisha,ODI-2,Airport,Tribal,44.6,186,1,390,Not Started,2,Partial Possession,0,0,1,62,8.6,77.7,2,4,21.5,0,0,0
LAP-13155,West Bengal,WES-6,Airport,Private Agricultural,18.1,3,6,536,Partially Disbursed,23,Not Started,1,1,0,100,9.0,84.4,5,4,74.0,1,1,132
LAP-13156,Karnataka,KAR-2,Urban Development,Mixed,30.7,7,5,632,Not Started,9,Partial Possession,0,0,0,100,6.4,53.7,1,5,11.1,1,1,45
LAP-13157,Haryana,HAR-5,Irrigation,Mixed,132.7,117,6,365,Not Started,4,Award Declared,2,0,1,39,7.7,48.1,4,2,100.0,0,0,0
LAP-13158,Gujarat,GUJ-3,Urban Development,Government,34.6,25,2,399,Fully Disbursed,91,Award Declared,1,0,0,100,7.0,80.8,0,8,91.0,0,0,0
LAP-13159,Maharashtra,MAH-6,Highway,Private Agricultural,12.3,110,6,948,Fully Disbursed,87,Survey Complete,1,1,0,100,6.2,74.2,3,6,96.2,1,0,0
LAP-13160,Maharashtra,MAH-5,Power Transmission,Private Agricultural,10.2,18,1,120,Not Started,4,Survey Complete,1,1,1,50,8.2,54.8,4,7,60.5,0,1,131
LAP-13161,Tamil Nadu,TAM-4,Irrigation,Tribal,60.9,512,6,676,Fully Disbursed,94,Partial Possession,0,0,1,61,3.9,53.9,3,3,25.5,0,1,235
LAP-13162,Odisha,ODI-2,Highway,Government,24.7,24,6,715,Partially Disbursed,36,Award Declared,1,1,0,100,6.0,93.2,2,8,78.3,1,1,86
LAP-13163,Jharkhand,JHA-2,Industrial Corridor,Forest,50.0,2,1,855,Not Started,1,Partial Possession,0,0,0,100,8.0,72.0,2,6,64.8,0,0,0
LAP-13164,Haryana,HAR-5,Highway,Tribal,6.1,5,4,857,Fully Disbursed,90,Not Started,1,1,1,89,5.4,75.8,1,4,82.3,0,1,212
LAP-13165,Rajasthan,RAJ-3,Irrigation,Tribal,5.4,57,6,181,Not Started,9,Not Started,0,0,1,54,3.7,74.5,0,3,33.9,0,0,0
LAP-13166,West Bengal,WES-3,Airport,Tribal,28.3,1,5,1151,Partially Disbursed,77,Not Started,4,1,0,100,3.3,72.5,1,3,79.3,1,0,0
LAP-13167,Maharashtra,MAH-2,Highway,Government,2.2,28,5,1327,Partially Disbursed,73,Award Declared,1,1,0,100,7.0,29.8,4,3,26.8,0,1,95
LAP-13168,Punjab,PUN-4,Industrial Corridor,Tribal,11.3,556,2,552,Partially Disbursed,42,Not Started,0,0,1,78,6.0,24.6,4,4,68.8,0,0,0
LAP-13169,Bihar,BIH-6,Highway,Private Agricultural,99.2,11,5,368,Not Started,5,Award Declared,0,0,1,75,4.9,78.1,1,4,50.4,0,0,0
LAP-13170,Telangana,TEL-5,Irrigation,Forest,35.8,7,2,82,Fully Disbursed,96,Full Possession,3,0,0,100,6.0,57.0,1,6,58.3,1,0,0
LAP-13171,Gujarat,GUJ-5,Airport,Mixed,15.3,43,1,1069,Not Started,9,Partial Possession,2,0,1,80,5.5,42.2,4,4,89.6,1,0,0
LAP-13172,Odisha,ODI-5,Urban Development,Forest,29.8,34,1,662,Partially Disbursed,60,Award Declared,2,1,0,100,2.0,76.7,3,3,52.6,0,0,0
LAP-13173,Bihar,BIH-5,Industrial Corridor,Tribal,12.1,61,3,804,Fully Disbursed,95,Survey Complete,0,0,1,71,8.4,67.1,3,5,76.1,0,0,0
LAP-13174,Gujarat,GUJ-1,Irrigation,Private Agricultural,11.3,195,6,805,Partially Disbursed,33,Not Started,0,0,1,88,7.7,28.3,5,4,60.5,0,0,0
LAP-13175,Karnataka,KAR-6,Industrial Corridor,Private Agricultural,10.4,116,3,1444,Fully Disbursed,92,Full Possession,0,0,0,100,6.7,44.5,4,7,100.0,0,0,0
LAP-13176,Punjab,PUN-6,Industrial Corridor,Private Agricultural,8.1,37,4,851,Fully Disbursed,96,Full Possession,1,1,0,100,6.8,65.3,3,3,39.5,1,0,0
LAP-13177,Jharkhand,JHA-1,Power Transmission,Private Agricultural,56.4,20,3,569,Not Started,1,Partial Possession,0,0,1,54,3.8,66.9,2,5,58.4,1,0,0
LAP-13178,Tamil Nadu,TAM-1,Railway,Private Agricultural,50.3,4,2,67,Partially Disbursed,23,Partial Possession,0,0,0,100,6.6,40.6,0,6,61.1,0,0,0
LAP-13179,Madhya Pradesh,MAD-6,Highway,Private Agricultural,26.9,120,6,216,Not Started,0,Award Declared,0,0,1,40,5.8,32.4,5,6,0.4,0,0,0
LAP-13180,Karnataka,KAR-5,Industrial Corridor,Government,7.6,1013,2,389,Not Started,5,Survey Complete,0,0,0,100,7.0,42.6,1,3,55.5,1,1,269
LAP-13181,Uttar Pradesh,UTT-3,Urban Development,Government,4.2,66,3,848,Not Started,9,Survey Complete,0,0,0,100,7.9,42.4,3,8,45.5,0,0,0
LAP-13182,Gujarat,GUJ-3,Industrial Corridor,Forest,4.0,157,1,1026,Fully Disbursed,96,Full Possession,0,0,0,100,3.5,35.7,3,6,78.6,1,0,0
LAP-13183,Tamil Nadu,TAM-5,Highway,Private Agricultural,17.6,109,4,119,Not Started,4,Award Declared,0,0,1,61,6.8,52.6,0,5,87.5,1,0,0
LAP-13184,Tamil Nadu,TAM-3,Power Transmission,Government,16.4,54,5,907,Partially Disbursed,82,Award Declared,0,0,1,86,6.7,83.4,2,6,76.4,0,1,145
LAP-13185,Karnataka,KAR-5,Industrial Corridor,Tribal,139.9,45,3,1286,Not Started,2,Not Started,1,1,0,100,5.0,69.5,1,0,49.2,0,0,0
LAP-13186,Madhya Pradesh,MAD-3,Industrial Corridor,Tribal,52.3,75,1,531,Not Started,4,Survey Complete,3,0,1,15,6.6,88.7,2,6,74.7,1,1,24
LAP-13187,Punjab,PUN-2,Industrial Corridor,Government,36.1,44,1,107,Fully Disbursed,88,Not Started,2,0,0,100,7.8,91.4,4,8,66.5,0,0,0
LAP-13188,Maharashtra,MAH-3,Irrigation,Tribal,14.4,51,4,149,Partially Disbursed,26,Partial Possession,2,0,0,100,6.3,11.3,1,3,91.5,0,1,270
LAP-13189,Tamil Nadu,TAM-3,Industrial Corridor,Tribal,101.4,101,4,742,Fully Disbursed,96,Not Started,1,1,0,100,8.9,63.9,1,2,66.7,1,0,0
LAP-13190,Uttar Pradesh,UTT-3,Highway,Government,31.4,81,6,712,Fully Disbursed,89,Not Started,2,1,1,99,9.2,75.2,0,8,15.4,1,1,220
LAP-13191,Bihar,BIH-5,Highway,Private Agricultural,45.7,105,4,73,Fully Disbursed,91,Award Declared,1,1,1,75,5.1,100.0,1,4,28.4,0,0,0
LAP-13192,Rajasthan,RAJ-4,Highway,Tribal,10.2,29,3,805,Not Started,9,Not Started,2,1,0,100,6.4,73.0,2,8,54.1,0,0,0
LAP-13193,Karnataka,KAR-4,Airport,Private Agricultural,13.2,25,2,1005,Partially Disbursed,83,Survey Complete,1,0,0,100,3.5,57.4,7,2,100.0,1,1,101
LAP-13194,Rajasthan,RAJ-2,Airport,Tribal,31.8,94,1,956,Partially Disbursed,81,Not Started,0,0,0,100,10.0,37.6,3,3,59.4,1,0,0
LAP-13195,Telangana,TEL-4,Irrigation,Tribal,35.7,139,5,487,Partially Disbursed,35,Not Started,1,1,0,100,8.4,62.7,1,2,33.0,0,0,0
LAP-13196,Madhya Pradesh,MAD-1,Highway,Private Agricultural,180.8,582,2,835,Partially Disbursed,40,Survey Complete,1,1,1,3,1.0,86.2,2,5,46.5,0,1,132
LAP-13197,Tamil Nadu,TAM-2,Renewable Energy,Mixed,313.9,18,1,334,Not Started,6,Not Started,0,0,0,100,5.8,32.5,2,3,95.5,0,0,0
LAP-13198,Tamil Nadu,TAM-6,Highway,Forest,11.7,48,1,53,Partially Disbursed,17,Survey Complete,2,1,0,100,7.1,96.2,5,8,72.7,0,1,178
LAP-13199,Haryana,HAR-3,Highway,Tribal,66.4,83,1,978,Partially Disbursed,19,Partial Possession,0,0,1,18,3.6,56.7,3,3,71.1,1,0,0
LAP-13200,Chhattisgarh,CHH-2,Renewable Energy,Private Agricultural,11.6,97,4,648,Not Started,2,Survey Complete,0,0,1,49,4.8,53.0,4,6,60.7,0,1,77
LAP-13201,Punjab,PUN-6,Power Transmission,Tribal,39.4,167,4,439,Partially Disbursed,20,Not Started,1,0,0,100,2.4,70.6,2,4,55.1,1,0,0
LAP-13202,Tamil Nadu,TAM-4,Irrigation,Tribal,15.9,94,2,626,Partially Disbursed,74,Award Declared,0,0,0,100,3.3,47.7,4,7,73.3,0,0,0
LAP-13203,Madhya Pradesh,MAD-1,Industrial Corridor,Forest,24.8,106,3,758,Partially Disbursed,51,Award Declared,1,1,0,100,8.3,51.3,5,5,57.8,0,1,211
LAP-13204,Bihar,BIH-3,Highway,Government,35.0,23,3,266,Partially Disbursed,35,Survey Complete,2,0,0,100,1.0,49.8,0,3,74.0,0,0,0
LAP-13205,West Bengal,WES-2,Renewable Energy,Mixed,64.7,99,2,84,Partially Disbursed,73,Not Started,1,1,1,11,3.9,56.7,1,6,80.8,1,1,172
LAP-13206,Rajasthan,RAJ-2,Highway,Tribal,11.9,19,4,951,Not Started,1,Award Declared,2,0,1,11,8.1,67.2,2,8,73.2,0,1,30
LAP-13207,West Bengal,WES-6,Industrial Corridor,Private Agricultural,209.0,85,3,832,Not Started,4,Not Started,0,0,0,100,8.3,77.3,3,5,40.2,0,0,0
LAP-13208,Punjab,PUN-1,Power Transmission,Private Agricultural,4.4,68,3,529,Not Started,4,Survey Complete,0,0,0,100,2.6,65.0,2,2,66.1,1,0,0
LAP-13209,Gujarat,GUJ-1,Industrial Corridor,Mixed,94.9,89,3,642,Not Started,2,Award Declared,1,0,0,100,7.2,64.9,1,8,60.6,0,0,0
LAP-13210,Rajasthan,RAJ-4,Urban Development,Private Agricultural,5.0,23,1,1132,Partially Disbursed,65,Award Declared,0,0,1,15,7.1,67.7,0,7,75.8,0,0,0
LAP-13211,Jharkhand,JHA-6,Railway,Private Agricultural,32.0,55,1,735,Not Started,8,Award Declared,0,0,1,6,2.7,83.5,0,4,65.1,0,0,0
LAP-13212,West Bengal,WES-5,Industrial Corridor,Private Agricultural,5.1,429,5,1280,Not Started,3,Survey Complete,2,0,1,97,2.4,46.0,2,5,52.3,0,0,0
LAP-13213,Telangana,TEL-6,Urban Development,Government,20.1,29,4,49,Partially Disbursed,64,Full Possession,0,0,1,43,6.8,48.4,0,7,60.1,1,0,0
LAP-13214,Uttar Pradesh,UTT-2,Industrial Corridor,Mixed,57.6,51,6,1309,Partially Disbursed,38,Partial Possession,0,0,0,100,5.4,54.2,3,4,32.8,1,1,218
LAP-13215,Tamil Nadu,TAM-1,Urban Development,Government,19.7,573,4,494,Not Started,1,Not Started,1,1,0,100,9.4,74.5,0,3,23.5,0,1,45
LAP-13216,Punjab,PUN-3,Urban Development,Tribal,7.7,46,6,645,Not Started,0,Partial Possession,2,0,0,100,3.3,56.6,0,8,49.9,0,1,112
LAP-13217,Telangana,TEL-5,Urban Development,Mixed,4.9,92,4,1191,Not Started,0,Partial Possession,4,1,0,100,10.0,80.1,2,2,97.3,0,0,0
LAP-13218,Chhattisgarh,CHH-3,Railway,Government,10.6,30,3,739,Partially Disbursed,12,Survey Complete,2,0,0,100,6.8,58.6,4,3,100.0,1,1,145
LAP-13219,Tamil Nadu,TAM-1,Urban Development,Tribal,18.7,45,5,299,Fully Disbursed,89,Award Declared,3,0,1,65,6.8,55.9,1,6,59.9,0,0,0
LAP-13220,Madhya Pradesh,MAD-4,Power Transmission,Private Agricultural,6.9,284,2,1155,Partially Disbursed,83,Full Possession,1,1,1,92,1.5,63.2,2,2,61.5,0,1,104
LAP-13221,Odisha,ODI-5,Railway,Private Agricultural,666.2,186,5,467,Fully Disbursed,98,Full Possession,1,1,1,82,6.8,54.7,1,8,90.8,0,0,0
LAP-13222,West Bengal,WES-4,Irrigation,Tribal,98.0,189,6,1042,Partially Disbursed,75,Not Started,1,1,1,40,5.5,46.4,1,1,45.4,0,1,93
LAP-13223,Madhya Pradesh,MAD-4,Irrigation,Private Agricultural,43.0,31,5,112,Partially Disbursed,27,Partial Possession,0,0,1,30,7.5,74.6,0,3,35.2,0,0,0
LAP-13224,Maharashtra,MAH-4,Airport,Private Agricultural,11.3,46,6,215,Not Started,0,Award Declared,1,1,1,88,5.9,55.8,1,6,70.4,0,0,0
LAP-13225,Chhattisgarh,CHH-4,Urban Development,Mixed,33.5,50,3,216,Partially Disbursed,18,Award Declared,2,0,0,100,6.0,39.4,0,7,35.1,0,0,0
LAP-13226,Bihar,BIH-2,Renewable Energy,Private Agricultural,20.6,18,1,467,Partially Disbursed,43,Partial Possession,2,0,1,17,7.9,94.5,6,0,50.2,0,0,0
LAP-13227,Chhattisgarh,CHH-1,Highway,Private Agricultural,7.0,41,2,457,Not Started,2,Award Declared,0,0,1,65,8.6,70.1,1,8,35.7,0,0,0
LAP-13228,Chhattisgarh,CHH-4,Industrial Corridor,Private Agricultural,9.4,4,1,1461,Partially Disbursed,32,Award Declared,0,0,1,80,7.5,42.2,1,2,39.6,0,0,0
LAP-13229,Odisha,ODI-5,Irrigation,Private Agricultural,21.3,24,3,1141,Not Started,7,Survey Complete,0,0,1,17,2.6,55.9,1,0,60.4,0,0,0
LAP-13230,Tamil Nadu,TAM-5,Railway,Government,17.6,420,3,839,Partially Disbursed,29,Survey Complete,0,0,0,100,1.0,53.3,1,4,48.0,0,0,0
LAP-13231,Maharashtra,MAH-5,Industrial Corridor,Private Agricultural,7.4,20,2,627,Partially Disbursed,78,Not Started,0,0,0,100,10.0,62.7,2,1,87.8,0,0,0
LAP-13232,Madhya Pradesh,MAD-5,Irrigation,Private Agricultural,23.2,639,6,1337,Fully Disbursed,93,Award Declared,0,0,0,100,5.4,74.0,4,8,58.8,0,1,365
LAP-13233,Tamil Nadu,TAM-5,Industrial Corridor,Government,31.1,49,6,1416,Partially Disbursed,29,Partial Possession,1,1,0,100,3.4,40.3,1,0,93.5,0,0,0
LAP-13234,Tamil Nadu,TAM-5,Airport,Forest,57.6,3,3,582,Not Started,2,Not Started,1,0,1,96,9.4,96.5,2,2,48.8,0,0,0
LAP-13235,West Bengal,WES-1,Airport,Forest,75.6,44,3,592,Not Started,2,Survey Complete,2,0,0,100,8.0,41.4,1,6,41.9,0,0,0
LAP-13236,Odisha,ODI-3,Industrial Corridor,Private Agricultural,20.8,216,3,1178,Not Started,3,Full Possession,1,0,0,100,7.8,87.7,1,4,94.6,0,0,0
LAP-13237,Madhya Pradesh,MAD-3,Power Transmission,Private Agricultural,16.1,82,4,1416,Partially Disbursed,64,Not Started,0,0,0,100,5.7,41.3,2,5,37.8,0,0,0
LAP-13238,Chhattisgarh,CHH-3,Industrial Corridor,Forest,23.4,6,1,482,Partially Disbursed,57,Survey Complete,3,1,0,100,1.1,82.8,1,0,34.2,1,0,0
LAP-13239,Bihar,BIH-4,Industrial Corridor,Tribal,83.9,320,5,108,Fully Disbursed,92,Not Started,2,1,0,100,7.4,59.8,2,8,62.7,0,0,0
LAP-13240,Bihar,BIH-6,Highway,Forest,11.5,45,3,993,Partially Disbursed,17,Survey Complete,1,0,0,100,6.0,42.8,0,5,37.8,1,0,0
LAP-13241,Jharkhand,JHA-1,Irrigation,Private Agricultural,92.8,13,2,253,Fully Disbursed,93,Partial Possession,0,0,1,85,2.9,42.7,1,4,90.5,0,0,0
LAP-13242,Gujarat,GUJ-3,Urban Development,Private Agricultural,5.9,48,3,1444,Not Started,3,Partial Possession,4,1,0,100,7.6,48.1,4,0,7.5,0,1,273
LAP-13243,Gujarat,GUJ-2,Railway,Private Agricultural,8.5,21,5,1311,Fully Disbursed,96,Survey Complete,1,0,1,7,9.8,62.3,3,8,40.3,0,0,0
LAP-13244,Uttar Pradesh,UTT-4,Irrigation,Government,123.3,80,3,514,Fully Disbursed,97,Partial Possession,1,1,1,71,4.5,74.6,3,5,5.4,1,1,192
LAP-13245,Bihar,BIH-4,Urban Development,Private Agricultural,13.9,221,6,973,Fully Disbursed,93,Survey Complete,2,1,0,100,7.0,98.2,3,3,58.8,0,1,99
LAP-13246,Odisha,ODI-2,Renewable Energy,Forest,6.8,193,5,1280,Not Started,3,Partial Possession,1,0,0,100,4.6,40.7,4,4,100.0,0,1,234
LAP-13247,Maharashtra,MAH-3,Power Transmission,Forest,29.1,10,3,112,Partially Disbursed,55,Not Started,2,0,0,100,7.7,45.5,3,0,36.4,1,0,0
LAP-13248,Maharashtra,MAH-2,Renewable Energy,Private Agricultural,44.6,16,2,510,Partially Disbursed,37,Not Started,0,0,0,100,5.9,41.4,3,2,78.9,0,0,0
LAP-13249,Jharkhand,JHA-4,Industrial Corridor,Private Agricultural,89.0,74,4,748,Not Started,6,Full Possession,2,1,1,17,8.3,62.4,1,6,16.2,0,1,18
LAP-13250,Bihar,BIH-4,Power Transmission,Government,10.0,36,3,1154,Partially Disbursed,81,Partial Possession,1,1,0,100,2.8,75.7,2,7,22.9,1,1,146
LAP-13251,Jharkhand,JHA-3,Railway,Forest,244.8,168,4,173,Not Started,2,Award Declared,1,0,0,100,6.9,70.2,2,7,32.5,0,1,181
LAP-13252,Tamil Nadu,TAM-5,Highway,Private Agricultural,19.8,79,2,1446,Fully Disbursed,95,Not Started,0,0,0,100,6.8,83.7,2,1,100.0,0,1,89
LAP-13253,Jharkhand,JHA-4,Railway,Government,5.9,62,3,298,Fully Disbursed,92,Survey Complete,1,1,0,100,1.6,59.6,0,7,62.9,0,0,0
LAP-13254,Jharkhand,JHA-1,Industrial Corridor,Private Agricultural,4.2,249,6,635,Fully Disbursed,91,Survey Complete,0,0,0,100,3.8,10.0,3,1,76.0,1,0,0
LAP-13255,West Bengal,WES-4,Highway,Tribal,16.3,9,1,459,Partially Disbursed,64,Partial Possession,0,0,0,100,5.6,47.7,3,4,54.9,0,0,0
LAP-13256,Rajasthan,RAJ-6,Renewable Energy,Private Agricultural,27.2,16,6,1499,Not Started,8,Full Possession,1,1,1,62,6.3,45.0,1,3,51.9,0,0,0
LAP-13257,Jharkhand,JHA-4,Irrigation,Mixed,10.5,2,4,645,Fully Disbursed,91,Survey Complete,0,0,1,85,8.5,82.0,3,2,24.8,0,0,0
LAP-13258,Odisha,ODI-3,Highway,Government,12.6,290,4,600,Partially Disbursed,25,Partial Possession,0,0,0,100,6.8,17.6,1,2,49.6,0,0,0
LAP-13259,Rajasthan,RAJ-4,Industrial Corridor,Forest,68.7,19,3,717,Partially Disbursed,44,Survey Complete,1,1,0,100,5.4,75.5,1,4,81.9,0,0,0
LAP-13260,Uttar Pradesh,UTT-6,Urban Development,Government,107.1,45,6,595,Not Started,3,Full Possession,2,0,0,100,4.2,100.0,3,2,75.4,1,0,0
LAP-13261,Gujarat,GUJ-3,Irrigation,Forest,114.6,251,4,1444,Fully Disbursed,86,Partial Possession,1,1,0,100,8.3,32.6,5,7,58.1,1,0,0
LAP-13262,Uttar Pradesh,UTT-2,Highway,Private Agricultural,36.9,22,5,232,Partially Disbursed,54,Award Declared,0,0,0,100,6.9,55.8,3,8,44.8,1,0,0
LAP-13263,Haryana,HAR-1,Urban Development,Private Agricultural,15.6,37,2,877,Not Started,9,Not Started,1,1,1,18,4.5,72.7,3,8,54.4,0,1,65
LAP-13264,Telangana,TEL-6,Urban Development,Private Agricultural,255.3,83,4,1127,Fully Disbursed,97,Full Possession,0,0,1,57,6.1,33.4,1,2,0.0,0,0,0
LAP-13265,Chhattisgarh,CHH-1,Industrial Corridor,Private Agricultural,17.0,38,3,1032,Fully Disbursed,98,Not Started,2,1,0,100,5.5,70.4,3,7,22.1,0,1,149
LAP-13266,Maharashtra,MAH-6,Highway,Forest,26.1,14,3,507,Partially Disbursed,56,Partial Possession,1,1,0,100,5.2,68.2,2,7,63.2,0,0,0
LAP-13267,Karnataka,KAR-6,Highway,Private Agricultural,59.6,57,5,51,Partially Disbursed,34,Award Declared,0,0,1,63,5.6,41.0,1,0,55.7,1,0,0
LAP-13268,Maharashtra,MAH-4,Railway,Mixed,34.9,155,4,771,Not Started,9,Partial Possession,1,0,0,100,10.0,35.5,7,1,55.8,0,0,0
LAP-13269,Punjab,PUN-4,Industrial Corridor,Tribal,76.3,35,1,1147,Partially Disbursed,31,Partial Possession,3,1,0,100,8.2,68.8,1,5,73.2,0,0,0
LAP-13270,Uttar Pradesh,UTT-4,Irrigation,Tribal,12.8,489,2,265,Fully Disbursed,96,Not Started,2,1,1,21,5.4,67.6,2,1,49.0,0,1,96
LAP-13271,Punjab,PUN-5,Airport,Government,295.3,29,5,658,Not Started,3,Partial Possession,0,0,0,100,6.8,58.8,2,6,35.0,0,0,0
LAP-13272,Chhattisgarh,CHH-2,Airport,Mixed,32.5,39,2,619,Partially Disbursed,13,Not Started,0,0,1,47,10.0,100.0,1,5,41.1,0,0,0
LAP-13273,Rajasthan,RAJ-6,Renewable Energy,Private Agricultural,31.2,32,4,885,Not Started,1,Partial Possession,0,0,1,44,6.7,26.1,2,5,33.4,1,0,0
LAP-13274,Karnataka,KAR-5,Urban Development,Private Agricultural,57.7,8,6,374,Fully Disbursed,98,Not Started,0,0,1,60,5.4,100.0,2,2,45.6,1,0,0
LAP-13275,Telangana,TEL-1,Highway,Private Agricultural,145.8,16,4,486,Not Started,6,Survey Complete,1,1,1,42,7.5,54.7,1,1,81.9,0,1,33
LAP-13276,Karnataka,KAR-2,Highway,Private Agricultural,217.6,39,2,1468,Partially Disbursed,77,Survey Complete,0,0,0,100,4.9,73.9,4,7,97.1,0,0,0
LAP-13277,Telangana,TEL-3,Industrial Corridor,Forest,14.5,598,2,1395,Partially Disbursed,40,Not Started,0,0,1,47,5.6,65.0,2,5,25.6,0,1,169
LAP-13278,Jharkhand,JHA-3,Airport,Forest,110.1,81,4,584,Not Started,8,Survey Complete,2,1,0,100,6.7,70.9,2,7,66.3,0,1,199
LAP-13279,Punjab,PUN-4,Highway,Private Agricultural,4.3,21,6,537,Fully Disbursed,91,Award Declared,0,0,0,100,6.7,89.1,2,1,93.3,0,0,0
LAP-13280,Haryana,HAR-5,Irrigation,Private Agricultural,51.5,20,3,1135,Fully Disbursed,90,Full Possession,1,0,1,90,5.0,77.3,1,0,56.2,0,0,0
LAP-13281,Rajasthan,RAJ-5,Urban Development,Mixed,26.0,45,4,1261,Not Started,4,Survey Complete,3,0,0,100,5.4,70.2,2,5,32.6,0,0,0
LAP-13282,Chhattisgarh,CHH-3,Airport,Forest,71.0,144,4,622,Fully Disbursed,88,Partial Possession,1,1,0,100,7.5,72.5,2,5,40.6,1,1,53
LAP-13283,Maharashtra,MAH-2,Industrial Corridor,Private Agricultural,115.2,297,2,1402,Partially Disbursed,61,Partial Possession,0,0,1,12,4.8,81.4,1,4,68.3,0,0,0
LAP-13284,Rajasthan,RAJ-6,Irrigation,Private Agricultural,41.3,74,5,332,Not Started,6,Not Started,1,0,1,37,7.8,61.1,1,2,65.0,0,0,0
LAP-13285,West Bengal,WES-3,Urban Development,Private Agricultural,309.5,135,3,368,Fully Disbursed,91,Not Started,0,0,0,100,4.9,67.2,1,6,75.2,0,0,0
LAP-13286,West Bengal,WES-1,Urban Development,Government,3.1,107,2,551,Fully Disbursed,91,Partial Possession,0,0,1,84,9.3,100.0,4,5,57.5,0,0,0
LAP-13287,Bihar,BIH-6,Highway,Government,18.0,26,6,103,Partially Disbursed,24,Survey Complete,1,1,0,100,5.5,67.5,3,4,100.0,0,0,0
LAP-13288,Karnataka,KAR-5,Railway,Private Agricultural,103.3,44,6,553,Not Started,3,Partial Possession,0,0,0,100,5.1,65.0,0,0,60.6,0,0,0
LAP-13289,Jharkhand,JHA-2,Highway,Private Agricultural,11.8,27,5,135,Partially Disbursed,61,Not Started,4,0,1,70,5.2,81.1,4,1,85.3,1,0,0
LAP-13290,Bihar,BIH-6,Highway,Tribal,1.4,725,6,813,Partially Disbursed,70,Survey Complete,0,0,1,49,4.7,54.2,2,2,89.1,0,0,0
LAP-13291,Gujarat,GUJ-5,Highway,Mixed,10.7,51,2,795,Not Started,1,Not Started,0,0,0,100,4.6,82.0,5,4,84.3,0,0,0
LAP-13292,Odisha,ODI-2,Highway,Private Agricultural,13.8,15,4,1005,Partially Disbursed,33,Survey Complete,0,0,0,100,5.5,67.6,1,6,15.9,1,1,78
LAP-13293,Punjab,PUN-3,Industrial Corridor,Government,42.5,6,6,1159,Partially Disbursed,38,Partial Possession,1,1,1,63,6.8,6.2,1,0,27.2,0,1,482
LAP-13294,Rajasthan,RAJ-4,Irrigation,Private Agricultural,27.2,32,1,428,Fully Disbursed,85,Not Started,1,1,1,96,6.6,79.5,0,4,26.7,1,0,0
LAP-13295,Madhya Pradesh,MAD-5,Railway,Private Agricultural,17.8,1111,2,934,Partially Disbursed,16,Survey Complete,0,0,1,90,8.1,30.0,1,8,59.9,0,0,0
LAP-13296,Rajasthan,RAJ-4,Highway,Private Agricultural,25.9,72,5,88,Fully Disbursed,86,Partial Possession,1,1,1,25,6.4,74.7,1,2,42.3,0,0,0
LAP-13297,Bihar,BIH-6,Irrigation,Forest,6.5,39,6,516,Partially Disbursed,83,Award Declared,1,1,0,100,4.7,57.4,2,6,45.6,0,0,0
LAP-13298,Telangana,TEL-5,Industrial Corridor,Forest,23.1,201,3,304,Partially Disbursed,37,Survey Complete,3,1,0,100,3.4,30.9,2,0,30.3,1,0,0
LAP-13299,Chhattisgarh,CHH-2,Irrigation,Tribal,11.2,130,5,115,Fully Disbursed,89,Partial Possession,1,1,1,97,7.2,100.0,1,5,84.3,0,0,0
LAP-13300,Rajasthan,RAJ-3,Irrigation,Private Agricultural,9.8,216,3,164,Not Started,7,Partial Possession,1,1,1,92,6.7,59.0,6,2,80.0,0,1,72
LAP-13301,Tamil Nadu,TAM-2,Airport,Government,75.4,18,4,1062,Fully Disbursed,99,Survey Complete,1,1,0,100,4.1,42.4,2,2,76.2,0,0,0
LAP-13302,Bihar,BIH-1,Industrial Corridor,Mixed,22.5,52,4,456,Not Started,8,Award Declared,1,1,1,97,5.5,54.1,1,7,52.2,0,0,0
LAP-13303,Rajasthan,RAJ-4,Railway,Tribal,105.6,5,1,575,Partially Disbursed,41,Full Possession,2,1,1,43,6.4,61.8,1,3,100.0,0,0,0
LAP-13304,Chhattisgarh,CHH-3,Irrigation,Private Agricultural,17.0,76,4,631,Partially Disbursed,13,Partial Possession,0,0,1,61,6.8,46.9,1,6,29.4,0,0,0
LAP-13305,Madhya Pradesh,MAD-6,Highway,Private Agricultural,95.2,24,5,1411,Partially Disbursed,19,Survey Complete,0,0,0,100,6.9,67.1,2,1,27.6,0,0,0
LAP-13306,Chhattisgarh,CHH-2,Urban Development,Government,95.2,14,1,616,Partially Disbursed,24,Full Possession,4,1,0,100,1.6,54.4,0,8,28.6,1,1,189
LAP-13307,Jharkhand,JHA-3,Highway,Forest,110.2,83,5,197,Not Started,2,Not Started,1,1,1,8,4.0,61.9,3,7,71.0,0,0,0
LAP-13308,Tamil Nadu,TAM-2,Airport,Private Agricultural,59.3,79,5,615,Fully Disbursed,92,Survey Complete,1,1,1,87,5.1,21.5,0,6,56.7,0,0,0
LAP-13309,Tamil Nadu,TAM-5,Urban Development,Forest,6.2,12,1,905,Fully Disbursed,85,Not Started,0,0,0,100,1.0,100.0,2,7,0.0,0,1,74
LAP-13310,Odisha,ODI-4,Highway,Tribal,78.3,26,6,1448,Fully Disbursed,91,Not Started,3,1,0,100,5.7,58.2,3,7,43.6,0,1,162
LAP-13311,Gujarat,GUJ-3,Industrial Corridor,Government,152.1,38,1,646,Fully Disbursed,99,Partial Possession,2,1,0,100,8.0,77.9,3,1,7.9,0,0,0
LAP-13312,Madhya Pradesh,MAD-1,Irrigation,Tribal,14.0,50,4,726,Not Started,0,Partial Possession,0,0,0,100,6.8,71.0,2,8,54.4,1,0,0
LAP-13313,Jharkhand,JHA-2,Highway,Government,260.2,45,4,1425,Partially Disbursed,28,Full Possession,1,1,1,80,4.6,62.3,1,8,68.3,0,0,0
LAP-13314,Gujarat,GUJ-1,Industrial Corridor,Tribal,61.9,11,2,913,Partially Disbursed,73,Partial Possession,0,0,1,69,8.8,75.4,5,3,77.7,0,0,0
LAP-13315,Karnataka,KAR-4,Railway,Private Agricultural,37.3,169,5,633,Partially Disbursed,53,Not Started,2,1,0,100,10.0,41.4,3,0,75.4,1,0,0
LAP-13316,Punjab,PUN-5,Urban Development,Government,32.6,104,5,1449,Not Started,7,Award Declared,0,0,0,100,3.3,68.8,2,1,39.5,1,0,0
LAP-13317,Bihar,BIH-1,Industrial Corridor,Tribal,125.4,166,1,19,Partially Disbursed,58,Award Declared,2,1,1,78,4.9,48.1,3,4,74.8,0,1,275
LAP-13318,Bihar,BIH-2,Irrigation,Tribal,17.4,985,3,914,Fully Disbursed,95,Survey Complete,2,1,1,15,4.0,48.3,2,4,52.3,0,0,0
LAP-13319,Uttar Pradesh,UTT-4,Renewable Energy,Forest,3.7,10,5,436,Fully Disbursed,89,Survey Complete,2,1,1,49,3.4,46.4,1,1,22.2,1,1,29
LAP-13320,Haryana,HAR-2,Irrigation,Tribal,50.8,111,4,1441,Fully Disbursed,97,Not Started,0,0,1,80,5.0,70.2,2,0,70.0,0,0,0
LAP-13321,Haryana,HAR-1,Airport,Tribal,14.4,430,4,669,Partially Disbursed,74,Award Declared,0,0,0,100,6.6,58.4,3,8,51.5,0,0,0
LAP-13322,Uttar Pradesh,UTT-6,Highway,Government,19.5,29,4,1431,Not Started,8,Full Possession,1,0,0,100,7.8,43.9,1,8,3.7,0,1,32
LAP-13323,Gujarat,GUJ-1,Industrial Corridor,Private Agricultural,9.4,30,3,1138,Fully Disbursed,92,Award Declared,1,1,1,45,5.0,30.7,1,0,80.2,1,1,119
LAP-13324,Odisha,ODI-5,Power Transmission,Tribal,34.2,41,4,1404,Fully Disbursed,86,Award Declared,1,1,0,100,3.6,40.2,4,2,76.5,1,1,23
LAP-13325,Odisha,ODI-6,Renewable Energy,Private Agricultural,2.8,31,6,357,Not Started,1,Partial Possession,1,1,0,100,7.6,77.7,2,5,70.1,0,0,0
LAP-13326,Rajasthan,RAJ-3,Irrigation,Mixed,18.3,45,1,609,Partially Disbursed,52,Not Started,0,0,1,16,1.6,34.7,1,7,56.7,0,0,0
LAP-13327,Bihar,BIH-4,Urban Development,Tribal,12.6,233,6,56,Partially Disbursed,44,Award Declared,1,1,1,50,5.5,49.5,2,7,82.8,0,0,0
LAP-13328,Karnataka,KAR-6,Industrial Corridor,Private Agricultural,6.1,32,6,189,Partially Disbursed,20,Full Possession,0,0,1,6,6.2,53.8,2,2,69.1,1,0,0
LAP-13329,Madhya Pradesh,MAD-5,Urban Development,Government,6.0,15,6,686,Fully Disbursed,93,Full Possession,0,0,0,100,5.8,39.4,1,7,69.3,0,0,0
LAP-13330,West Bengal,WES-3,Urban Development,Government,33.3,22,6,1234,Not Started,9,Not Started,0,0,0,100,7.3,79.6,1,2,65.6,1,0,0
LAP-13331,Karnataka,KAR-5,Urban Development,Forest,10.5,55,2,878,Fully Disbursed,92,Not Started,1,0,1,83,7.9,72.2,0,1,56.1,0,0,0
LAP-13332,Karnataka,KAR-4,Renewable Energy,Forest,11.5,284,5,1477,Partially Disbursed,12,Survey Complete,0,0,0,100,7.4,63.7,1,6,60.5,0,0,0
LAP-13333,Gujarat,GUJ-6,Airport,Private Agricultural,16.1,61,1,901,Fully Disbursed,90,Not Started,1,1,0,100,6.6,61.9,2,2,20.1,0,0,0
LAP-13334,Gujarat,GUJ-6,Power Transmission,Private Agricultural,15.7,49,1,1158,Not Started,4,Partial Possession,2,0,0,100,2.9,48.0,3,5,23.2,0,1,92
LAP-13335,West Bengal,WES-6,Renewable Energy,Private Agricultural,22.9,47,4,1079,Partially Disbursed,38,Award Declared,0,0,0,100,7.9,48.3,0,1,55.0,0,0,0
LAP-13336,Karnataka,KAR-5,Industrial Corridor,Government,48.6,86,1,1228,Fully Disbursed,98,Survey Complete,1,1,1,28,4.1,36.7,0,6,67.9,0,1,217
LAP-13337,West Bengal,WES-6,Industrial Corridor,Private Agricultural,6.7,23,5,1238,Not Started,3,Award Declared,2,0,1,35,5.4,70.6,4,8,60.2,0,1,305
LAP-13338,Punjab,PUN-6,Industrial Corridor,Private Agricultural,46.4,13,2,714,Fully Disbursed,87,Award Declared,4,0,1,22,4.1,77.3,4,4,91.2,0,1,70
LAP-13339,Jharkhand,JHA-2,Irrigation,Private Agricultural,26.0,33,3,928,Not Started,6,Full Possession,2,0,1,5,6.6,70.0,0,0,77.0,1,0,0
LAP-13340,Rajasthan,RAJ-3,Irrigation,Private Agricultural,111.6,555,5,782,Partially Disbursed,49,Survey Complete,0,0,0,100,3.7,71.4,0,4,38.9,0,0,0
LAP-13341,Punjab,PUN-5,Highway,Government,8.9,21,3,755,Partially Disbursed,18,Award Declared,1,0,0,100,6.5,9.9,2,3,75.2,0,0,0
LAP-13342,Gujarat,GUJ-6,Renewable Energy,Private Agricultural,1.0,50,4,707,Not Started,1,Survey Complete,1,0,1,94,3.4,67.7,2,8,59.8,1,1,102
LAP-13343,Karnataka,KAR-6,Urban Development,Mixed,56.8,15,4,935,Partially Disbursed,39,Not Started,0,0,0,100,6.7,48.6,3,0,43.9,1,0,0
LAP-13344,Uttar Pradesh,UTT-3,Irrigation,Tribal,8.2,59,4,591,Not Started,6,Full Possession,2,1,1,68,5.2,58.4,3,2,44.7,0,0,0
LAP-13345,Bihar,BIH-3,Highway,Forest,180.1,58,5,778,Fully Disbursed,98,Award Declared,3,1,0,100,4.4,100.0,4,4,26.4,0,1,61
LAP-13346,Chhattisgarh,CHH-6,Renewable Energy,Private Agricultural,16.3,20,6,936,Not Started,7,Partial Possession,0,0,0,100,2.9,67.9,3,6,68.2,0,0,0
LAP-13347,Maharashtra,MAH-1,Highway,Tribal,112.0,53,5,843,Partially Disbursed,11,Full Possession,1,1,1,44,5.0,42.3,3,0,61.3,0,1,223
LAP-13348,Uttar Pradesh,UTT-5,Industrial Corridor,Private Agricultural,6.4,102,5,1342,Not Started,3,Partial Possession,1,1,1,68,4.8,24.9,2,8,30.3,0,0,0
LAP-13349,Gujarat,GUJ-6,Irrigation,Private Agricultural,238.0,75,3,760,Partially Disbursed,67,Not Started,1,1,1,48,5.9,58.7,2,4,53.8,0,0,0
LAP-13350,Gujarat,GUJ-6,Renewable Energy,Private Agricultural,120.6,128,2,1158,Partially Disbursed,50,Award Declared,1,0,1,61,6.6,57.3,3,0,85.8,0,0,0
LAP-13351,Tamil Nadu,TAM-6,Urban Development,Private Agricultural,32.1,128,2,1229,Partially Disbursed,25,Award Declared,1,1,0,100,3.8,83.8,0,0,22.5,1,0,0
LAP-13352,Gujarat,GUJ-3,Railway,Private Agricultural,53.2,22,5,1030,Partially Disbursed,84,Not Started,1,1,1,43,6.2,50.7,3,7,40.9,1,1,50
LAP-13353,Bihar,BIH-1,Urban Development,Tribal,3.5,225,5,1387,Not Started,4,Not Started,2,1,0,100,7.6,47.9,1,1,37.1,1,0,0
LAP-13354,Bihar,BIH-2,Highway,Tribal,21.2,32,5,1396,Partially Disbursed,21,Full Possession,2,1,0,100,8.0,41.3,1,8,75.5,0,1,310
LAP-13355,Telangana,TEL-4,Industrial Corridor,Private Agricultural,42.8,90,5,938,Fully Disbursed,92,Survey Complete,0,0,1,33,2.8,64.6,2,4,24.8,0,0,0
LAP-13356,Madhya Pradesh,MAD-3,Irrigation,Private Agricultural,74.8,24,1,533,Not Started,3,Partial Possession,1,0,1,81,7.3,62.5,1,3,94.9,0,0,0
LAP-13357,Chhattisgarh,CHH-3,Airport,Private Agricultural,45.1,71,3,878,Partially Disbursed,18,Award Declared,0,0,1,85,8.8,66.6,1,7,72.6,0,1,60
LAP-13358,Jharkhand,JHA-3,Urban Development,Private Agricultural,29.6,58,6,767,Not Started,2,Partial Possession,0,0,1,30,6.2,67.9,1,8,27.8,0,1,206
LAP-13359,Haryana,HAR-4,Highway,Forest,46.5,18,3,337,Partially Disbursed,42,Survey Complete,2,1,1,80,5.4,84.3,0,4,64.9,0,0,0
LAP-13360,Maharashtra,MAH-5,Power Transmission,Private Agricultural,48.1,53,1,258,Partially Disbursed,39,Partial Possession,1,1,0,100,5.6,61.4,2,2,53.4,0,1,114
LAP-13361,Haryana,HAR-3,Highway,Private Agricultural,6.2,171,6,949,Fully Disbursed,86,Award Declared,1,1,1,32,9.3,9.9,2,7,71.4,1,0,0
LAP-13362,Chhattisgarh,CHH-2,Power Transmission,Private Agricultural,20.8,71,6,233,Fully Disbursed,99,Not Started,0,0,1,12,7.2,75.6,0,7,82.2,0,0,0
LAP-13363,Telangana,TEL-2,Railway,Private Agricultural,18.8,126,1,897,Partially Disbursed,52,Award Declared,2,1,1,84,8.4,63.4,3,3,67.5,1,0,0
LAP-13364,Bihar,BIH-3,Industrial Corridor,Government,282.5,25,5,801,Fully Disbursed,86,Partial Possession,1,1,0,100,5.8,71.8,3,3,55.3,0,0,0
LAP-13365,Uttar Pradesh,UTT-2,Irrigation,Government,10.7,173,6,342,Fully Disbursed,86,Not Started,0,0,0,100,3.7,69.4,4,7,14.4,1,1,176
LAP-13366,Telangana,TEL-6,Railway,Private Agricultural,29.0,42,6,180,Partially Disbursed,77,Survey Complete,1,1,1,55,5.7,79.5,3,4,29.4,1,0,0
LAP-13367,Tamil Nadu,TAM-6,Industrial Corridor,Private Agricultural,26.8,60,1,1026,Fully Disbursed,88,Partial Possession,1,1,1,53,5.8,44.5,2,0,91.6,0,0,0
LAP-13368,West Bengal,WES-2,Power Transmission,Forest,177.0,46,3,906,Partially Disbursed,15,Not Started,1,1,0,100,7.2,78.0,3,2,100.0,0,1,174
LAP-13369,West Bengal,WES-4,Railway,Private Agricultural,93.1,49,4,1197,Fully Disbursed,86,Partial Possession,1,0,1,75,4.7,79.0,1,3,87.6,0,1,158
LAP-13370,Madhya Pradesh,MAD-6,Industrial Corridor,Forest,43.1,3,3,1064,Partially Disbursed,63,Survey Complete,1,0,0,100,6.2,88.0,2,1,72.5,1,0,0
LAP-13371,Bihar,BIH-5,Highway,Government,16.3,6,2,1261,Fully Disbursed,93,Survey Complete,1,0,0,100,6.1,48.1,0,6,35.8,1,1,35
LAP-13372,Uttar Pradesh,UTT-5,Industrial Corridor,Private Agricultural,27.8,63,6,1136,Not Started,0,Partial Possession,0,0,0,100,5.6,63.5,2,6,60.4,0,0,0
LAP-13373,Gujarat,GUJ-6,Highway,Forest,11.7,6,2,603,Fully Disbursed,90,Partial Possession,1,1,0,100,6.5,58.8,3,2,0.0,0,0,0
LAP-13374,Tamil Nadu,TAM-5,Industrial Corridor,Tribal,40.2,31,4,439,Fully Disbursed,98,Not Started,3,1,0,100,6.5,65.8,3,7,35.6,1,1,84
LAP-13375,Haryana,HAR-3,Industrial Corridor,Mixed,1.8,255,3,1495,Partially Disbursed,10,Partial Possession,0,0,0,100,6.6,22.0,1,6,44.7,1,1,264
LAP-13376,Rajasthan,RAJ-6,Renewable Energy,Government,5.5,372,6,359,Partially Disbursed,45,Full Possession,0,0,0,100,8.7,31.4,2,2,28.2,0,0,0
LAP-13377,Chhattisgarh,CHH-4,Urban Development,Private Agricultural,89.7,218,3,529,Partially Disbursed,12,Not Started,0,0,0,100,7.4,84.2,6,4,21.6,0,0,0
LAP-13378,Odisha,ODI-5,Urban Development,Tribal,5.7,57,2,861,Not Started,8,Award Declared,2,1,1,50,5.9,40.6,5,0,32.2,0,1,30
LAP-13379,Tamil Nadu,TAM-5,Railway,Tribal,10.5,164,6,218,Partially Disbursed,53,Not Started,2,1,1,83,5.5,48.5,1,8,95.2,0,1,225
LAP-13380,Haryana,HAR-4,Power Transmission,Private Agricultural,31.7,81,2,834,Partially Disbursed,62,Not Started,1,1,1,35,6.2,90.8,1,1,32.2,0,0,0
LAP-13381,Haryana,HAR-2,Industrial Corridor,Tribal,19.7,7,5,450,Partially Disbursed,76,Partial Possession,1,1,1,57,7.5,84.9,4,6,74.8,0,1,309
LAP-13382,Chhattisgarh,CHH-2,Urban Development,Private Agricultural,23.0,42,5,1153,Partially Disbursed,72,Award Declared,1,1,1,25,1.3,75.7,4,4,67.8,1,1,204
LAP-13383,Rajasthan,RAJ-4,Airport,Forest,32.6,101,4,274,Partially Disbursed,42,Award Declared,1,1,0,100,3.5,100.0,1,2,44.3,0,0,0
LAP-13384,Rajasthan,RAJ-5,Industrial Corridor,Private Agricultural,92.3,25,3,1467,Fully Disbursed,93,Not Started,0,0,1,25,6.4,73.0,1,0,49.8,0,0,0
LAP-13385,Punjab,PUN-6,Highway,Government,94.7,5,2,497,Partially Disbursed,70,Award Declared,3,1,1,22,4.3,56.8,2,0,54.9,1,0,0
LAP-13386,Haryana,HAR-2,Irrigation,Private Agricultural,43.6,359,5,317,Partially Disbursed,79,Survey Complete,1,0,0,100,7.9,61.0,7,4,44.4,0,0,0
LAP-13387,Chhattisgarh,CHH-4,Highway,Private Agricultural,24.7,8,6,899,Partially Disbursed,80,Survey Complete,4,0,1,6,6.3,50.0,3,8,11.6,1,1,121
LAP-13388,Madhya Pradesh,MAD-5,Power Transmission,Forest,28.9,57,1,1197,Partially Disbursed,82,Not Started,1,1,0,100,3.5,24.0,0,1,48.6,0,0,0
LAP-13389,West Bengal,WES-1,Highway,Private Agricultural,55.2,30,1,544,Partially Disbursed,73,Survey Complete,0,0,0,100,8.5,56.7,0,3,100.0,0,0,0
LAP-13390,Gujarat,GUJ-2,Industrial Corridor,Tribal,3.2,10,1,844,Not Started,6,Partial Possession,1,0,1,45,3.9,58.3,1,7,25.0,0,0,0
LAP-13391,Tamil Nadu,TAM-6,Irrigation,Private Agricultural,14.6,36,2,401,Not Started,4,Not Started,0,0,1,51,10.0,64.4,3,0,26.2,0,0,0
LAP-13392,Madhya Pradesh,MAD-3,Irrigation,Tribal,6.1,103,1,381,Partially Disbursed,68,Survey Complete,0,0,1,77,6.4,75.9,3,2,76.3,0,0,0
LAP-13393,Bihar,BIH-5,Urban Development,Tribal,11.8,33,2,880,Partially Disbursed,35,Partial Possession,2,1,1,31,7.8,42.1,2,1,30.7,0,0,0
LAP-13394,Bihar,BIH-5,Industrial Corridor,Government,9.9,19,2,693,Partially Disbursed,80,Partial Possession,1,1,0,100,6.8,46.6,0,8,14.7,1,1,77
LAP-13395,Madhya Pradesh,MAD-3,Renewable Energy,Private Agricultural,25.7,10,5,654,Partially Disbursed,58,Survey Complete,1,1,1,78,2.5,78.6,4,2,60.8,0,0,0
LAP-13396,West Bengal,WES-3,Highway,Private Agricultural,91.8,60,6,734,Partially Disbursed,75,Partial Possession,0,0,1,31,8.7,60.2,2,8,51.7,0,0,0
LAP-13397,Maharashtra,MAH-2,Railway,Government,18.0,5,4,1233,Fully Disbursed,93,Full Possession,0,0,0,100,5.5,77.7,3,5,43.7,1,1,183
LAP-13398,Uttar Pradesh,UTT-6,Industrial Corridor,Forest,20.0,194,3,1410,Not Started,0,Award Declared,2,0,1,67,8.1,54.5,6,2,51.3,0,1,33
LAP-13399,Odisha,ODI-2,Highway,Private Agricultural,13.7,87,6,852,Fully Disbursed,94,Award Declared,1,1,1,12,2.4,69.2,5,2,86.7,0,1,138
LAP-13400,Chhattisgarh,CHH-1,Power Transmission,Mixed,45.1,30,3,394,Partially Disbursed,70,Full Possession,0,0,1,42,3.6,63.1,3,3,34.9,0,0,0
LAP-13401,Uttar Pradesh,UTT-4,Highway,Private Agricultural,29.5,102,5,1117,Partially Disbursed,61,Not Started,0,0,1,82,5.7,86.8,2,4,27.1,0,0,0
LAP-13402,Punjab,PUN-1,Irrigation,Government,15.2,21,3,200,Partially Disbursed,82,Award Declared,1,1,0,100,6.6,67.6,3,8,34.0,1,0,0
LAP-13403,Maharashtra,MAH-5,Highway,Private Agricultural,48.1,6,6,977,Not Started,6,Award Declared,1,1,1,65,6.0,45.9,3,5,60.0,1,0,0
LAP-13404,Tamil Nadu,TAM-5,Industrial Corridor,Forest,10.2,31,6,1130,Partially Disbursed,60,Full Possession,1,1,0,100,5.9,60.7,2,4,13.9,0,0,0
LAP-13405,Haryana,HAR-6,Airport,Private Agricultural,39.8,42,5,646,Not Started,0,Partial Possession,0,0,0,100,5.1,59.9,3,2,70.4,1,0,0
LAP-13406,Rajasthan,RAJ-5,Renewable Energy,Government,14.7,22,5,1101,Fully Disbursed,98,Survey Complete,0,0,1,49,4.0,50.0,1,2,65.8,0,0,0
LAP-13407,Rajasthan,RAJ-1,Power Transmission,Private Agricultural,6.7,19,1,585,Not Started,7,Partial Possession,2,0,1,86,7.3,52.2,1,3,52.0,0,1,117
LAP-13408,Bihar,BIH-4,Irrigation,Private Agricultural,16.3,23,3,479,Partially Disbursed,23,Not Started,1,1,0,100,5.5,73.1,0,7,91.7,1,0,0
LAP-13409,West Bengal,WES-5,Industrial Corridor,Private Agricultural,15.3,21,2,119,Fully Disbursed,99,Full Possession,0,0,0,100,2.1,45.3,3,8,44.0,0,1,176
LAP-13410,Maharashtra,MAH-4,Highway,Tribal,3.0,512,3,823,Partially Disbursed,42,Partial Possession,1,1,1,49,5.7,78.5,0,8,96.6,0,1,120
LAP-13411,Bihar,BIH-2,Irrigation,Tribal,15.6,74,2,759,Partially Disbursed,42,Full Possession,3,0,1,99,7.1,45.6,3,0,67.0,0,0,0
LAP-13412,West Bengal,WES-5,Railway,Mixed,22.6,59,4,489,Partially Disbursed,80,Not Started,0,0,0,100,5.5,40.4,2,7,69.5,0,0,0
LAP-13413,Haryana,HAR-5,Irrigation,Private Agricultural,42.0,149,1,137,Partially Disbursed,58,Not Started,0,0,1,47,7.2,97.4,1,7,21.3,0,0,0
LAP-13414,Bihar,BIH-2,Highway,Private Agricultural,8.7,124,6,1404,Not Started,2,Survey Complete,0,0,1,85,6.9,39.4,2,1,57.3,0,0,0
LAP-13415,Uttar Pradesh,UTT-1,Industrial Corridor,Forest,12.6,133,2,223,Partially Disbursed,17,Survey Complete,1,1,0,100,10.0,38.4,2,2,30.1,0,0,0
LAP-13416,Bihar,BIH-1,Renewable Energy,Forest,27.4,33,6,1470,Partially Disbursed,19,Partial Possession,2,0,0,100,4.9,100.0,5,7,64.8,0,1,151
LAP-13417,Punjab,PUN-1,Renewable Energy,Government,70.0,49,5,221,Not Started,6,Award Declared,1,1,0,100,4.5,43.2,1,5,21.2,0,0,0
LAP-13418,Uttar Pradesh,UTT-5,Renewable Energy,Forest,34.3,18,3,504,Fully Disbursed,93,Partial Possession,1,1,0,100,8.6,13.4,2,3,46.6,0,0,0
LAP-13419,Uttar Pradesh,UTT-3,Railway,Forest,43.1,38,5,253,Not Started,6,Partial Possession,2,0,0,100,4.6,5.0,0,7,65.3,1,0,0
LAP-13420,Odisha,ODI-5,Railway,Forest,46.7,12,4,965,Partially Disbursed,51,Partial Possession,0,0,0,100,7.5,57.8,3,6,65.9,0,0,0
LAP-13421,Maharashtra,MAH-4,Railway,Tribal,13.8,1172,2,648,Partially Disbursed,71,Partial Possession,1,0,1,60,5.8,47.8,4,2,40.1,0,0,0
LAP-13422,Jharkhand,JHA-3,Railway,Forest,17.1,68,3,780,Fully Disbursed,92,Not Started,0,0,0,100,6.8,47.6,3,4,55.2,1,1,73
LAP-13423,Odisha,ODI-6,Irrigation,Private Agricultural,30.0,37,4,303,Partially Disbursed,16,Award Declared,1,1,1,2,7.1,80.4,1,2,21.1,0,1,41
LAP-13424,Bihar,BIH-6,Industrial Corridor,Private Agricultural,3.2,41,6,1455,Partially Disbursed,54,Partial Possession,0,0,1,35,9.7,74.1,7,4,0.0,0,0,0
LAP-13425,West Bengal,WES-2,Highway,Tribal,150.9,46,1,404,Partially Disbursed,68,Award Declared,2,0,0,100,5.0,91.4,0,7,35.6,0,0,0
LAP-13426,Chhattisgarh,CHH-3,Urban Development,Private Agricultural,30.5,32,4,121,Not Started,8,Full Possession,0,0,1,27,6.1,59.0,0,3,27.7,0,0,0
LAP-13427,Gujarat,GUJ-3,Railway,Government,55.5,26,4,318,Partially Disbursed,70,Award Declared,2,0,1,93,6.4,80.3,2,0,38.2,1,0,0
LAP-13428,West Bengal,WES-2,Airport,Private Agricultural,5.3,30,3,1172,Partially Disbursed,59,Not Started,1,0,0,100,4.6,59.8,3,5,48.5,0,0,0
LAP-13429,Maharashtra,MAH-2,Renewable Energy,Forest,8.9,21,1,784,Partially Disbursed,45,Award Declared,0,0,0,100,4.4,45.6,3,7,69.4,0,0,0
LAP-13430,Gujarat,GUJ-5,Industrial Corridor,Tribal,20.1,131,6,286,Partially Disbursed,72,Partial Possession,1,0,1,53,10.0,65.3,1,3,33.9,1,0,0
LAP-13431,Maharashtra,MAH-1,Airport,Private Agricultural,17.7,127,6,942,Partially Disbursed,16,Full Possession,2,1,0,100,3.5,48.6,0,2,49.2,0,1,121
LAP-13432,Jharkhand,JHA-4,Industrial Corridor,Private Agricultural,26.5,81,5,1456,Partially Disbursed,29,Not Started,0,0,0,100,4.2,73.0,2,6,3.6,0,0,0
LAP-13433,Haryana,HAR-6,Irrigation,Private Agricultural,18.3,314,3,120,Partially Disbursed,83,Award Declared,0,0,0,100,7.4,56.2,0,8,27.4,0,0,0
LAP-13434,Bihar,BIH-4,Railway,Forest,21.3,138,2,1386,Partially Disbursed,24,Award Declared,1,1,0,100,2.4,52.8,2,2,79.1,1,0,0
LAP-13435,Punjab,PUN-3,Highway,Private Agricultural,1.0,50,1,950,Partially Disbursed,28,Award Declared,0,0,0,100,6.0,87.3,2,3,46.2,0,0,0
LAP-13436,Gujarat,GUJ-1,Highway,Private Agricultural,13.7,391,1,1254,Fully Disbursed,88,Full Possession,2,1,1,9,2.9,47.5,0,2,60.1,1,0,0
LAP-13437,Chhattisgarh,CHH-5,Airport,Private Agricultural,6.9,33,2,396,Partially Disbursed,20,Award Declared,1,0,1,2,4.7,27.0,2,0,32.1,0,0,0
LAP-13438,Punjab,PUN-3,Airport,Mixed,50.6,51,1,29,Not Started,2,Full Possession,0,0,0,100,2.9,66.6,1,7,23.5,1,0,0
LAP-13439,Telangana,TEL-3,Highway,Tribal,28.8,84,2,764,Partially Disbursed,22,Survey Complete,4,1,1,47,6.0,21.0,2,1,32.8,1,1,84
LAP-13440,Bihar,BIH-1,Railway,Private Agricultural,9.5,27,2,1194,Not Started,8,Not Started,2,1,0,100,5.0,54.1,3,0,55.7,0,1,19
LAP-13441,Odisha,ODI-3,Highway,Government,47.5,175,4,1150,Partially Disbursed,44,Award Declared,0,0,0,100,6.4,66.3,2,8,23.7,1,0,0
LAP-13442,Chhattisgarh,CHH-1,Power Transmission,Tribal,12.0,38,1,391,Not Started,9,Full Possession,0,0,1,56,6.6,96.3,3,1,81.8,0,0,0
LAP-13443,Gujarat,GUJ-2,Urban Development,Private Agricultural,17.8,49,5,969,Not Started,3,Not Started,0,0,1,30,6.1,45.8,2,1,15.0,0,1,122
LAP-13444,Telangana,TEL-5,Urban Development,Private Agricultural,8.0,78,6,1375,Not Started,8,Survey Complete,0,0,1,87,5.3,29.6,2,4,44.0,0,0,0
LAP-13445,Telangana,TEL-1,Power Transmission,Private Agricultural,13.3,134,5,1140,Not Started,8,Award Declared,4,1,0,100,7.0,53.2,0,5,59.2,0,1,60
LAP-13446,Bihar,BIH-5,Railway,Forest,13.5,75,6,1287,Not Started,6,Partial Possession,2,0,1,15,2.6,22.3,3,8,11.1,0,1,171
LAP-13447,Odisha,ODI-4,Irrigation,Government,63.8,177,3,1292,Not Started,2,Partial Possession,1,1,1,42,5.8,68.4,2,3,84.5,0,1,96
LAP-13448,Bihar,BIH-4,Airport,Mixed,14.9,19,4,78,Fully Disbursed,92,Partial Possession,0,0,0,100,8.7,73.2,3,6,28.1,0,0,0
LAP-13449,Punjab,PUN-3,Highway,Private Agricultural,121.9,4,3,1459,Partially Disbursed,69,Award Declared,0,0,0,100,5.5,100.0,3,0,69.6,0,0,0
LAP-13450,Haryana,HAR-2,Highway,Government,19.4,50,2,332,Partially Disbursed,55,Full Possession,0,0,0,100,4.8,56.4,3,2,68.5,1,0,0
LAP-13451,West Bengal,WES-6,Urban Development,Forest,298.6,62,1,1039,Fully Disbursed,86,Survey Complete,0,0,0,100,6.9,93.3,1,6,18.4,0,0,0
LAP-13452,Chhattisgarh,CHH-6,Power Transmission,Private Agricultural,75.5,45,3,700,Partially Disbursed,20,Survey Complete,2,1,1,75,1.6,49.5,0,8,32.6,0,1,56
LAP-13453,Bihar,BIH-4,Urban Development,Mixed,140.7,37,1,336,Partially Disbursed,44,Survey Complete,0,0,0,100,5.7,88.8,2,6,35.2,0,0,0
LAP-13454,Odisha,ODI-2,Highway,Private Agricultural,30.4,14,4,630,Fully Disbursed,88,Survey Complete,0,0,1,32,5.1,72.1,2,6,45.2,0,1,18
LAP-13455,Karnataka,KAR-2,Industrial Corridor,Tribal,28.9,44,1,1402,Not Started,6,Award Declared,2,0,1,27,6.6,100.0,3,4,52.2,0,0,0
LAP-13456,Bihar,BIH-3,Renewable Energy,Forest,131.9,17,6,471,Partially Disbursed,15,Not Started,3,1,0,100,6.2,87.7,2,0,41.5,1,0,0
LAP-13457,Karnataka,KAR-2,Railway,Private Agricultural,14.7,91,3,206,Not Started,3,Award Declared,0,0,1,56,5.2,42.8,2,0,38.1,1,1,32
LAP-13458,Tamil Nadu,TAM-4,Urban Development,Government,12.1,29,3,944,Partially Disbursed,55,Award Declared,0,0,0,100,6.6,81.9,1,5,46.9,1,0,0
LAP-13459,Karnataka,KAR-5,Industrial Corridor,Private Agricultural,351.6,32,1,1405,Not Started,0,Partial Possession,2,1,0,100,4.7,57.9,1,4,44.0,0,0,0
LAP-13460,Odisha,ODI-2,Power Transmission,Private Agricultural,24.0,281,5,1299,Not Started,5,Partial Possession,1,0,0,100,6.1,41.0,2,6,89.2,0,0,0
LAP-13461,Tamil Nadu,TAM-2,Industrial Corridor,Private Agricultural,137.2,33,3,16,Partially Disbursed,46,Survey Complete,3,1,0,100,5.6,100.0,1,7,55.9,0,1,100
LAP-13462,Haryana,HAR-1,Railway,Private Agricultural,6.3,7,1,1093,Fully Disbursed,85,Full Possession,1,1,1,76,6.1,100.0,1,3,90.7,1,0,0
LAP-13463,Gujarat,GUJ-6,Irrigation,Mixed,13.8,5,1,400,Fully Disbursed,100,Not Started,2,1,0,100,9.9,31.8,2,2,45.3,0,0,0
LAP-13464,Odisha,ODI-1,Irrigation,Government,172.8,84,5,1249,Partially Disbursed,81,Full Possession,0,0,0,100,4.8,47.7,0,3,76.9,0,0,0
LAP-13465,Punjab,PUN-2,Highway,Mixed,23.9,26,6,862,Fully Disbursed,93,Not Started,3,1,0,100,7.6,62.7,2,6,12.3,0,1,57
LAP-13466,Telangana,TEL-4,Industrial Corridor,Tribal,98.7,21,4,1236,Fully Disbursed,98,Not Started,1,0,1,87,5.9,85.3,5,5,39.2,0,1,130
LAP-13467,Chhattisgarh,CHH-2,Urban Development,Private Agricultural,25.4,82,6,872,Not Started,2,Partial Possession,0,0,1,6,10.0,83.5,2,5,66.0,1,0,0
LAP-13468,Tamil Nadu,TAM-2,Railway,Private Agricultural,18.9,149,1,1100,Fully Disbursed,93,Survey Complete,3,1,0,100,6.8,44.3,2,5,51.4,1,1,494
LAP-13469,West Bengal,WES-3,Airport,Forest,36.7,47,6,1321,Partially Disbursed,12,Award Declared,2,1,0,100,7.7,55.0,3,4,28.2,0,1,81
LAP-13470,Bihar,BIH-2,Renewable Energy,Government,30.4,59,5,924,Partially Disbursed,35,Survey Complete,0,0,0,100,4.9,30.7,1,6,94.2,1,1,106
LAP-13471,Gujarat,GUJ-2,Urban Development,Tribal,11.2,49,1,904,Fully Disbursed,88,Not Started,0,0,0,100,6.0,79.3,4,7,12.2,0,1,33
LAP-13472,West Bengal,WES-1,Urban Development,Mixed,7.4,201,4,782,Not Started,2,Award Declared,0,0,1,27,6.5,57.1,0,3,51.3,0,1,7
LAP-13473,Tamil Nadu,TAM-6,Irrigation,Tribal,92.1,1324,6,251,Fully Disbursed,85,Not Started,1,1,1,99,9.8,60.9,3,4,53.2,0,0,0
LAP-13474,Karnataka,KAR-2,Industrial Corridor,Private Agricultural,24.5,180,1,1320,Fully Disbursed,89,Survey Complete,3,0,0,100,5.6,75.7,4,4,32.7,0,0,0
LAP-13475,Haryana,HAR-2,Urban Development,Private Agricultural,10.1,238,2,619,Fully Disbursed,88,Not Started,1,0,1,4,8.6,87.8,1,2,60.9,0,0,0
LAP-13476,Haryana,HAR-3,Railway,Private Agricultural,64.1,35,6,165,Partially Disbursed,56,Survey Complete,1,1,1,31,4.7,47.3,2,7,5.3,1,1,98
LAP-13477,Chhattisgarh,CHH-3,Industrial Corridor,Government,20.1,139,2,104,Not Started,0,Not Started,1,1,0,100,9.8,70.9,3,7,49.3,0,0,0
LAP-13478,Telangana,TEL-6,Irrigation,Private Agricultural,35.6,64,1,578,Partially Disbursed,65,Partial Possession,0,0,0,100,9.5,90.6,1,5,65.8,1,0,0
LAP-13479,Chhattisgarh,CHH-3,Railway,Mixed,12.6,12,4,644,Fully Disbursed,94,Award Declared,2,1,0,100,8.0,100.0,3,5,23.7,1,0,0
LAP-13480,Gujarat,GUJ-6,Highway,Mixed,12.5,20,6,1478,Not Started,2,Award Declared,1,1,0,100,4.4,75.6,0,0,89.8,0,1,142
LAP-13481,Telangana,TEL-1,Industrial Corridor,Forest,40.6,16,6,1399,Partially Disbursed,58,Partial Possession,1,1,0,100,9.8,97.2,2,1,59.6,0,0,0
LAP-13482,Bihar,BIH-1,Highway,Private Agricultural,70.3,27,2,1276,Fully Disbursed,89,Award Declared,1,1,1,3,6.3,96.3,6,6,32.0,0,1,95
LAP-13483,Haryana,HAR-2,Airport,Private Agricultural,3.5,143,3,699,Fully Disbursed,92,Survey Complete,1,1,0,100,8.7,65.7,1,5,79.2,1,0,0
LAP-13484,Madhya Pradesh,MAD-5,Airport,Private Agricultural,13.3,17,3,38,Partially Disbursed,11,Partial Possession,0,0,1,92,9.2,56.4,3,8,78.2,0,0,0
LAP-13485,Rajasthan,RAJ-3,Railway,Private Agricultural,11.6,74,2,698,Not Started,4,Partial Possession,1,1,0,100,5.4,55.2,1,2,51.1,1,0,0
LAP-13486,Odisha,ODI-5,Irrigation,Tribal,7.7,351,3,1304,Fully Disbursed,99,Full Possession,3,1,0,100,7.0,43.3,3,5,100.0,0,1,327
LAP-13487,Gujarat,GUJ-5,Renewable Energy,Government,8.9,199,6,991,Partially Disbursed,29,Award Declared,1,1,0,100,4.0,53.8,3,8,77.7,1,0,0
LAP-13488,Maharashtra,MAH-4,Highway,Private Agricultural,91.8,114,3,372,Fully Disbursed,89,Partial Possession,1,1,1,20,6.7,81.2,2,4,19.9,0,1,107
LAP-13489,Maharashtra,MAH-3,Irrigation,Private Agricultural,69.9,170,2,629,Fully Disbursed,93,Survey Complete,0,0,0,100,2.6,98.5,7,6,83.0,0,1,389
LAP-13490,Punjab,PUN-2,Power Transmission,Private Agricultural,132.6,150,3,1240,Not Started,2,Award Declared,2,1,1,33,6.6,18.7,2,1,93.5,1,1,117
LAP-13491,Rajasthan,RAJ-1,Industrial Corridor,Tribal,15.9,34,5,1340,Partially Disbursed,48,Not Started,0,0,1,17,3.1,61.9,1,5,13.5,1,0,0
LAP-13492,Karnataka,KAR-3,Industrial Corridor,Mixed,43.0,35,1,161,Partially Disbursed,41,Award Declared,1,0,0,100,1.1,43.3,1,0,8.9,1,0,0
LAP-13493,Maharashtra,MAH-4,Highway,Private Agricultural,13.9,180,1,183,Fully Disbursed,89,Award Declared,1,1,1,73,3.1,56.9,0,6,30.2,0,1,38
LAP-13494,Bihar,BIH-5,Renewable Energy,Private Agricultural,33.4,31,2,248,Not Started,4,Not Started,1,1,0,100,1.6,81.0,1,3,69.3,0,0,0
LAP-13495,Uttar Pradesh,UTT-4,Industrial Corridor,Private Agricultural,5.0,99,4,1356,Fully Disbursed,88,Award Declared,0,0,1,57,7.3,15.7,1,2,27.3,0,1,38
LAP-13496,Bihar,BIH-5,Power Transmission,Forest,36.1,385,4,424,Partially Disbursed,47,Full Possession,1,0,0,100,4.4,53.1,7,5,86.4,1,0,0
LAP-13497,Chhattisgarh,CHH-2,Urban Development,Tribal,50.8,149,1,303,Partially Disbursed,29,Award Declared,3,1,0,100,5.5,100.0,0,2,65.2,1,0,0
LAP-13498,Madhya Pradesh,MAD-6,Railway,Private Agricultural,73.4,6,6,856,Not Started,1,Not Started,1,0,1,59,6.0,63.2,3,4,61.8,0,0,0
LAP-13499,Rajasthan,RAJ-2,Urban Development,Tribal,90.6,136,6,151,Partially Disbursed,42,Not Started,2,0,0,100,6.2,74.6,1,8,77.7,0,0,0
LAP-13500,Bihar,BIH-2,Industrial Corridor,Private Agricultural,26.7,63,2,1138,Not Started,3,Survey Complete,0,0,1,97,4.6,72.4,1,2,45.3,0,0,0
LAP-13501,West Bengal,WES-3,Industrial Corridor,Tribal,11.1,140,3,865,Partially Disbursed,73,Not Started,5,1,0,100,8.6,51.0,2,6,100.0,0,1,59
LAP-13502,Uttar Pradesh,UTT-5,Railway,Mixed,12.3,786,3,398,Not Started,2,Award Declared,0,0,0,100,1.0,75.3,1,6,33.4,0,0,0
LAP-13503,Jharkhand,JHA-5,Urban Development,Government,13.0,5,5,1000,Fully Disbursed,85,Partial Possession,1,1,0,100,6.9,79.9,2,5,2.2,0,1,33
LAP-13504,Odisha,ODI-5,Urban Development,Private Agricultural,42.4,128,3,1064,Partially Disbursed,10,Not Started,1,1,1,12,5.7,72.4,4,4,46.1,1,1,140
LAP-13505,West Bengal,WES-2,Urban Development,Forest,26.6,278,6,922,Fully Disbursed,85,Award Declared,1,1,0,100,4.2,42.1,3,1,12.8,0,0,0
LAP-13506,Punjab,PUN-4,Urban Development,Tribal,90.5,192,2,820,Fully Disbursed,99,Not Started,1,1,1,78,5.9,73.9,1,1,57.8,0,0,0
LAP-13507,Madhya Pradesh,MAD-6,Urban Development,Private Agricultural,13.2,25,4,134,Partially Disbursed,44,Full Possession,0,0,0,100,5.0,29.0,3,3,87.0,0,0,0
LAP-13508,Karnataka,KAR-3,Railway,Forest,8.6,168,6,1325,Not Started,4,Full Possession,1,1,0,100,5.4,34.7,2,4,36.9,0,0,0
LAP-13509,Tamil Nadu,TAM-2,Highway,Tribal,37.6,173,1,1408,Partially Disbursed,41,Survey Complete,2,1,1,35,4.7,54.6,2,5,59.5,1,0,0
LAP-13510,Tamil Nadu,TAM-3,Urban Development,Mixed,41.0,18,1,292,Fully Disbursed,91,Not Started,0,0,1,71,5.2,75.6,3,4,28.3,0,0,0
LAP-13511,West Bengal,WES-4,Irrigation,Forest,29.2,15,6,928,Not Started,7,Partial Possession,2,1,0,100,8.0,60.8,2,6,47.6,1,1,123
LAP-13512,Uttar Pradesh,UTT-3,Urban Development,Private Agricultural,55.8,214,5,500,Fully Disbursed,95,Survey Complete,0,0,0,100,8.1,70.4,2,7,60.2,0,0,0
LAP-13513,Maharashtra,MAH-2,Airport,Tribal,27.2,2,2,1269,Partially Disbursed,44,Full Possession,2,1,0,100,6.2,74.4,2,3,70.6,1,0,0
LAP-13514,Punjab,PUN-3,Industrial Corridor,Forest,36.9,76,1,1413,Partially Disbursed,37,Full Possession,2,1,0,100,4.2,41.4,1,8,94.5,0,1,87
LAP-13515,Tamil Nadu,TAM-5,Railway,Government,13.0,131,5,1485,Partially Disbursed,33,Full Possession,1,0,1,13,4.3,69.2,1,6,88.1,1,1,173
LAP-13516,Bihar,BIH-3,Highway,Tribal,38.6,142,2,1352,Fully Disbursed,85,Full Possession,3,1,1,10,6.1,90.3,5,0,92.4,0,1,213
LAP-13517,Jharkhand,JHA-4,Urban Development,Private Agricultural,34.0,24,3,1396,Not Started,9,Survey Complete,1,0,1,79,7.0,45.7,5,2,70.3,0,0,0
LAP-13518,Tamil Nadu,TAM-3,Irrigation,Forest,36.3,299,5,886,Fully Disbursed,92,Not Started,2,1,0,100,10.0,39.1,4,0,45.3,1,0,0
LAP-13519,Bihar,BIH-5,Highway,Private Agricultural,24.8,41,6,389,Partially Disbursed,51,Survey Complete,1,0,1,64,7.1,47.8,4,6,78.5,0,0,0
LAP-13520,Bihar,BIH-5,Industrial Corridor,Private Agricultural,8.2,1002,2,97,Partially Disbursed,83,Full Possession,0,0,0,100,4.3,58.7,3,3,53.5,0,0,0
LAP-13521,Uttar Pradesh,UTT-2,Highway,Government,96.9,85,5,1078,Partially Disbursed,41,Not Started,0,0,0,100,6.9,47.7,1,1,100.0,1,0,0
LAP-13522,Maharashtra,MAH-5,Industrial Corridor,Private Agricultural,7.3,55,6,1380,Partially Disbursed,83,Full Possession,3,1,0,100,5.2,59.1,2,2,45.5,0,1,289
LAP-13523,Karnataka,KAR-5,Renewable Energy,Private Agricultural,16.0,15,3,1267,Fully Disbursed,95,Full Possession,0,0,0,100,6.6,56.5,1,7,60.9,1,1,190
LAP-13524,Tamil Nadu,TAM-2,Urban Development,Private Agricultural,15.7,120,2,1165,Partially Disbursed,14,Award Declared,0,0,1,0,9.2,63.0,3,3,60.3,0,0,0
LAP-13525,Gujarat,GUJ-1,Airport,Tribal,71.2,68,2,1270,Not Started,5,Award Declared,0,0,1,24,5.2,44.3,0,0,54.6,0,0,0
LAP-13526,Madhya Pradesh,MAD-3,Railway,Tribal,6.2,28,3,943,Partially Disbursed,48,Partial Possession,2,0,0,100,3.9,48.3,1,5,95.1,0,0,0
LAP-13527,Rajasthan,RAJ-4,Irrigation,Private Agricultural,47.4,105,4,980,Not Started,8,Award Declared,1,1,1,27,4.3,83.3,4,6,17.2,0,0,0
LAP-13528,Maharashtra,MAH-3,Airport,Forest,58.0,13,5,865,Not Started,4,Survey Complete,0,0,1,20,2.1,68.2,2,1,72.9,0,1,149
LAP-13529,Odisha,ODI-1,Irrigation,Private Agricultural,12.6,9,6,709,Partially Disbursed,83,Award Declared,0,0,1,76,4.3,62.0,2,7,73.3,0,1,34
LAP-13530,West Bengal,WES-2,Power Transmission,Mixed,163.8,15,1,162,Not Started,4,Not Started,1,0,0,100,6.2,47.1,1,8,44.5,0,0,0
LAP-13531,Karnataka,KAR-4,Railway,Tribal,26.2,52,3,1392,Fully Disbursed,87,Partial Possession,1,1,0,100,2.8,69.2,1,4,98.2,0,0,0
LAP-13532,Uttar Pradesh,UTT-4,Industrial Corridor,Private Agricultural,42.1,110,3,377,Partially Disbursed,11,Not Started,0,0,0,100,5.9,49.4,0,2,37.0,0,0,0
LAP-13533,Jharkhand,JHA-4,Power Transmission,Private Agricultural,10.7,90,2,268,Fully Disbursed,91,Survey Complete,0,0,1,14,8.4,25.7,1,4,55.2,0,0,0
LAP-13534,Karnataka,KAR-1,Power Transmission,Forest,55.4,15,4,1391,Not Started,5,Not Started,1,1,1,2,8.4,67.4,1,5,31.0,0,0,0
LAP-13535,Punjab,PUN-1,Urban Development,Private Agricultural,34.4,8,3,732,Partially Disbursed,37,Award Declared,4,1,1,36,7.9,43.6,3,6,13.2,0,1,110
LAP-13536,Chhattisgarh,CHH-5,Railway,Private Agricultural,35.4,75,2,1137,Partially Disbursed,53,Full Possession,0,0,0,100,6.2,62.5,1,2,44.1,0,0,0
LAP-13537,Telangana,TEL-3,Urban Development,Government,4.2,39,3,465,Not Started,3,Partial Possession,0,0,0,100,1.4,46.4,0,3,82.1,0,0,0
LAP-13538,Uttar Pradesh,UTT-5,Urban Development,Private Agricultural,129.1,8,2,1125,Fully Disbursed,89,Partial Possession,0,0,1,17,4.5,41.1,3,2,80.2,0,0,0
LAP-13539,Madhya Pradesh,MAD-3,Highway,Mixed,3.4,214,1,1171,Fully Disbursed,85,Award Declared,1,1,0,100,3.9,12.0,1,7,16.0,0,0,0
LAP-13540,Uttar Pradesh,UTT-1,Airport,Private Agricultural,21.5,10,2,1023,Partially Disbursed,31,Partial Possession,0,0,1,35,4.6,39.5,2,1,95.2,0,0,0
LAP-13541,Rajasthan,RAJ-6,Industrial Corridor,Tribal,31.7,62,2,763,Fully Disbursed,95,Award Declared,2,0,1,51,7.6,69.0,4,0,40.7,0,0,0
LAP-13542,Uttar Pradesh,UTT-4,Irrigation,Mixed,43.5,718,5,1118,Partially Disbursed,63,Partial Possession,2,1,0,100,7.0,75.3,1,8,42.5,1,1,213
LAP-13543,West Bengal,WES-6,Highway,Government,13.7,39,2,780,Not Started,5,Partial Possession,1,0,0,100,7.8,94.0,2,3,56.8,1,1,110
LAP-13544,Rajasthan,RAJ-6,Highway,Private Agricultural,6.9,32,1,647,Partially Disbursed,36,Not Started,2,1,0,100,7.8,57.8,2,1,25.6,0,0,0
LAP-13545,Chhattisgarh,CHH-4,Railway,Private Agricultural,32.5,345,2,902,Partially Disbursed,13,Not Started,3,1,0,100,7.6,54.0,1,5,65.0,0,1,55
LAP-13546,Tamil Nadu,TAM-6,Railway,Private Agricultural,303.2,17,4,439,Fully Disbursed,92,Partial Possession,1,0,1,49,6.9,77.6,3,5,69.6,1,0,0
LAP-13547,Odisha,ODI-2,Highway,Private Agricultural,20.5,144,2,919,Not Started,0,Not Started,0,0,0,100,8.9,79.5,2,0,29.7,0,0,0
LAP-13548,Haryana,HAR-1,Urban Development,Forest,104.6,571,1,1069,Partially Disbursed,22,Award Declared,0,0,0,100,3.1,75.9,1,1,66.9,0,0,0
LAP-13549,Jharkhand,JHA-1,Highway,Government,25.5,64,3,901,Not Started,5,Partial Possession,1,0,0,100,6.9,50.0,1,3,14.3,0,0,0
LAP-13550,Telangana,TEL-3,Industrial Corridor,Government,164.2,66,4,1234,Partially Disbursed,39,Partial Possession,1,1,0,100,8.4,45.8,2,6,34.3,0,1,35
LAP-13551,Haryana,HAR-1,Renewable Energy,Private Agricultural,8.0,9,6,162,Not Started,6,Award Declared,0,0,0,100,6.3,73.6,1,1,22.3,0,0,0
LAP-13552,Uttar Pradesh,UTT-2,Urban Development,Government,24.2,356,5,1431,Not Started,2,Partial Possession,0,0,0,100,6.0,64.2,2,5,32.1,0,0,0
LAP-13553,West Bengal,WES-6,Power Transmission,Forest,54.2,9,1,843,Not Started,9,Survey Complete,1,0,0,100,4.5,100.0,3,4,41.7,0,0,0
LAP-13554,Tamil Nadu,TAM-1,Railway,Private Agricultural,133.6,61,2,295,Not Started,6,Survey Complete,1,0,1,10,6.7,51.3,4,1,59.7,0,1,218
LAP-13555,Tamil Nadu,TAM-3,Renewable Energy,Private Agricultural,64.7,266,1,129,Fully Disbursed,89,Award Declared,0,0,1,32,2.4,100.0,1,7,60.2,1,1,28
LAP-13556,Maharashtra,MAH-3,Power Transmission,Mixed,2.1,164,5,963,Not Started,8,Full Possession,1,0,1,53,7.1,46.6,3,6,82.1,1,0,0
LAP-13557,Haryana,HAR-4,Power Transmission,Tribal,155.9,121,5,1358,Fully Disbursed,92,Partial Possession,0,0,1,35,5.5,72.0,0,2,82.4,0,0,0
LAP-13558,West Bengal,WES-6,Railway,Tribal,23.8,161,1,1403,Not Started,2,Not Started,3,1,1,1,6.0,53.5,2,4,48.2,0,1,147
LAP-13559,Odisha,ODI-6,Industrial Corridor,Tribal,21.5,63,6,237,Partially Disbursed,66,Survey Complete,1,1,1,60,7.7,66.7,1,5,57.1,0,1,86
LAP-13560,Chhattisgarh,CHH-2,Airport,Private Agricultural,24.9,148,5,119,Not Started,8,Survey Complete,0,0,1,28,6.1,64.3,2,7,59.1,0,1,83
LAP-13561,Rajasthan,RAJ-3,Highway,Private Agricultural,2.3,149,5,1178,Partially Disbursed,25,Not Started,0,0,0,100,4.9,78.2,5,2,29.1,0,0,0
LAP-13562,Gujarat,GUJ-1,Railway,Tribal,73.1,54,4,1261,Partially Disbursed,31,Survey Complete,0,0,0,100,6.4,57.2,2,2,73.6,0,0,0
LAP-13563,Tamil Nadu,TAM-5,Renewable Energy,Forest,82.6,72,4,166,Partially Disbursed,68,Award Declared,1,1,0,100,6.6,43.2,1,1,65.1,0,0,0
LAP-13564,Punjab,PUN-4,Urban Development,Tribal,20.6,44,2,1351,Not Started,7,Not Started,0,0,1,19,6.7,61.7,5,5,83.8,0,0,0
LAP-13565,Chhattisgarh,CHH-6,Industrial Corridor,Tribal,5.6,51,4,768,Not Started,9,Full Possession,3,1,1,64,7.5,52.8,3,2,100.0,1,1,51
LAP-13566,Bihar,BIH-6,Highway,Private Agricultural,9.3,22,4,1190,Partially Disbursed,56,Survey Complete,0,0,0,100,7.9,69.7,2,4,100.0,1,0,0
LAP-13567,Madhya Pradesh,MAD-1,Railway,Forest,2.5,35,5,649,Partially Disbursed,33,Partial Possession,0,0,0,100,3.7,57.5,1,5,32.1,1,0,0
LAP-13568,Haryana,HAR-3,Highway,Government,79.8,11,3,647,Fully Disbursed,86,Partial Possession,0,0,0,100,6.5,51.1,1,2,81.4,1,0,0
LAP-13569,Maharashtra,MAH-5,Highway,Forest,31.8,108,2,570,Partially Disbursed,59,Not Started,1,1,0,100,7.6,62.4,2,8,85.4,0,0,0
LAP-13570,Rajasthan,RAJ-4,Irrigation,Private Agricultural,99.2,69,5,356,Partially Disbursed,50,Partial Possession,0,0,0,100,5.0,32.7,0,3,54.1,0,0,0
LAP-13571,Gujarat,GUJ-2,Industrial Corridor,Private Agricultural,30.0,102,1,670,Not Started,9,Not Started,0,0,1,30,7.8,80.9,3,0,27.5,0,0,0
LAP-13572,Telangana,TEL-2,Airport,Forest,63.5,555,1,1169,Not Started,1,Not Started,4,0,1,21,3.6,79.6,3,6,59.7,1,1,421
LAP-13573,Jharkhand,JHA-5,Railway,Forest,11.2,60,4,1357,Partially Disbursed,27,Survey Complete,1,0,0,100,8.1,64.9,1,8,49.8,1,0,0
LAP-13574,Telangana,TEL-3,Highway,Private Agricultural,37.7,35,6,1125,Fully Disbursed,92,Partial Possession,0,0,0,100,6.6,100.0,2,2,37.0,0,0,0
LAP-13575,Uttar Pradesh,UTT-6,Airport,Private Agricultural,1.9,84,2,378,Fully Disbursed,86,Partial Possession,0,0,0,100,4.5,43.4,3,7,61.0,0,1,169
LAP-13576,Maharashtra,MAH-6,Railway,Mixed,6.4,687,2,173,Fully Disbursed,86,Partial Possession,2,0,0,100,10.0,42.4,2,0,34.5,0,0,0
LAP-13577,Madhya Pradesh,MAD-5,Urban Development,Forest,24.2,340,2,943,Partially Disbursed,81,Survey Complete,1,1,0,100,6.4,50.2,2,0,72.2,0,0,0
LAP-13578,Uttar Pradesh,UTT-6,Highway,Forest,48.5,26,3,848,Partially Disbursed,76,Partial Possession,1,1,0,100,5.5,43.4,2,6,45.2,0,1,48
LAP-13579,Telangana,TEL-4,Power Transmission,Private Agricultural,11.7,85,2,458,Not Started,4,Not Started,2,0,0,100,2.5,51.9,2,1,71.3,0,1,62
LAP-13580,Karnataka,KAR-4,Highway,Forest,69.7,299,3,839,Partially Disbursed,29,Not Started,1,1,0,100,8.4,49.9,1,6,53.4,0,0,0
LAP-13581,Jharkhand,JHA-4,Industrial Corridor,Private Agricultural,63.6,100,1,428,Not Started,5,Award Declared,1,0,1,57,5.3,81.7,1,0,70.1,0,0,0
LAP-13582,Maharashtra,MAH-1,Railway,Mixed,19.3,57,5,1175,Fully Disbursed,95,Not Started,2,1,0,100,6.7,55.6,0,3,60.7,1,0,0
LAP-13583,Uttar Pradesh,UTT-1,Urban Development,Private Agricultural,3.5,216,6,1089,Partially Disbursed,58,Award Declared,0,0,1,89,4.8,78.1,0,0,31.6,0,0,0
LAP-13584,Karnataka,KAR-6,Urban Development,Private Agricultural,18.8,236,1,1343,Partially Disbursed,48,Not Started,1,1,1,88,4.6,96.3,4,1,55.1,0,1,291
LAP-13585,Bihar,BIH-4,Railway,Private Agricultural,39.5,26,1,193,Fully Disbursed,94,Not Started,0,0,0,100,6.1,66.0,1,3,98.8,1,1,113
LAP-13586,Madhya Pradesh,MAD-3,Power Transmission,Mixed,17.6,64,5,1032,Fully Disbursed,87,Full Possession,0,0,0,100,7.4,21.2,3,0,54.1,0,0,0
LAP-13587,Madhya Pradesh,MAD-3,Railway,Private Agricultural,71.1,17,3,1062,Fully Disbursed,85,Partial Possession,2,1,1,27,6.6,62.7,1,4,91.8,1,1,234
LAP-13588,Punjab,PUN-2,Irrigation,Private Agricultural,106.1,45,1,1136,Not Started,4,Award Declared,0,0,1,81,4.8,66.2,2,1,57.8,0,0,0
LAP-13589,Karnataka,KAR-2,Railway,Tribal,7.0,43,5,1140,Not Started,8,Full Possession,0,0,1,87,5.7,81.5,2,0,99.4,1,0,0
LAP-13590,West Bengal,WES-6,Renewable Energy,Private Agricultural,15.3,30,2,824,Fully Disbursed,95,Partial Possession,0,0,1,58,6.2,55.2,2,0,34.8,0,0,0
LAP-13591,Maharashtra,MAH-6,Renewable Energy,Forest,9.7,38,5,175,Fully Disbursed,87,Survey Complete,0,0,0,100,5.8,5.0,1,7,36.0,1,1,22
LAP-13592,Maharashtra,MAH-5,Railway,Private Agricultural,35.4,102,2,957,Partially Disbursed,37,Partial Possession,0,0,1,70,7.0,59.7,2,5,28.4,0,0,0
LAP-13593,Telangana,TEL-6,Highway,Government,10.6,559,6,1260,Partially Disbursed,52,Partial Possession,2,1,0,100,6.5,46.1,2,8,12.7,0,0,0
LAP-13594,Chhattisgarh,CHH-5,Urban Development,Tribal,30.7,14,5,1436,Not Started,6,Partial Possession,2,0,1,38,5.7,64.8,2,1,29.3,0,0,0
LAP-13595,Gujarat,GUJ-3,Power Transmission,Mixed,8.2,54,6,179,Not Started,7,Award Declared,1,1,0,100,5.5,34.2,0,7,35.8,0,1,136
LAP-13596,West Bengal,WES-2,Highway,Government,3.7,169,3,760,Fully Disbursed,95,Not Started,0,0,0,100,9.7,41.5,2,2,79.0,0,0,0
LAP-13597,Punjab,PUN-4,Renewable Energy,Tribal,25.5,43,4,186,Partially Disbursed,40,Partial Possession,1,1,0,100,5.2,24.0,9,3,66.7,1,0,0
LAP-13598,Madhya Pradesh,MAD-5,Irrigation,Private Agricultural,12.6,63,4,488,Fully Disbursed,99,Not Started,1,1,1,7,6.3,68.4,1,2,63.2,0,0,0
LAP-13599,Punjab,PUN-4,Airport,Private Agricultural,39.9,81,4,1034,Partially Disbursed,63,Not Started,0,0,1,27,6.7,51.3,2,2,4.8,0,0,0
LAP-13600,Telangana,TEL-1,Airport,Private Agricultural,45.4,61,3,498,Not Started,7,Not Started,1,1,1,82,6.4,71.3,4,8,26.3,1,1,128
LAP-13601,Tamil Nadu,TAM-5,Highway,Government,6.5,6,5,795,Partially Disbursed,44,Survey Complete,0,0,0,100,4.8,100.0,1,3,57.7,0,0,0
LAP-13602,Gujarat,GUJ-6,Irrigation,Private Agricultural,20.0,5,1,1174,Not Started,6,Partial Possession,1,0,0,100,9.6,45.7,1,6,39.3,1,0,0
LAP-13603,West Bengal,WES-4,Urban Development,Mixed,10.5,25,6,1217,Partially Disbursed,33,Partial Possession,2,0,0,100,9.2,38.7,0,4,34.6,1,0,0
LAP-13604,Odisha,ODI-4,Power Transmission,Mixed,2.5,52,2,306,Partially Disbursed,22,Full Possession,2,0,0,100,4.0,66.1,2,3,65.9,1,0,0
LAP-13605,Bihar,BIH-2,Industrial Corridor,Private Agricultural,280.7,29,6,803,Partially Disbursed,10,Not Started,2,0,1,3,5.4,70.7,1,1,57.2,0,1,378
LAP-13606,Uttar Pradesh,UTT-1,Airport,Private Agricultural,42.3,135,2,105,Partially Disbursed,21,Not Started,0,0,0,100,9.0,37.8,1,5,56.9,0,0,0
LAP-13607,Odisha,ODI-5,Irrigation,Forest,14.5,16,3,1448,Fully Disbursed,100,Partial Possession,3,0,1,95,5.2,17.4,3,3,77.8,0,0,0
LAP-13608,Gujarat,GUJ-4,Highway,Forest,46.4,424,2,1222,Not Started,2,Full Possession,0,0,0,100,7.2,86.1,1,1,51.4,0,0,0
LAP-13609,Karnataka,KAR-2,Urban Development,Tribal,24.9,118,1,242,Fully Disbursed,89,Partial Possession,1,1,1,17,5.8,51.3,0,3,79.5,0,1,131
LAP-13610,Odisha,ODI-5,Highway,Private Agricultural,10.1,39,4,1014,Partially Disbursed,76,Not Started,0,0,1,66,5.5,76.3,4,2,66.7,1,1,71
LAP-13611,Rajasthan,RAJ-1,Highway,Private Agricultural,57.6,34,3,253,Partially Disbursed,57,Not Started,1,0,0,100,7.4,87.9,2,2,61.2,1,0,0
LAP-13612,Tamil Nadu,TAM-1,Urban Development,Government,236.9,23,2,1186,Not Started,0,Survey Complete,1,1,0,100,4.5,82.8,2,1,82.5,1,0,0
LAP-13613,Madhya Pradesh,MAD-5,Irrigation,Tribal,33.2,136,3,1327,Not Started,8,Full Possession,0,0,1,24,5.2,22.0,0,8,50.8,1,1,66
LAP-13614,Rajasthan,RAJ-5,Irrigation,Private Agricultural,6.1,119,6,1312,Partially Disbursed,55,Survey Complete,0,0,1,57,7.5,54.5,4,8,59.9,0,1,237
LAP-13615,Maharashtra,MAH-5,Industrial Corridor,Private Agricultural,9.3,47,6,357,Partially Disbursed,28,Partial Possession,1,0,1,78,5.8,72.2,1,5,74.2,0,0,0
LAP-13616,Maharashtra,MAH-3,Renewable Energy,Private Agricultural,17.7,676,1,309,Not Started,0,Not Started,0,0,0,100,1.5,47.3,2,3,16.5,0,1,91
LAP-13617,Punjab,PUN-2,Irrigation,Mixed,47.4,146,4,739,Not Started,3,Not Started,0,0,1,98,3.0,42.2,0,7,45.7,0,0,0
LAP-13618,Maharashtra,MAH-1,Urban Development,Private Agricultural,130.6,221,5,845,Partially Disbursed,73,Partial Possession,1,0,0,100,6.6,100.0,4,8,33.6,0,0,0
LAP-13619,Maharashtra,MAH-6,Urban Development,Tribal,22.3,83,2,1472,Not Started,5,Survey Complete,2,1,1,75,6.1,56.3,7,1,65.0,0,1,60
LAP-13620,Madhya Pradesh,MAD-2,Railway,Private Agricultural,28.6,88,5,1136,Partially Disbursed,27,Partial Possession,0,0,0,100,5.3,61.4,1,3,45.5,0,0,0
LAP-13621,Tamil Nadu,TAM-1,Highway,Tribal,23.2,17,1,657,Fully Disbursed,94,Partial Possession,1,1,1,79,7.6,100.0,3,6,18.4,1,1,103
LAP-13622,Madhya Pradesh,MAD-2,Urban Development,Forest,638.7,137,4,569,Not Started,0,Partial Possession,1,0,1,79,7.0,59.2,1,8,0.3,0,1,83
LAP-13623,Karnataka,KAR-6,Airport,Forest,3.1,11,2,1383,Fully Disbursed,88,Full Possession,1,0,0,100,9.8,52.0,3,4,39.0,0,0,0
LAP-13624,Punjab,PUN-3,Highway,Tribal,86.8,77,5,1114,Partially Disbursed,13,Not Started,1,1,1,43,5.0,54.7,0,3,74.3,1,0,0
LAP-13625,Odisha,ODI-1,Industrial Corridor,Forest,156.4,16,5,126,Partially Disbursed,20,Award Declared,2,0,0,100,2.1,48.9,0,4,48.4,0,1,133
LAP-13626,Madhya Pradesh,MAD-5,Railway,Government,8.1,58,5,874,Fully Disbursed,93,Award Declared,0,0,0,100,4.6,69.8,4,1,4.1,1,1,18
LAP-13627,Karnataka,KAR-6,Industrial Corridor,Private Agricultural,136.8,24,3,714,Not Started,1,Partial Possession,1,1,0,100,7.6,43.5,2,0,89.8,0,1,137
LAP-13628,Chhattisgarh,CHH-5,Renewable Energy,Private Agricultural,24.5,43,6,341,Not Started,6,Partial Possession,0,0,1,73,7.7,48.6,1,5,65.9,0,1,165
LAP-13629,Odisha,ODI-1,Irrigation,Government,63.6,10,3,1280,Fully Disbursed,96,Survey Complete,1,1,0,100,5.3,65.9,5,5,41.0,0,1,374
LAP-13630,Maharashtra,MAH-1,Power Transmission,Private Agricultural,2.1,49,2,657,Not Started,8,Partial Possession,0,0,1,5,6.4,47.2,2,0,38.1,0,0,0
LAP-13631,Punjab,PUN-3,Highway,Forest,20.8,69,4,26,Partially Disbursed,16,Partial Possession,1,1,0,100,8.1,91.0,0,8,70.6,0,1,62
LAP-13632,Gujarat,GUJ-6,Irrigation,Private Agricultural,77.1,79,5,326,Partially Disbursed,46,Award Declared,1,1,1,8,3.4,77.9,5,4,91.4,1,0,0
LAP-13633,Chhattisgarh,CHH-6,Urban Development,Private Agricultural,491.5,245,4,1006,Fully Disbursed,93,Full Possession,0,0,0,100,6.0,55.4,1,0,57.5,0,0,0
LAP-13634,Chhattisgarh,CHH-4,Highway,Tribal,44.1,23,1,1350,Not Started,9,Award Declared,5,0,1,40,4.3,78.6,1,1,70.5,0,0,0
LAP-13635,Jharkhand,JHA-6,Irrigation,Government,74.5,144,6,523,Partially Disbursed,48,Survey Complete,3,1,0,100,8.4,72.4,2,4,40.3,1,0,0
LAP-13636,Tamil Nadu,TAM-6,Highway,Forest,4.2,257,2,394,Partially Disbursed,45,Survey Complete,3,1,0,100,6.5,78.2,3,8,54.3,1,0,0
LAP-13637,Telangana,TEL-3,Highway,Private Agricultural,45.3,21,3,1081,Partially Disbursed,12,Survey Complete,0,0,0,100,4.3,72.7,1,6,48.5,1,0,0
LAP-13638,West Bengal,WES-1,Urban Development,Private Agricultural,27.8,55,1,527,Not Started,8,Partial Possession,1,1,0,100,5.4,83.1,0,1,58.4,1,0,0
LAP-13639,Rajasthan,RAJ-5,Irrigation,Government,13.6,132,1,1277,Not Started,4,Survey Complete,0,0,0,100,3.7,52.7,1,7,85.6,0,1,37
LAP-13640,Karnataka,KAR-2,Urban Development,Mixed,172.5,6,4,644,Partially Disbursed,11,Survey Complete,3,0,1,26,7.7,53.2,3,7,28.1,0,1,147
LAP-13641,Madhya Pradesh,MAD-3,Power Transmission,Forest,33.3,4,4,989,Not Started,0,Partial Possession,0,0,0,100,8.1,37.2,3,8,91.8,1,0,0
LAP-13642,Tamil Nadu,TAM-5,Urban Development,Private Agricultural,22.7,89,5,926,Partially Disbursed,68,Survey Complete,0,0,1,8,4.2,77.5,2,6,41.9,0,0,0
LAP-13643,Uttar Pradesh,UTT-2,Highway,Government,16.8,35,1,1013,Not Started,1,Full Possession,1,1,0,100,4.5,79.0,0,7,34.5,1,1,76
LAP-13644,Uttar Pradesh,UTT-2,Urban Development,Mixed,6.9,50,6,184,Not Started,2,Survey Complete,0,0,1,14,4.2,90.3,1,2,12.6,1,0,0
LAP-13645,Tamil Nadu,TAM-5,Irrigation,Government,212.5,29,4,718,Partially Disbursed,51,Not Started,1,1,1,26,7.2,83.7,2,4,44.0,1,1,103
LAP-13646,Rajasthan,RAJ-4,Highway,Forest,83.0,2,5,1280,Not Started,4,Survey Complete,3,1,0,100,4.8,62.3,3,3,57.6,0,0,0
LAP-13647,West Bengal,WES-4,Railway,Mixed,34.9,11,3,1471,Not Started,2,Not Started,0,0,0,100,3.1,71.6,3,0,73.0,1,0,0
LAP-13648,Jharkhand,JHA-5,Railway,Private Agricultural,48.4,136,4,61,Fully Disbursed,87,Not Started,1,0,1,50,6.9,58.8,0,4,100.0,1,0,0
LAP-13649,Haryana,HAR-6,Highway,Tribal,8.8,179,3,448,Not Started,6,Partial Possession,2,1,1,11,8.0,32.9,2,7,65.6,1,1,205
LAP-13650,Chhattisgarh,CHH-4,Renewable Energy,Private Agricultural,13.1,31,3,606,Partially Disbursed,52,Not Started,0,0,1,30,3.0,62.3,2,0,40.9,0,0,0
LAP-13651,Madhya Pradesh,MAD-4,Urban Development,Forest,22.6,34,3,916,Partially Disbursed,80,Not Started,1,1,0,100,4.7,82.3,2,6,10.9,1,0,0
LAP-13652,Gujarat,GUJ-2,Industrial Corridor,Forest,8.6,34,2,736,Partially Disbursed,24,Partial Possession,2,1,0,100,6.2,43.3,0,4,59.0,0,1,273
LAP-13653,Rajasthan,RAJ-4,Industrial Corridor,Government,17.7,70,1,443,Not Started,0,Award Declared,1,0,0,100,3.7,45.6,5,6,83.5,1,0,0
LAP-13654,Rajasthan,RAJ-6,Highway,Tribal,5.9,41,5,1052,Not Started,9,Full Possession,3,0,1,16,1.8,46.8,2,0,47.3,0,1,96
LAP-13655,Bihar,BIH-3,Urban Development,Mixed,7.8,53,4,536,Not Started,6,Partial Possession,0,0,0,100,6.0,81.5,3,6,33.2,0,0,0
LAP-13656,Rajasthan,RAJ-1,Urban Development,Mixed,34.7,55,1,1056,Partially Disbursed,22,Award Declared,1,1,1,19,6.2,72.7,5,8,30.9,0,1,30
LAP-13657,Maharashtra,MAH-5,Irrigation,Private Agricultural,5.6,77,6,538,Not Started,8,Full Possession,0,0,1,45,8.8,63.8,0,3,22.1,0,1,71
LAP-13658,Telangana,TEL-2,Urban Development,Forest,26.8,36,4,120,Not Started,9,Survey Complete,1,0,0,100,4.1,90.1,3,8,0.0,1,0,0
LAP-13659,West Bengal,WES-2,Urban Development,Tribal,63.7,212,6,1275,Partially Disbursed,71,Full Possession,0,0,1,33,5.7,48.5,2,0,28.3,0,0,0
LAP-13660,Madhya Pradesh,MAD-6,Highway,Private Agricultural,35.5,14,5,81,Fully Disbursed,85,Award Declared,2,1,1,75,4.6,53.2,1,5,72.9,1,0,0
LAP-13661,Telangana,TEL-1,Irrigation,Tribal,39.2,8,2,903,Partially Disbursed,59,Survey Complete,0,0,0,100,1.9,63.6,3,4,63.1,1,1,253
LAP-13662,Telangana,TEL-6,Highway,Private Agricultural,28.6,80,2,694,Partially Disbursed,24,Partial Possession,2,1,0,100,7.1,76.5,2,8,59.5,1,1,187
LAP-13663,Uttar Pradesh,UTT-2,Railway,Private Agricultural,27.9,5,1,27,Fully Disbursed,90,Not Started,1,1,0,100,1.6,44.8,2,8,30.2,1,1,224
LAP-13664,Chhattisgarh,CHH-2,Railway,Forest,24.5,42,2,136,Partially Disbursed,28,Not Started,1,0,0,100,3.9,19.2,4,4,49.2,0,1,165
LAP-13665,Chhattisgarh,CHH-6,Railway,Government,30.0,34,2,1282,Partially Disbursed,32,Award Declared,2,0,0,100,6.4,100.0,3,4,77.6,1,0,0
LAP-13666,West Bengal,WES-3,Highway,Government,166.7,10,3,904,Fully Disbursed,89,Partial Possession,0,0,0,100,4.3,61.2,1,2,82.2,0,0,0
LAP-13667,Maharashtra,MAH-2,Highway,Tribal,67.7,12,1,46,Fully Disbursed,88,Full Possession,2,1,1,48,5.5,65.4,1,2,34.8,1,0,0
LAP-13668,Odisha,ODI-2,Highway,Mixed,41.1,33,6,187,Partially Disbursed,57,Not Started,1,0,0,100,5.3,75.9,3,1,91.6,0,0,0
LAP-13669,Telangana,TEL-3,Railway,Government,59.9,154,1,774,Fully Disbursed,86,Award Declared,0,0,0,100,2.3,60.1,4,4,33.1,0,1,54
LAP-13670,Tamil Nadu,TAM-3,Irrigation,Private Agricultural,30.5,21,3,1395,Not Started,3,Award Declared,0,0,0,100,8.6,41.1,3,6,62.8,0,0,0
LAP-13671,Karnataka,KAR-3,Urban Development,Tribal,1.9,291,2,1125,Fully Disbursed,96,Survey Complete,0,0,0,100,6.2,79.9,0,5,75.3,0,0,0
LAP-13672,West Bengal,WES-4,Highway,Private Agricultural,55.1,79,1,935,Not Started,9,Not Started,0,0,0,100,7.4,93.1,0,2,82.6,1,0,0
LAP-13673,Karnataka,KAR-5,Irrigation,Private Agricultural,70.5,135,2,786,Partially Disbursed,14,Full Possession,1,1,0,100,7.0,27.2,3,8,47.7,0,0,0
LAP-13674,Haryana,HAR-5,Urban Development,Tribal,108.5,152,6,647,Not Started,4,Award Declared,1,1,1,22,8.6,85.5,2,4,23.7,0,0,0
LAP-13675,Uttar Pradesh,UTT-5,Highway,Private Agricultural,15.3,13,3,625,Fully Disbursed,89,Survey Complete,2,0,0,100,4.7,30.9,1,1,77.7,0,0,0
LAP-13676,Karnataka,KAR-1,Urban Development,Mixed,1.5,102,2,716,Partially Disbursed,81,Partial Possession,0,0,1,96,6.6,57.5,1,7,62.5,0,0,0
LAP-13677,Telangana,TEL-6,Highway,Tribal,20.1,69,1,1348,Partially Disbursed,79,Partial Possession,1,0,0,100,4.0,73.4,1,7,78.5,0,0,0
LAP-13678,Chhattisgarh,CHH-1,Renewable Energy,Forest,18.6,40,5,125,Fully Disbursed,96,Partial Possession,1,1,0,100,5.2,41.2,2,6,45.2,0,0,0
LAP-13679,Jharkhand,JHA-5,Highway,Private Agricultural,10.8,25,5,1248,Not Started,3,Not Started,1,1,1,86,8.3,68.1,2,4,82.6,0,0,0
LAP-13680,Haryana,HAR-4,Highway,Tribal,24.3,217,5,525,Partially Disbursed,45,Survey Complete,2,1,0,100,5.8,46.7,1,5,31.2,0,1,162
LAP-13681,Haryana,HAR-5,Renewable Energy,Government,20.9,21,6,15,Partially Disbursed,38,Survey Complete,0,0,0,100,5.9,87.9,4,1,44.3,0,0,0
LAP-13682,Rajasthan,RAJ-6,Railway,Forest,3.7,139,2,801,Fully Disbursed,90,Partial Possession,3,1,1,88,7.6,63.8,3,3,57.5,0,0,0
LAP-13683,Odisha,ODI-1,Railway,Government,19.7,8,4,801,Partially Disbursed,58,Survey Complete,1,1,0,100,6.1,33.3,3,4,76.0,0,1,93
LAP-13684,Tamil Nadu,TAM-5,Industrial Corridor,Forest,6.2,151,4,1043,Not Started,6,Survey Complete,3,1,1,7,3.2,76.6,2,0,51.8,0,0,0
LAP-13685,Telangana,TEL-4,Renewable Energy,Mixed,44.5,13,4,986,Not Started,1,Award Declared,1,1,0,100,5.8,100.0,1,8,31.8,0,0,0
LAP-13686,Jharkhand,JHA-1,Urban Development,Mixed,61.6,74,4,562,Partially Disbursed,27,Not Started,0,0,1,91,5.3,47.0,3,7,70.0,1,1,31
LAP-13687,Rajasthan,RAJ-6,Railway,Private Agricultural,34.5,80,4,718,Partially Disbursed,27,Not Started,0,0,0,100,8.3,84.7,1,2,49.0,0,0,0
LAP-13688,Tamil Nadu,TAM-6,Irrigation,Private Agricultural,12.0,51,2,369,Not Started,3,Not Started,0,0,1,84,4.2,62.9,2,1,82.1,0,0,0
LAP-13689,Telangana,TEL-2,Highway,Forest,3.8,19,6,1435,Partially Disbursed,11,Partial Possession,1,0,0,100,4.5,66.4,2,3,39.0,1,0,0
LAP-13690,West Bengal,WES-3,Highway,Mixed,64.2,26,6,546,Not Started,3,Full Possession,1,0,1,36,5.3,56.3,1,2,54.0,1,0,0
LAP-13691,Rajasthan,RAJ-2,Power Transmission,Mixed,17.1,88,5,722,Not Started,7,Partial Possession,0,0,0,100,5.5,47.9,0,6,39.3,0,0,0
LAP-13692,Uttar Pradesh,UTT-1,Power Transmission,Private Agricultural,4.5,43,3,1164,Partially Disbursed,38,Partial Possession,0,0,1,0,6.1,63.0,3,8,48.2,0,0,0
LAP-13693,Rajasthan,RAJ-4,Renewable Energy,Forest,34.6,7,4,810,Partially Disbursed,55,Survey Complete,0,0,0,100,10.0,28.2,3,0,58.2,0,0,0
LAP-13694,Tamil Nadu,TAM-2,Highway,Tribal,54.4,193,4,990,Not Started,4,Partial Possession,1,1,0,100,8.8,91.3,2,3,77.5,1,0,0
LAP-13695,Chhattisgarh,CHH-4,Highway,Tribal,12.1,14,5,781,Not Started,4,Partial Possession,3,0,1,93,7.1,62.2,6,5,45.8,1,0,0
LAP-13696,Telangana,TEL-2,Highway,Tribal,20.8,37,1,328,Partially Disbursed,37,Not Started,3,0,1,72,9.1,41.1,2,1,20.8,1,0,0
LAP-13697,Karnataka,KAR-6,Power Transmission,Tribal,14.3,135,3,56,Not Started,1,Full Possession,0,0,1,53,5.4,12.1,2,8,49.0,1,0,0
LAP-13698,West Bengal,WES-4,Highway,Private Agricultural,16.7,45,6,496,Partially Disbursed,47,Partial Possession,2,0,1,34,3.7,59.8,1,0,61.6,0,0,0
LAP-13699,Madhya Pradesh,MAD-6,Highway,Private Agricultural,21.5,16,6,1373,Fully Disbursed,89,Partial Possession,1,1,0,100,4.8,87.1,1,4,55.3,0,0,0
LAP-13700,Uttar Pradesh,UTT-6,Industrial Corridor,Private Agricultural,9.4,126,6,637,Partially Disbursed,80,Full Possession,3,1,0,100,8.9,58.8,3,6,33.8,0,0,0
LAP-13701,Bihar,BIH-6,Railway,Mixed,66.7,309,6,76,Not Started,2,Award Declared,0,0,0,100,4.1,59.6,1,0,67.5,0,0,0
LAP-13702,Karnataka,KAR-2,Power Transmission,Mixed,2.2,1104,2,1157,Partially Disbursed,32,Partial Possession,0,0,0,100,6.8,55.9,2,4,42.4,1,0,0
LAP-13703,Chhattisgarh,CHH-1,Highway,Private Agricultural,27.9,48,3,1204,Partially Disbursed,13,Partial Possession,0,0,1,42,7.8,58.3,0,5,37.2,0,0,0
LAP-13704,Karnataka,KAR-6,Renewable Energy,Government,10.4,61,5,1045,Not Started,5,Award Declared,1,1,0,100,6.1,100.0,2,4,84.2,0,1,210
LAP-13705,Jharkhand,JHA-4,Airport,Private Agricultural,40.6,44,5,510,Partially Disbursed,33,Full Possession,0,0,1,24,5.3,73.8,6,8,47.0,0,0,0
LAP-13706,Gujarat,GUJ-5,Highway,Mixed,68.4,9,2,25,Fully Disbursed,93,Award Declared,4,0,0,100,5.2,40.4,3,1,30.1,0,0,0
LAP-13707,Uttar Pradesh,UTT-1,Industrial Corridor,Forest,100.2,99,4,1088,Fully Disbursed,85,Award Declared,1,0,1,75,1.5,61.6,2,4,63.2,0,0,0
LAP-13708,Uttar Pradesh,UTT-5,Power Transmission,Private Agricultural,71.9,45,5,32,Fully Disbursed,100,Survey Complete,0,0,1,38,3.3,29.1,1,5,100.0,0,1,244
LAP-13709,Uttar Pradesh,UTT-2,Irrigation,Private Agricultural,19.6,10,1,781,Not Started,8,Full Possession,0,0,1,75,4.7,34.6,1,4,61.5,0,0,0
LAP-13710,West Bengal,WES-4,Railway,Private Agricultural,16.7,11,1,842,Not Started,2,Full Possession,0,0,0,100,6.6,41.9,1,7,62.4,0,0,0
LAP-13711,Uttar Pradesh,UTT-4,Industrial Corridor,Tribal,5.6,47,1,903,Fully Disbursed,85,Survey Complete,0,0,0,100,5.8,47.3,1,7,86.9,0,0,0
LAP-13712,Jharkhand,JHA-2,Industrial Corridor,Forest,186.7,178,6,1457,Not Started,4,Survey Complete,2,0,0,100,7.2,100.0,2,1,46.5,0,0,0
LAP-13713,Rajasthan,RAJ-1,Power Transmission,Forest,3.2,23,2,617,Partially Disbursed,28,Full Possession,1,1,0,100,4.1,55.7,2,5,42.0,1,0,0
LAP-13714,Rajasthan,RAJ-5,Highway,Private Agricultural,164.5,3,1,1445,Not Started,8,Partial Possession,0,0,1,94,5.8,59.6,2,8,53.4,0,0,0
LAP-13715,Punjab,PUN-3,Industrial Corridor,Tribal,148.2,35,4,166,Not Started,4,Partial Possession,1,0,1,60,7.9,78.5,1,4,55.7,0,0,0
LAP-13716,Maharashtra,MAH-6,Urban Development,Forest,27.8,180,4,1054,Partially Disbursed,49,Not Started,1,0,0,100,10.0,92.6,1,6,39.2,1,0,0
LAP-13717,Punjab,PUN-5,Highway,Forest,77.3,74,2,1403,Partially Disbursed,23,Full Possession,1,1,0,100,7.0,71.3,4,5,55.1,0,1,64
LAP-13718,Punjab,PUN-5,Urban Development,Government,7.6,29,6,909,Not Started,3,Survey Complete,0,0,0,100,3.4,74.3,0,7,44.6,0,0,0
LAP-13719,Madhya Pradesh,MAD-2,Irrigation,Private Agricultural,2.6,46,6,1465,Not Started,8,Award Declared,0,0,1,85,8.0,83.5,3,2,71.5,0,0,0
LAP-13720,Odisha,ODI-1,Highway,Forest,47.6,75,5,22,Partially Disbursed,80,Full Possession,5,1,0,100,5.6,69.3,0,8,87.2,0,0,0
LAP-13721,Odisha,ODI-4,Highway,Private Agricultural,12.9,11,2,1389,Fully Disbursed,86,Not Started,1,1,0,100,4.6,30.4,3,6,94.5,0,0,0
LAP-13722,Chhattisgarh,CHH-6,Irrigation,Mixed,53.4,41,4,1467,Not Started,8,Not Started,0,0,1,59,9.9,72.0,4,6,31.6,0,0,0
LAP-13723,Gujarat,GUJ-3,Irrigation,Private Agricultural,2.9,944,6,194,Not Started,2,Award Declared,0,0,1,47,4.5,53.8,2,4,65.8,1,0,0
LAP-13724,Jharkhand,JHA-4,Power Transmission,Tribal,14.4,41,1,387,Partially Disbursed,16,Partial Possession,1,1,1,26,4.9,49.7,1,5,44.0,0,0,0
LAP-13725,West Bengal,WES-5,Railway,Forest,4.8,29,2,747,Not Started,0,Award Declared,1,1,0,100,7.6,96.8,0,8,22.0,1,0,0
LAP-13726,Jharkhand,JHA-3,Urban Development,Mixed,10.9,40,2,721,Fully Disbursed,92,Full Possession,0,0,1,5,5.2,58.3,1,1,87.7,0,0,0
LAP-13727,Chhattisgarh,CHH-2,Renewable Energy,Private Agricultural,34.2,741,2,490,Not Started,7,Partial Possession,0,0,0,100,4.4,63.7,4,7,57.8,1,0,0
LAP-13728,Odisha,ODI-2,Highway,Private Agricultural,10.8,466,3,799,Fully Disbursed,87,Award Declared,2,1,1,24,7.1,78.6,2,3,81.4,0,0,0
LAP-13729,Tamil Nadu,TAM-3,Industrial Corridor,Private Agricultural,24.3,181,1,1330,Fully Disbursed,91,Partial Possession,0,0,1,19,6.0,60.5,1,5,79.0,0,1,57
LAP-13730,Maharashtra,MAH-4,Airport,Mixed,28.6,173,3,167,Partially Disbursed,59,Partial Possession,0,0,0,100,7.8,39.3,3,2,22.8,0,0,0
LAP-13731,Odisha,ODI-3,Railway,Private Agricultural,103.7,139,5,1405,Partially Disbursed,70,Award Declared,1,1,0,100,5.0,84.7,0,2,54.6,0,0,0
LAP-13732,Haryana,HAR-3,Irrigation,Tribal,346.2,61,6,1457,Not Started,8,Award Declared,3,1,0,100,6.8,44.5,0,0,26.8,0,1,271
LAP-13733,Bihar,BIH-2,Industrial Corridor,Private Agricultural,19.5,7,4,843,Partially Disbursed,21,Award Declared,0,0,0,100,10.0,42.1,1,5,16.6,0,0,0
LAP-13734,Rajasthan,RAJ-3,Power Transmission,Mixed,9.2,24,3,1275,Not Started,6,Not Started,1,1,0,100,7.7,61.3,0,2,51.6,0,0,0
LAP-13735,Haryana,HAR-6,Highway,Tribal,10.6,98,4,358,Partially Disbursed,78,Full Possession,1,1,1,11,8.5,73.1,1,2,68.0,0,0,0
LAP-13736,Chhattisgarh,CHH-6,Urban Development,Private Agricultural,57.8,35,1,592,Not Started,9,Award Declared,1,1,0,100,4.4,43.7,2,2,49.9,0,0,0
LAP-13737,West Bengal,WES-3,Highway,Private Agricultural,26.3,10,6,90,Partially Disbursed,17,Not Started,0,0,1,20,5.8,58.6,0,5,88.3,0,0,0
LAP-13738,Uttar Pradesh,UTT-3,Renewable Energy,Tribal,94.1,67,6,892,Fully Disbursed,92,Partial Possession,4,0,1,50,4.5,85.0,2,0,72.0,0,0,0
LAP-13739,Gujarat,GUJ-1,Renewable Energy,Government,81.6,66,3,414,Fully Disbursed,98,Survey Complete,0,0,0,100,5.8,40.2,3,5,63.8,0,1,64
LAP-13740,Uttar Pradesh,UTT-3,Urban Development,Mixed,69.3,21,3,1119,Partially Disbursed,53,Full Possession,1,0,0,100,8.6,56.5,2,2,2.9,1,0,0
LAP-13741,Maharashtra,MAH-4,Highway,Mixed,45.9,40,6,299,Not Started,2,Survey Complete,0,0,0,100,6.2,80.7,0,4,91.4,0,0,0
LAP-13742,Odisha,ODI-2,Urban Development,Private Agricultural,351.8,5,3,1042,Fully Disbursed,95,Survey Complete,1,1,1,25,4.8,67.8,1,3,38.0,0,0,0
LAP-13743,West Bengal,WES-3,Renewable Energy,Private Agricultural,89.3,1,5,1344,Not Started,3,Survey Complete,1,0,1,5,6.7,50.2,1,2,52.3,1,1,279
LAP-13744,Uttar Pradesh,UTT-2,Airport,Mixed,158.1,8,4,448,Not Started,8,Partial Possession,0,0,1,12,6.5,44.8,2,4,57.8,0,0,0
LAP-13745,Tamil Nadu,TAM-2,Industrial Corridor,Tribal,12.7,11,3,155,Partially Disbursed,10,Partial Possession,1,1,1,50,7.6,76.4,3,3,15.3,1,1,9
LAP-13746,Telangana,TEL-5,Industrial Corridor,Tribal,13.0,40,1,1468,Partially Disbursed,78,Award Declared,0,0,1,18,6.4,33.0,1,5,54.9,1,0,0
LAP-13747,Telangana,TEL-1,Power Transmission,Forest,22.8,54,6,1335,Partially Disbursed,20,Not Started,0,0,1,48,7.1,80.4,2,2,17.8,0,0,0
LAP-13748,Bihar,BIH-2,Highway,Private Agricultural,25.3,73,1,1303,Partially Disbursed,63,Survey Complete,3,0,1,47,4.4,52.9,1,0,55.0,1,0,0
LAP-13749,Punjab,PUN-6,Highway,Tribal,108.4,107,1,664,Partially Disbursed,78,Partial Possession,3,1,1,96,5.9,72.8,2,6,60.5,1,1,128
LAP-13750,Jharkhand,JHA-5,Renewable Energy,Tribal,5.8,22,6,578,Partially Disbursed,25,Partial Possession,4,1,1,14,4.2,86.4,0,0,35.8,0,1,62
LAP-13751,Chhattisgarh,CHH-3,Urban Development,Mixed,59.5,98,5,642,Fully Disbursed,96,Not Started,0,0,1,83,8.1,64.2,3,2,91.7,0,0,0
LAP-13752,Madhya Pradesh,MAD-5,Highway,Mixed,14.0,19,4,767,Partially Disbursed,67,Partial Possession,0,0,0,100,3.4,52.2,1,4,100.0,0,0,0
LAP-13753,Maharashtra,MAH-1,Urban Development,Tribal,9.2,15,2,225,Not Started,4,Full Possession,2,0,0,100,5.4,16.6,0,7,68.3,1,0,0
LAP-13754,Chhattisgarh,CHH-5,Industrial Corridor,Forest,2.3,125,1,280,Fully Disbursed,100,Partial Possession,3,1,0,100,6.8,51.0,1,4,55.7,1,0,0
LAP-13755,Bihar,BIH-6,Industrial Corridor,Private Agricultural,3.3,14,2,1294,Fully Disbursed,88,Survey Complete,2,1,0,100,9.0,88.8,1,0,64.1,0,0,0
LAP-13756,Haryana,HAR-1,Urban Development,Private Agricultural,97.6,85,3,733,Not Started,0,Partial Possession,2,1,1,63,10.0,59.3,5,2,97.4,0,0,0
LAP-13757,Tamil Nadu,TAM-5,Urban Development,Tribal,70.6,164,5,871,Not Started,2,Not Started,1,1,1,76,1.6,74.4,1,3,79.2,0,0,0
LAP-13758,Chhattisgarh,CHH-3,Urban Development,Private Agricultural,9.2,46,4,697,Fully Disbursed,87,Full Possession,0,0,0,100,5.2,64.4,3,2,46.0,1,0,0
LAP-13759,Chhattisgarh,CHH-3,Industrial Corridor,Private Agricultural,44.5,26,1,573,Partially Disbursed,75,Partial Possession,2,1,1,3,10.0,87.3,2,2,26.9,0,0,0
LAP-13760,Jharkhand,JHA-6,Railway,Government,56.8,11,5,758,Not Started,2,Not Started,0,0,1,17,10.0,63.3,1,4,53.1,0,0,0
LAP-13761,Tamil Nadu,TAM-5,Power Transmission,Forest,57.2,335,1,505,Not Started,6,Full Possession,1,1,0,100,7.1,43.5,1,4,52.3,0,1,75
LAP-13762,Gujarat,GUJ-2,Urban Development,Private Agricultural,6.0,128,5,1470,Fully Disbursed,94,Not Started,1,1,0,100,7.3,85.9,0,4,43.6,0,1,80
LAP-13763,Odisha,ODI-2,Industrial Corridor,Mixed,39.4,21,3,1207,Fully Disbursed,88,Survey Complete,1,1,0,100,5.7,83.1,6,4,74.5,0,0,0
LAP-13764,Punjab,PUN-5,Highway,Mixed,47.6,23,2,725,Not Started,3,Partial Possession,0,0,1,72,1.0,54.0,3,6,32.1,0,0,0
LAP-13765,Odisha,ODI-3,Power Transmission,Private Agricultural,6.0,29,2,1042,Not Started,5,Full Possession,2,0,0,100,9.7,80.5,1,0,55.6,0,1,78
LAP-13766,Punjab,PUN-4,Airport,Private Agricultural,12.6,17,4,817,Not Started,4,Not Started,0,0,1,95,10.0,69.6,1,5,25.9,1,1,281
LAP-13767,Rajasthan,RAJ-5,Power Transmission,Private Agricultural,123.0,81,6,771,Partially Disbursed,63,Partial Possession,0,0,1,25,5.3,53.8,3,8,63.6,0,1,24
LAP-13768,Maharashtra,MAH-5,Highway,Government,11.9,155,5,826,Fully Disbursed,97,Not Started,0,0,0,100,7.4,43.7,4,1,19.7,0,0,0
LAP-13769,Chhattisgarh,CHH-1,Highway,Government,14.9,159,6,765,Not Started,0,Award Declared,0,0,0,100,5.5,46.0,1,2,60.4,0,0,0
LAP-13770,Jharkhand,JHA-3,Railway,Private Agricultural,18.5,27,4,654,Partially Disbursed,58,Award Declared,1,1,0,100,6.6,29.7,4,7,100.0,0,1,290
LAP-13771,Rajasthan,RAJ-3,Industrial Corridor,Private Agricultural,77.9,37,3,1438,Fully Disbursed,95,Award Declared,0,0,0,100,5.9,65.7,3,8,12.5,0,0,0
LAP-13772,Bihar,BIH-6,Industrial Corridor,Private Agricultural,62.1,5,2,351,Partially Disbursed,11,Full Possession,0,0,1,48,4.6,96.1,3,8,100.0,0,0,0
LAP-13773,Haryana,HAR-2,Highway,Private Agricultural,14.4,37,5,105,Not Started,8,Partial Possession,0,0,0,100,6.4,85.1,0,7,63.2,1,0,0
LAP-13774,West Bengal,WES-1,Railway,Forest,39.0,30,4,193,Partially Disbursed,81,Partial Possession,0,0,0,100,6.6,68.4,1,0,53.9,0,0,0
LAP-13775,Punjab,PUN-4,Industrial Corridor,Mixed,2.9,73,2,106,Partially Disbursed,14,Survey Complete,1,1,0,100,6.6,62.5,6,6,34.2,1,1,113
LAP-13776,Maharashtra,MAH-6,Airport,Private Agricultural,17.1,19,5,127,Not Started,1,Survey Complete,0,0,0,100,7.1,71.1,0,2,66.9,1,0,0
LAP-13777,Odisha,ODI-3,Power Transmission,Mixed,6.8,213,2,1413,Partially Disbursed,77,Partial Possession,1,1,0,100,7.5,92.9,1,2,100.0,0,1,206
LAP-13778,Bihar,BIH-2,Highway,Tribal,86.4,200,3,456,Partially Disbursed,46,Partial Possession,1,0,0,100,6.2,89.9,3,5,85.4,0,0,0
LAP-13779,Gujarat,GUJ-3,Highway,Mixed,46.0,105,3,1036,Partially Disbursed,42,Survey Complete,2,1,1,70,1.5,48.6,1,1,38.3,0,0,0
LAP-13780,Chhattisgarh,CHH-1,Industrial Corridor,Forest,68.5,66,4,505,Not Started,0,Survey Complete,2,1,1,100,7.0,38.6,3,4,48.4,0,0,0
LAP-13781,Bihar,BIH-6,Highway,Forest,154.1,27,3,1105,Not Started,8,Full Possession,0,0,0,100,3.4,74.2,5,0,77.5,1,0,0
LAP-13782,Telangana,TEL-3,Industrial Corridor,Mixed,18.8,10,4,1210,Fully Disbursed,91,Survey Complete,0,0,1,90,6.2,63.9,1,1,38.9,1,0,0
LAP-13783,Gujarat,GUJ-6,Irrigation,Government,10.6,3,2,398,Partially Disbursed,27,Survey Complete,2,1,1,45,8.5,25.4,0,4,73.1,0,0,0
LAP-13784,Jharkhand,JHA-4,Railway,Tribal,24.5,45,2,607,Partially Disbursed,57,Survey Complete,0,0,0,100,6.4,27.5,4,4,38.0,1,0,0
LAP-13785,Punjab,PUN-1,Irrigation,Private Agricultural,7.4,232,4,583,Not Started,1,Full Possession,0,0,1,62,5.5,55.8,2,6,37.4,0,0,0
LAP-13786,Karnataka,KAR-6,Renewable Energy,Forest,11.7,86,4,427,Fully Disbursed,86,Partial Possession,2,1,1,45,6.7,48.5,1,4,82.2,0,0,0
LAP-13787,Uttar Pradesh,UTT-4,Industrial Corridor,Forest,41.7,102,5,1053,Not Started,6,Not Started,2,0,0,100,6.4,91.6,1,7,11.8,0,0,0
LAP-13788,Karnataka,KAR-6,Airport,Government,14.7,11,4,101,Fully Disbursed,88,Partial Possession,0,0,0,100,3.4,75.7,1,8,50.6,0,1,9
LAP-13789,Rajasthan,RAJ-4,Industrial Corridor,Private Agricultural,22.7,14,1,767,Not Started,1,Survey Complete,0,0,0,100,6.2,53.8,3,6,49.7,0,0,0
LAP-13790,Madhya Pradesh,MAD-1,Urban Development,Private Agricultural,25.9,75,5,342,Not Started,9,Award Declared,0,0,0,100,6.9,27.8,1,2,15.0,0,0,0
LAP-13791,Haryana,HAR-3,Power Transmission,Private Agricultural,29.2,174,5,1296,Fully Disbursed,93,Partial Possession,0,0,1,35,5.4,76.8,2,8,30.7,1,1,142
LAP-13792,Uttar Pradesh,UTT-4,Railway,Private Agricultural,6.6,106,2,929,Fully Disbursed,96,Award Declared,1,0,1,11,3.9,57.2,3,1,68.5,0,1,80
LAP-13793,Madhya Pradesh,MAD-6,Urban Development,Forest,17.1,37,4,219,Partially Disbursed,12,Partial Possession,2,1,0,100,4.9,44.3,0,7,56.6,1,0,0
LAP-13794,Punjab,PUN-5,Railway,Tribal,21.7,176,1,694,Partially Disbursed,32,Full Possession,2,1,0,100,4.5,16.9,4,2,59.1,0,0,0
LAP-13795,Bihar,BIH-4,Highway,Private Agricultural,46.6,18,5,582,Partially Disbursed,64,Partial Possession,0,0,1,19,5.2,81.5,2,1,32.6,1,0,0
LAP-13796,West Bengal,WES-6,Highway,Private Agricultural,13.2,40,4,318,Not Started,1,Partial Possession,1,0,0,100,4.7,100.0,3,1,65.4,0,0,0
LAP-13797,West Bengal,WES-4,Irrigation,Private Agricultural,25.5,33,5,502,Partially Disbursed,58,Partial Possession,0,0,1,98,4.4,64.3,2,6,37.6,0,1,281
LAP-13798,Jharkhand,JHA-4,Renewable Energy,Government,8.8,48,6,757,Partially Disbursed,28,Partial Possession,1,1,0,100,1.0,64.9,1,8,79.2,0,0,0
LAP-13799,Punjab,PUN-4,Irrigation,Tribal,31.4,43,2,694,Partially Disbursed,82,Partial Possession,2,1,1,87,6.7,64.1,1,8,86.0,1,0,0
LAP-13800,Madhya Pradesh,MAD-4,Highway,Private Agricultural,67.6,178,4,1427,Not Started,9,Survey Complete,1,1,1,66,4.7,47.2,2,0,49.1,1,1,597
LAP-13801,Haryana,HAR-2,Railway,Tribal,79.7,64,4,392,Fully Disbursed,92,Not Started,1,1,0,100,4.9,51.5,2,7,23.0,1,1,204
LAP-13802,Karnataka,KAR-6,Railway,Private Agricultural,17.6,226,3,179,Fully Disbursed,95,Award Declared,0,0,1,33,5.7,47.6,4,5,64.9,1,0,0
LAP-13803,Jharkhand,JHA-3,Highway,Government,23.1,109,5,196,Not Started,1,Survey Complete,0,0,0,100,5.9,60.0,3,0,35.6,0,0,0
LAP-13804,Chhattisgarh,CHH-6,Urban Development,Private Agricultural,76.6,84,4,1090,Partially Disbursed,68,Partial Possession,2,1,1,67,6.7,62.3,4,8,27.2,0,1,57
LAP-13805,Haryana,HAR-4,Highway,Forest,29.3,100,4,134,Partially Disbursed,34,Award Declared,4,1,0,100,10.0,40.8,1,2,100.0,0,0,0
LAP-13806,Uttar Pradesh,UTT-3,Industrial Corridor,Forest,25.4,11,2,427,Fully Disbursed,96,Full Possession,1,0,0,100,8.2,87.3,2,2,85.3,0,0,0
LAP-13807,Maharashtra,MAH-6,Renewable Energy,Government,7.9,267,4,1059,Partially Disbursed,46,Not Started,0,0,0,100,8.4,85.3,3,2,67.0,0,0,0
LAP-13808,Punjab,PUN-1,Highway,Tribal,85.4,100,3,272,Not Started,1,Award Declared,0,0,0,100,6.2,93.6,2,1,66.2,0,0,0
LAP-13809,Gujarat,GUJ-6,Airport,Mixed,11.7,905,3,712,Partially Disbursed,53,Survey Complete,0,0,0,100,3.9,40.6,2,8,100.0,0,0,0
LAP-13810,Uttar Pradesh,UTT-6,Highway,Forest,64.8,83,2,951,Not Started,0,Survey Complete,0,0,0,100,4.7,5.0,4,4,69.1,0,0,0
LAP-13811,Haryana,HAR-6,Airport,Private Agricultural,23.4,41,1,21,Partially Disbursed,46,Not Started,0,0,1,72,5.1,57.0,4,0,35.2,0,0,0
LAP-13812,Maharashtra,MAH-6,Irrigation,Forest,35.8,617,6,1364,Fully Disbursed,89,Full Possession,3,0,0,100,8.4,50.2,3,3,76.7,0,0,0
LAP-13813,Jharkhand,JHA-4,Airport,Private Agricultural,210.6,913,3,254,Fully Disbursed,90,Award Declared,2,1,0,100,6.3,98.8,1,1,44.3,0,0,0
LAP-13814,Telangana,TEL-2,Urban Development,Private Agricultural,60.8,125,3,1298,Not Started,8,Full Possession,0,0,1,68,7.6,69.9,2,1,60.3,0,1,70
LAP-13815,Madhya Pradesh,MAD-5,Urban Development,Mixed,45.9,78,1,974,Not Started,5,Full Possession,0,0,1,41,4.9,36.3,1,7,31.7,1,0,0
LAP-13816,Uttar Pradesh,UTT-3,Industrial Corridor,Private Agricultural,21.5,33,4,41,Not Started,9,Not Started,1,0,0,100,5.1,41.9,3,0,50.6,0,0,0
LAP-13817,Madhya Pradesh,MAD-5,Airport,Government,11.8,1034,4,983,Not Started,5,Partial Possession,0,0,0,100,5.5,81.7,2,2,57.1,0,0,0
LAP-13818,Maharashtra,MAH-4,Highway,Tribal,87.2,8,3,417,Not Started,5,Not Started,4,1,0,100,5.1,34.0,1,0,51.3,0,0,0
LAP-13819,Odisha,ODI-4,Urban Development,Mixed,127.0,14,5,698,Partially Disbursed,68,Full Possession,0,0,0,100,5.8,81.3,2,2,77.2,0,0,0
LAP-13820,Jharkhand,JHA-3,Highway,Government,23.0,19,3,602,Partially Disbursed,52,Partial Possession,0,0,1,72,5.2,68.1,2,3,82.9,0,0,0
LAP-13821,Gujarat,GUJ-1,Urban Development,Private Agricultural,6.2,13,5,789,Not Started,4,Survey Complete,2,1,1,95,6.4,52.0,2,3,0.0,0,0,0
LAP-13822,Chhattisgarh,CHH-5,Irrigation,Forest,22.5,151,5,778,Not Started,8,Full Possession,0,0,0,100,8.1,64.3,1,2,80.6,0,0,0
LAP-13823,Maharashtra,MAH-6,Industrial Corridor,Forest,89.9,44,5,117,Partially Disbursed,71,Not Started,1,1,1,91,7.2,100.0,2,5,50.0,0,0,0
LAP-13824,Odisha,ODI-4,Highway,Private Agricultural,25.3,14,2,1098,Partially Disbursed,68,Not Started,0,0,0,100,7.4,23.6,1,5,83.3,0,1,291
LAP-13825,Rajasthan,RAJ-4,Highway,Private Agricultural,54.8,44,4,1307,Fully Disbursed,97,Full Possession,1,1,1,28,5.6,52.5,1,1,46.6,0,0,0
LAP-13826,Chhattisgarh,CHH-4,Urban Development,Private Agricultural,57.6,82,3,1179,Not Started,9,Full Possession,0,0,1,67,5.3,62.1,1,3,67.1,1,0,0
LAP-13827,Odisha,ODI-5,Highway,Forest,19.3,64,2,72,Fully Disbursed,89,Survey Complete,2,1,0,100,4.1,68.5,0,3,43.5,0,0,0
LAP-13828,Haryana,HAR-4,Urban Development,Private Agricultural,51.5,12,3,1392,Partially Disbursed,52,Award Declared,1,1,1,22,3.8,84.1,1,0,12.0,1,0,0
LAP-13829,Karnataka,KAR-6,Industrial Corridor,Private Agricultural,14.7,139,5,428,Partially Disbursed,14,Survey Complete,0,0,0,100,5.7,66.7,2,3,61.0,1,0,0
LAP-13830,Rajasthan,RAJ-3,Industrial Corridor,Forest,128.5,49,3,499,Not Started,7,Not Started,2,0,1,50,4.6,100.0,3,8,27.0,0,1,129
LAP-13831,West Bengal,WES-4,Industrial Corridor,Government,5.5,19,4,1178,Not Started,0,Full Possession,1,1,1,6,5.2,68.7,1,6,56.7,0,1,164
LAP-13832,Bihar,BIH-2,Power Transmission,Mixed,50.3,357,1,291,Partially Disbursed,41,Survey Complete,0,0,0,100,2.9,68.6,2,0,92.6,0,0,0
LAP-13833,Rajasthan,RAJ-1,Railway,Private Agricultural,28.4,7,3,1391,Not Started,7,Full Possession,0,0,0,100,7.3,38.4,1,7,100.0,0,0,0
LAP-13834,Madhya Pradesh,MAD-3,Industrial Corridor,Private Agricultural,19.0,22,6,488,Partially Disbursed,11,Award Declared,0,0,1,48,3.6,58.4,1,4,80.6,0,0,0
LAP-13835,Haryana,HAR-6,Power Transmission,Mixed,18.2,36,1,69,Fully Disbursed,93,Award Declared,0,0,0,100,8.1,73.6,1,8,47.1,1,0,0
LAP-13836,Haryana,HAR-1,Highway,Private Agricultural,14.0,19,3,1091,Not Started,8,Not Started,0,0,1,63,8.0,53.1,1,8,66.4,0,0,0
LAP-13837,Uttar Pradesh,UTT-4,Railway,Government,22.5,29,1,143,Not Started,9,Not Started,0,0,0,100,4.6,16.3,2,5,35.2,0,0,0
LAP-13838,Bihar,BIH-5,Power Transmission,Private Agricultural,21.7,8,6,1489,Partially Disbursed,59,Award Declared,0,0,1,19,5.2,65.5,2,0,67.0,0,0,0
LAP-13839,Punjab,PUN-1,Highway,Private Agricultural,12.0,16,3,441,Not Started,3,Survey Complete,1,1,0,100,6.3,74.1,1,8,30.8,0,0,0
LAP-13840,Maharashtra,MAH-1,Irrigation,Private Agricultural,52.1,24,1,91,Not Started,5,Not Started,0,0,0,100,6.5,64.5,3,2,20.6,1,0,0
LAP-13841,Madhya Pradesh,MAD-3,Industrial Corridor,Tribal,15.5,250,6,1379,Fully Disbursed,95,Partial Possession,0,0,1,75,4.4,88.7,3,6,4.9,0,0,0
LAP-13842,Gujarat,GUJ-2,Railway,Private Agricultural,5.5,5,4,152,Partially Disbursed,51,Award Declared,0,0,1,66,6.7,100.0,0,2,27.5,0,0,0
LAP-13843,Chhattisgarh,CHH-2,Industrial Corridor,Private Agricultural,9.1,109,4,1342,Partially Disbursed,47,Not Started,3,1,0,100,4.6,46.5,1,3,43.0,0,0,0
LAP-13844,Tamil Nadu,TAM-2,Industrial Corridor,Private Agricultural,56.0,579,2,1043,Not Started,9,Not Started,2,1,1,5,6.0,45.5,3,2,100.0,0,1,118
LAP-13845,Telangana,TEL-6,Industrial Corridor,Government,25.8,32,1,743,Not Started,2,Partial Possession,0,0,0,100,3.1,71.2,2,6,72.7,0,0,0
LAP-13846,Odisha,ODI-6,Railway,Government,38.2,42,5,1488,Partially Disbursed,63,Survey Complete,2,1,0,100,5.8,23.2,3,6,52.0,1,0,0
LAP-13847,Uttar Pradesh,UTT-1,Irrigation,Forest,53.0,140,5,358,Not Started,2,Partial Possession,0,0,0,100,3.8,52.8,3,1,50.8,0,0,0
LAP-13848,Bihar,BIH-3,Power Transmission,Private Agricultural,31.2,112,6,709,Not Started,9,Not Started,0,0,0,100,5.9,71.6,6,3,39.4,0,0,0
LAP-13849,Karnataka,KAR-5,Highway,Tribal,40.0,36,3,770,Fully Disbursed,98,Full Possession,2,1,1,81,7.9,58.3,2,5,37.6,1,0,0
LAP-13850,Jharkhand,JHA-4,Airport,Tribal,64.8,22,1,1288,Not Started,4,Survey Complete,2,0,1,25,2.0,69.9,2,5,50.5,0,1,141
LAP-13851,Punjab,PUN-3,Industrial Corridor,Mixed,41.2,39,5,201,Not Started,8,Not Started,0,0,0,100,5.0,82.0,2,8,47.4,1,0,0
LAP-13852,Madhya Pradesh,MAD-5,Highway,Mixed,33.4,98,3,935,Not Started,1,Survey Complete,0,0,0,100,3.9,37.7,3,6,83.8,1,0,0
LAP-13853,Telangana,TEL-6,Urban Development,Government,27.4,161,5,1072,Fully Disbursed,100,Partial Possession,2,1,0,100,6.2,85.2,2,4,39.5,0,0,0
LAP-13854,Uttar Pradesh,UTT-6,Power Transmission,Government,12.3,474,4,306,Not Started,9,Partial Possession,1,1,0,100,8.6,68.2,1,5,100.0,0,0,0
LAP-13855,Haryana,HAR-5,Power Transmission,Private Agricultural,81.7,205,4,689,Partially Disbursed,77,Survey Complete,1,1,0,100,5.9,75.7,4,8,38.7,0,1,112
LAP-13856,Bihar,BIH-4,Renewable Energy,Private Agricultural,106.4,66,1,637,Fully Disbursed,87,Partial Possession,0,0,1,33,5.2,55.8,1,1,56.7,0,0,0
LAP-13857,Tamil Nadu,TAM-3,Irrigation,Mixed,12.0,6,2,572,Not Started,1,Partial Possession,1,1,1,25,9.3,10.1,1,3,50.2,0,0,0
LAP-13858,Gujarat,GUJ-3,Highway,Government,24.6,343,5,1143,Not Started,9,Award Declared,1,0,0,100,5.9,32.9,0,1,36.2,0,0,0
LAP-13859,Maharashtra,MAH-1,Power Transmission,Tribal,31.5,40,3,762,Not Started,8,Partial Possession,1,1,0,100,7.8,57.0,1,8,23.4,1,0,0
LAP-13860,Uttar Pradesh,UTT-6,Highway,Government,10.7,75,1,1136,Fully Disbursed,94,Not Started,0,0,1,90,5.1,69.0,1,6,70.2,0,0,0
LAP-13861,Madhya Pradesh,MAD-1,Urban Development,Forest,10.9,11,1,17,Fully Disbursed,90,Not Started,0,0,1,46,5.1,93.3,1,5,100.0,0,0,0
LAP-13862,Telangana,TEL-1,Industrial Corridor,Forest,17.2,125,1,1150,Fully Disbursed,95,Full Possession,0,0,0,100,6.6,82.2,1,0,51.4,0,0,0
LAP-13863,Uttar Pradesh,UTT-5,Industrial Corridor,Private Agricultural,40.1,79,5,376,Not Started,2,Partial Possession,1,1,1,71,5.4,40.4,0,0,40.4,1,0,0
LAP-13864,Jharkhand,JHA-6,Urban Development,Private Agricultural,40.4,243,4,1322,Partially Disbursed,65,Award Declared,0,0,1,31,7.4,56.0,1,8,53.2,0,0,0
LAP-13865,Rajasthan,RAJ-6,Railway,Private Agricultural,1.5,28,4,521,Fully Disbursed,88,Survey Complete,1,1,1,54,3.7,66.2,0,7,46.0,1,1,79
LAP-13866,Bihar,BIH-6,Industrial Corridor,Forest,230.8,23,3,746,Fully Disbursed,97,Full Possession,0,0,0,100,4.5,42.9,3,5,70.4,1,0,0
LAP-13867,Chhattisgarh,CHH-6,Renewable Energy,Private Agricultural,7.5,38,3,538,Not Started,5,Partial Possession,2,0,1,58,3.1,79.1,1,6,67.5,0,1,247
LAP-13868,Uttar Pradesh,UTT-6,Irrigation,Government,7.5,130,4,701,Fully Disbursed,93,Award Declared,0,0,0,100,1.8,100.0,3,6,26.3,0,0,0
LAP-13869,Rajasthan,RAJ-1,Power Transmission,Forest,18.8,39,1,1333,Not Started,5,Full Possession,2,1,0,100,3.5,33.5,2,7,76.4,0,1,439
LAP-13870,Rajasthan,RAJ-2,Industrial Corridor,Private Agricultural,56.0,27,2,390,Partially Disbursed,20,Partial Possession,1,1,1,96,3.0,72.0,4,6,49.7,0,1,225
LAP-13871,Gujarat,GUJ-5,Power Transmission,Private Agricultural,17.5,118,5,636,Partially Disbursed,33,Partial Possession,0,0,1,28,7.4,28.9,1,7,0.0,1,1,400
LAP-13872,Bihar,BIH-4,Railway,Private Agricultural,74.8,108,5,44,Fully Disbursed,93,Full Possession,0,0,0,100,8.0,60.1,0,8,74.5,0,0,0
LAP-13873,Tamil Nadu,TAM-6,Airport,Mixed,103.5,34,6,377,Partially Disbursed,82,Partial Possession,2,1,0,100,5.6,60.1,4,8,0.0,0,1,141
LAP-13874,Karnataka,KAR-1,Highway,Private Agricultural,8.4,115,1,72,Not Started,6,Survey Complete,3,1,1,37,4.9,31.5,4,0,33.2,1,1,249
LAP-13875,Tamil Nadu,TAM-1,Railway,Government,4.2,20,6,1257,Partially Disbursed,32,Not Started,3,1,0,100,7.2,64.7,2,5,48.7,0,1,144
LAP-13876,West Bengal,WES-3,Power Transmission,Private Agricultural,49.8,52,3,1188,Partially Disbursed,47,Survey Complete,0,0,1,41,2.5,69.8,2,0,92.7,1,0,0
LAP-13877,Punjab,PUN-2,Highway,Private Agricultural,13.9,329,4,712,Fully Disbursed,95,Partial Possession,2,0,1,92,7.9,78.9,1,7,63.1,0,0,0
LAP-13878,Haryana,HAR-5,Urban Development,Government,115.7,11,4,281,Partially Disbursed,27,Not Started,1,1,1,96,4.3,50.9,1,1,65.6,1,0,0
LAP-13879,Telangana,TEL-5,Railway,Private Agricultural,54.1,11,5,517,Fully Disbursed,100,Survey Complete,0,0,1,36,4.6,55.9,2,4,48.2,0,0,0
LAP-13880,Jharkhand,JHA-1,Airport,Government,13.4,182,5,885,Fully Disbursed,97,Partial Possession,0,0,0,100,8.7,36.7,1,2,49.2,1,0,0
LAP-13881,Jharkhand,JHA-2,Renewable Energy,Private Agricultural,21.3,55,5,94,Fully Disbursed,86,Not Started,2,0,1,51,7.3,49.1,1,4,56.4,1,0,0
LAP-13882,Rajasthan,RAJ-5,Highway,Private Agricultural,13.5,610,1,669,Partially Disbursed,20,Not Started,0,0,1,63,8.1,96.0,3,5,53.3,0,0,0
LAP-13883,West Bengal,WES-2,Urban Development,Private Agricultural,2.2,122,1,994,Not Started,9,Survey Complete,0,0,1,87,5.7,49.6,2,1,50.3,0,1,127
LAP-13884,Gujarat,GUJ-2,Power Transmission,Private Agricultural,21.0,162,6,415,Partially Disbursed,63,Award Declared,2,1,0,100,6.4,55.1,3,8,69.5,0,1,55
LAP-13885,Madhya Pradesh,MAD-6,Renewable Energy,Mixed,7.2,37,4,378,Partially Disbursed,36,Full Possession,0,0,1,46,7.7,69.7,1,0,41.6,0,0,0
LAP-13886,Gujarat,GUJ-6,Urban Development,Tribal,30.7,11,1,400,Partially Disbursed,47,Not Started,0,0,1,87,9.0,60.9,3,1,61.2,0,0,0
LAP-13887,West Bengal,WES-3,Renewable Energy,Private Agricultural,25.9,356,5,1224,Not Started,5,Full Possession,0,0,1,58,6.6,70.2,2,1,72.3,1,0,0
LAP-13888,Haryana,HAR-6,Highway,Private Agricultural,46.9,241,1,306,Fully Disbursed,89,Not Started,0,0,0,100,5.6,95.0,2,8,83.3,0,1,80
LAP-13889,Jharkhand,JHA-1,Renewable Energy,Private Agricultural,17.1,58,4,948,Not Started,6,Not Started,2,0,1,60,7.1,35.9,0,5,50.9,0,1,435
LAP-13890,Chhattisgarh,CHH-1,Highway,Mixed,36.9,153,3,72,Fully Disbursed,94,Survey Complete,1,1,0,100,9.3,63.1,3,4,33.7,0,0,0
LAP-13891,Punjab,PUN-4,Railway,Forest,27.9,297,6,659,Partially Disbursed,50,Not Started,3,1,0,100,7.0,65.9,3,4,34.4,1,0,0
LAP-13892,Telangana,TEL-4,Highway,Government,14.7,26,2,322,Not Started,1,Not Started,1,0,0,100,6.6,70.0,0,8,65.8,0,0,0
LAP-13893,Maharashtra,MAH-4,Highway,Private Agricultural,57.2,239,4,1372,Partially Disbursed,14,Full Possession,1,1,0,100,7.2,60.6,4,7,50.7,1,1,175
LAP-13894,West Bengal,WES-1,Railway,Forest,17.4,56,2,1455,Not Started,5,Award Declared,1,0,1,20,6.6,49.5,2,5,70.3,0,1,155
LAP-13895,Tamil Nadu,TAM-1,Industrial Corridor,Private Agricultural,35.7,4,3,971,Not Started,4,Full Possession,0,0,0,100,6.9,45.0,1,0,28.7,1,0,0
LAP-13896,Tamil Nadu,TAM-3,Railway,Private Agricultural,99.7,114,6,908,Partially Disbursed,26,Award Declared,0,0,1,47,7.1,52.5,1,3,22.9,0,0,0
LAP-13897,West Bengal,WES-3,Power Transmission,Government,30.0,178,5,703,Fully Disbursed,96,Award Declared,0,0,0,100,8.2,22.3,0,3,11.6,0,0,0
LAP-13898,Maharashtra,MAH-5,Power Transmission,Private Agricultural,95.0,123,5,1232,Partially Disbursed,79,Full Possession,1,0,0,100,4.7,65.6,3,0,57.0,0,0,0
LAP-13899,Karnataka,KAR-4,Urban Development,Government,23.0,51,5,512,Partially Disbursed,61,Survey Complete,0,0,0,100,8.6,65.5,1,3,50.4,1,0,0
LAP-13900,Maharashtra,MAH-6,Airport,Government,10.3,282,5,473,Partially Disbursed,10,Award Declared,0,0,1,25,4.0,100.0,3,4,43.8,1,1,50
LAP-13901,Punjab,PUN-3,Power Transmission,Government,18.1,292,4,1281,Not Started,3,Survey Complete,0,0,1,88,4.9,48.0,1,5,73.9,0,1,150
LAP-13902,Chhattisgarh,CHH-3,Urban Development,Tribal,84.0,134,3,223,Partially Disbursed,23,Award Declared,3,1,0,100,8.2,44.3,2,5,63.3,1,0,0
LAP-13903,Gujarat,GUJ-2,Urban Development,Private Agricultural,31.7,84,5,596,Fully Disbursed,99,Partial Possession,0,0,0,100,7.0,44.0,3,5,82.1,1,0,0
LAP-13904,West Bengal,WES-5,Power Transmission,Government,35.8,89,3,1036,Not Started,0,Partial Possession,0,0,0,100,5.8,91.6,1,3,29.1,1,0,0
LAP-13905,Gujarat,GUJ-3,Railway,Private Agricultural,44.8,154,6,754,Partially Disbursed,47,Survey Complete,0,0,0,100,7.3,100.0,0,1,62.0,1,0,0
LAP-13906,West Bengal,WES-3,Industrial Corridor,Private Agricultural,12.2,26,4,811,Not Started,1,Award Declared,0,0,1,61,4.4,52.3,3,1,14.7,1,0,0
LAP-13907,Madhya Pradesh,MAD-2,Renewable Energy,Private Agricultural,77.1,1238,3,78,Fully Disbursed,100,Not Started,0,0,0,100,3.9,77.3,3,0,68.6,0,0,0
LAP-13908,Chhattisgarh,CHH-4,Industrial Corridor,Mixed,123.0,88,3,657,Not Started,4,Full Possession,0,0,0,100,7.3,85.3,0,2,20.3,1,0,0
LAP-13909,Haryana,HAR-2,Airport,Private Agricultural,9.4,81,6,888,Partially Disbursed,25,Not Started,0,0,0,100,6.3,29.4,2,3,80.7,0,1,48
LAP-13910,Jharkhand,JHA-2,Urban Development,Private Agricultural,19.2,21,1,858,Partially Disbursed,81,Not Started,1,1,0,100,4.9,45.7,0,5,40.6,0,0,0
LAP-13911,Chhattisgarh,CHH-5,Irrigation,Private Agricultural,31.2,302,1,1444,Fully Disbursed,85,Not Started,1,1,0,100,6.0,39.5,3,0,86.3,1,1,41
LAP-13912,Bihar,BIH-3,Airport,Private Agricultural,16.7,157,4,296,Not Started,0,Award Declared,1,1,1,93,3.5,68.1,1,3,64.0,1,0,0
LAP-13913,Karnataka,KAR-6,Highway,Private Agricultural,23.1,80,4,763,Partially Disbursed,72,Partial Possession,0,0,0,100,4.9,72.5,4,6,91.7,0,0,0
LAP-13914,Madhya Pradesh,MAD-2,Highway,Forest,12.4,61,4,850,Partially Disbursed,46,Survey Complete,3,1,0,100,5.6,100.0,0,6,71.7,0,0,0
LAP-13915,Rajasthan,RAJ-3,Industrial Corridor,Private Agricultural,5.2,42,4,892,Fully Disbursed,90,Award Declared,1,1,1,85,4.9,60.6,0,2,71.3,1,0,0
LAP-13916,Haryana,HAR-1,Industrial Corridor,Private Agricultural,4.4,213,5,205,Partially Disbursed,82,Partial Possession,0,0,1,70,4.0,47.2,1,1,64.0,0,0,0
LAP-13917,Rajasthan,RAJ-4,Irrigation,Tribal,14.1,70,6,363,Not Started,9,Award Declared,3,1,0,100,4.4,36.6,1,8,64.1,0,0,0
LAP-13918,Gujarat,GUJ-1,Irrigation,Tribal,26.4,8,3,100,Not Started,1,Full Possession,2,0,1,96,8.2,81.4,2,6,41.9,1,0,0
LAP-13919,Haryana,HAR-2,Urban Development,Government,10.2,9,3,860,Partially Disbursed,63,Award Declared,1,1,1,18,5.2,55.1,0,8,57.4,0,0,0
LAP-13920,Maharashtra,MAH-1,Industrial Corridor,Tribal,5.3,26,5,1493,Fully Disbursed,96,Partial Possession,1,0,1,52,4.2,76.2,0,7,36.8,0,0,0
LAP-13921,Maharashtra,MAH-4,Renewable Energy,Government,86.9,86,6,1218,Partially Disbursed,48,Partial Possession,2,1,1,55,6.9,46.9,1,7,47.6,1,0,0
LAP-13922,Uttar Pradesh,UTT-3,Industrial Corridor,Private Agricultural,9.7,75,5,117,Partially Disbursed,43,Survey Complete,2,0,1,71,7.6,54.7,2,5,86.3,0,1,26
LAP-13923,Gujarat,GUJ-1,Urban Development,Mixed,21.5,58,2,756,Not Started,5,Not Started,0,0,0,100,4.2,63.9,4,2,19.4,1,0,0
LAP-13924,Maharashtra,MAH-4,Power Transmission,Tribal,26.1,10,6,1244,Not Started,9,Partial Possession,2,0,1,65,8.1,60.5,1,8,79.6,1,0,0
LAP-13925,Bihar,BIH-1,Airport,Private Agricultural,10.8,96,3,34,Partially Disbursed,13,Full Possession,1,0,0,100,3.1,50.0,3,8,67.5,0,1,123
LAP-13926,Rajasthan,RAJ-2,Airport,Private Agricultural,14.1,32,4,1120,Partially Disbursed,39,Partial Possession,1,0,1,69,5.5,90.6,3,2,27.5,0,0,0
LAP-13927,Telangana,TEL-5,Industrial Corridor,Mixed,44.1,15,4,160,Not Started,8,Survey Complete,1,0,0,100,4.1,79.3,2,3,24.5,0,0,0
LAP-13928,Karnataka,KAR-1,Railway,Forest,57.4,327,5,704,Fully Disbursed,99,Survey Complete,1,0,0,100,6.9,64.9,5,8,79.1,0,0,0
LAP-13929,Bihar,BIH-3,Urban Development,Government,103.4,38,4,1315,Not Started,7,Not Started,0,0,1,25,5.1,61.9,1,6,27.4,0,1,86
LAP-13930,Madhya Pradesh,MAD-5,Highway,Private Agricultural,27.3,44,3,673,Fully Disbursed,97,Survey Complete,1,0,1,2,4.1,33.4,1,4,53.4,0,0,0
LAP-13931,West Bengal,WES-4,Urban Development,Private Agricultural,11.1,23,5,607,Partially Disbursed,45,Survey Complete,1,0,1,30,9.6,93.2,3,6,77.6,0,0,0
LAP-13932,West Bengal,WES-3,Renewable Energy,Tribal,10.1,32,6,857,Not Started,7,Survey Complete,1,1,0,100,6.5,62.0,1,2,50.7,0,1,43
LAP-13933,Punjab,PUN-2,Industrial Corridor,Private Agricultural,6.1,36,2,988,Partially Disbursed,37,Award Declared,1,1,0,100,8.5,80.4,1,3,40.1,1,0,0
LAP-13934,Maharashtra,MAH-5,Highway,Private Agricultural,40.4,54,1,314,Partially Disbursed,65,Survey Complete,0,0,0,100,4.4,16.7,0,0,59.6,0,0,0
LAP-13935,Rajasthan,RAJ-5,Renewable Energy,Forest,22.4,26,6,990,Partially Disbursed,55,Not Started,3,0,0,100,4.8,20.8,2,6,55.7,1,0,0
LAP-13936,Jharkhand,JHA-2,Irrigation,Private Agricultural,116.1,76,3,1418,Not Started,9,Full Possession,1,1,1,11,8.5,68.1,2,5,81.5,0,0,0
LAP-13937,Telangana,TEL-6,Power Transmission,Tribal,25.4,154,4,539,Fully Disbursed,87,Not Started,5,1,0,100,6.3,55.7,2,1,91.2,1,1,90
LAP-13938,Maharashtra,MAH-4,Airport,Private Agricultural,3.2,69,4,454,Partially Disbursed,11,Survey Complete,0,0,0,100,3.5,46.7,2,2,28.6,0,0,0
LAP-13939,Madhya Pradesh,MAD-5,Highway,Private Agricultural,18.3,8,6,334,Not Started,0,Survey Complete,1,1,1,25,6.8,89.8,2,0,46.5,0,0,0
LAP-13940,Haryana,HAR-5,Urban Development,Forest,25.3,49,6,302,Partially Disbursed,43,Partial Possession,0,0,0,100,4.3,72.4,3,0,76.3,1,0,0
LAP-13941,Punjab,PUN-4,Irrigation,Private Agricultural,26.0,350,1,602,Not Started,5,Award Declared,1,1,1,97,6.6,55.9,3,4,21.2,0,1,129
LAP-13942,Madhya Pradesh,MAD-3,Urban Development,Government,29.4,141,4,606,Partially Disbursed,49,Survey Complete,1,1,0,100,6.5,58.8,2,1,49.9,0,0,0
LAP-13943,Rajasthan,RAJ-6,Renewable Energy,Private Agricultural,49.0,25,2,1487,Partially Disbursed,41,Full Possession,0,0,0,100,4.1,41.6,1,6,31.5,0,1,30
LAP-13944,Jharkhand,JHA-1,Industrial Corridor,Private Agricultural,8.9,43,6,1319,Partially Disbursed,77,Partial Possession,1,1,0,100,6.4,47.2,0,2,77.1,0,0,0
LAP-13945,Haryana,HAR-4,Power Transmission,Private Agricultural,35.0,42,1,1360,Not Started,2,Partial Possession,1,0,1,25,8.2,82.0,2,2,60.4,0,0,0
LAP-13946,Telangana,TEL-3,Urban Development,Mixed,15.3,11,3,604,Not Started,8,Award Declared,0,0,1,2,5.9,61.0,3,8,45.6,0,0,0
LAP-13947,Maharashtra,MAH-4,Irrigation,Private Agricultural,262.2,102,5,1085,Not Started,5,Survey Complete,1,0,1,66,8.8,74.3,2,7,96.8,0,0,0
LAP-13948,West Bengal,WES-6,Highway,Mixed,147.2,11,4,532,Partially Disbursed,29,Partial Possession,1,1,0,100,7.5,37.0,3,0,61.0,0,0,0
LAP-13949,Jharkhand,JHA-2,Railway,Tribal,20.5,21,1,1348,Not Started,9,Full Possession,2,0,0,100,4.4,65.6,5,4,64.3,0,1,112
LAP-13950,Haryana,HAR-2,Industrial Corridor,Private Agricultural,26.0,79,5,833,Fully Disbursed,95,Full Possession,1,1,1,74,10.0,49.0,1,7,61.5,0,0,0
LAP-13951,Punjab,PUN-3,Industrial Corridor,Tribal,13.9,105,1,773,Fully Disbursed,99,Survey Complete,2,0,1,7,6.5,87.2,1,5,34.3,0,1,106
LAP-13952,Jharkhand,JHA-4,Urban Development,Forest,5.5,123,1,1066,Not Started,6,Full Possession,3,0,0,100,5.7,82.3,1,7,40.2,0,1,209
LAP-13953,Madhya Pradesh,MAD-1,Airport,Mixed,39.5,17,4,449,Not Started,5,Not Started,0,0,0,100,4.9,5.0,1,6,74.2,1,0,0
LAP-13954,Odisha,ODI-3,Highway,Private Agricultural,44.3,317,4,582,Partially Disbursed,74,Not Started,0,0,1,4,5.2,52.6,0,7,47.4,0,0,0
LAP-13955,Odisha,ODI-6,Irrigation,Tribal,30.1,37,4,841,Fully Disbursed,97,Award Declared,2,1,0,100,1.9,13.8,2,5,75.7,1,1,286
LAP-13956,Bihar,BIH-1,Industrial Corridor,Forest,49.1,8,2,758,Partially Disbursed,10,Survey Complete,1,1,1,33,5.1,63.9,3,1,67.1,0,0,0
LAP-13957,West Bengal,WES-6,Airport,Private Agricultural,55.8,103,4,1348,Partially Disbursed,57,Not Started,0,0,0,100,6.7,55.9,1,1,72.3,0,0,0
LAP-13958,West Bengal,WES-2,Urban Development,Tribal,5.3,91,3,1432,Fully Disbursed,99,Partial Possession,4,0,0,100,4.8,100.0,3,5,44.5,0,0,0
LAP-13959,Telangana,TEL-1,Industrial Corridor,Government,181.1,129,3,612,Partially Disbursed,44,Award Declared,0,0,0,100,5.8,84.8,2,0,50.4,0,0,0
LAP-13960,Gujarat,GUJ-5,Highway,Forest,2.5,155,6,700,Not Started,6,Award Declared,2,1,0,100,4.6,49.1,3,0,29.6,0,0,0
LAP-13961,Rajasthan,RAJ-2,Airport,Private Agricultural,14.8,51,4,214,Partially Disbursed,73,Not Started,4,0,1,48,1.0,60.5,3,5,69.9,1,1,183
LAP-13962,Rajasthan,RAJ-6,Railway,Private Agricultural,14.0,36,1,654,Partially Disbursed,81,Survey Complete,1,1,1,63,4.7,50.8,2,1,30.5,0,0,0
LAP-13963,Telangana,TEL-2,Irrigation,Government,31.1,4,1,1084,Not Started,0,Partial Possession,0,0,0,100,3.7,32.8,2,8,86.2,0,1,166
LAP-13964,Odisha,ODI-6,Renewable Energy,Private Agricultural,17.7,114,5,1432,Partially Disbursed,10,Survey Complete,1,1,0,100,6.2,74.0,6,6,67.5,1,0,0
LAP-13965,Haryana,HAR-5,Renewable Energy,Private Agricultural,1.9,30,6,790,Partially Disbursed,37,Award Declared,1,1,0,100,6.2,53.1,1,1,55.9,1,1,124
LAP-13966,Bihar,BIH-5,Irrigation,Private Agricultural,167.4,303,5,481,Partially Disbursed,77,Not Started,0,0,0,100,9.0,27.8,0,5,31.1,0,0,0
LAP-13967,Bihar,BIH-3,Highway,Private Agricultural,12.9,29,3,80,Partially Disbursed,53,Not Started,2,1,0,100,6.6,77.9,4,7,29.1,1,0,0
LAP-13968,Telangana,TEL-1,Irrigation,Private Agricultural,150.9,139,2,1221,Partially Disbursed,82,Full Possession,0,0,0,100,4.1,68.8,4,2,40.6,1,0,0
LAP-13969,Telangana,TEL-5,Urban Development,Private Agricultural,5.1,26,5,346,Fully Disbursed,93,Partial Possession,2,1,0,100,7.8,67.9,7,0,68.6,0,0,0
LAP-13970,Bihar,BIH-2,Power Transmission,Private Agricultural,10.1,10,5,47,Not Started,9,Full Possession,0,0,1,29,4.6,82.4,3,8,76.2,0,0,0
LAP-13971,Maharashtra,MAH-6,Airport,Government,54.4,34,2,730,Partially Disbursed,37,Award Declared,0,0,0,100,4.6,43.7,2,5,40.7,1,1,64
LAP-13972,Telangana,TEL-5,Irrigation,Private Agricultural,11.5,61,5,701,Fully Disbursed,93,Survey Complete,1,0,1,75,5.7,56.8,5,3,68.9,0,0,0
LAP-13973,Jharkhand,JHA-4,Highway,Government,59.5,158,4,613,Not Started,1,Partial Possession,0,0,1,67,3.0,52.6,2,1,16.9,0,0,0
LAP-13974,Telangana,TEL-1,Highway,Private Agricultural,4.1,15,4,788,Partially Disbursed,63,Survey Complete,1,0,1,91,4.3,44.2,1,4,24.7,0,0,0
LAP-13975,Jharkhand,JHA-2,Industrial Corridor,Private Agricultural,27.4,9,4,1307,Partially Disbursed,53,Full Possession,2,1,0,100,9.7,35.2,1,3,42.4,0,0,0
LAP-13976,Chhattisgarh,CHH-5,Highway,Private Agricultural,15.6,15,1,662,Fully Disbursed,100,Survey Complete,1,1,1,22,5.7,69.5,4,5,44.6,0,0,0
LAP-13977,Uttar Pradesh,UTT-5,Railway,Government,51.6,105,2,870,Partially Disbursed,63,Partial Possession,1,1,0,100,6.8,40.7,5,4,0.0,0,1,98
LAP-13978,Chhattisgarh,CHH-2,Renewable Energy,Private Agricultural,8.9,59,3,711,Fully Disbursed,85,Survey Complete,0,0,1,36,5.8,65.3,3,6,43.7,0,0,0
LAP-13979,Punjab,PUN-1,Urban Development,Private Agricultural,34.1,10,1,307,Partially Disbursed,22,Survey Complete,0,0,1,5,5.3,90.6,2,2,74.8,0,0,0
LAP-13980,Uttar Pradesh,UTT-4,Airport,Mixed,34.7,169,3,446,Partially Disbursed,18,Not Started,0,0,0,100,2.8,86.7,1,7,50.0,0,0,0
LAP-13981,Gujarat,GUJ-4,Industrial Corridor,Mixed,5.1,97,2,715,Partially Disbursed,77,Full Possession,2,0,0,100,7.1,74.4,1,2,100.0,0,0,0
LAP-13982,Bihar,BIH-4,Urban Development,Forest,16.9,68,6,1088,Partially Disbursed,32,Full Possession,0,0,0,100,2.6,75.5,5,1,48.1,0,0,0
LAP-13983,West Bengal,WES-6,Irrigation,Forest,149.6,65,3,219,Not Started,8,Partial Possession,1,1,1,45,7.4,41.1,2,2,86.6,0,1,50
LAP-13984,Gujarat,GUJ-1,Industrial Corridor,Private Agricultural,10.0,38,6,824,Partially Disbursed,78,Partial Possession,0,0,0,100,5.5,74.2,3,5,37.9,0,0,0
LAP-13985,Telangana,TEL-2,Renewable Energy,Private Agricultural,55.5,13,3,917,Not Started,6,Award Declared,0,0,1,1,3.4,43.5,4,6,81.9,0,1,74
LAP-13986,Uttar Pradesh,UTT-3,Railway,Private Agricultural,13.0,39,4,1463,Not Started,2,Award Declared,0,0,1,24,9.9,59.2,3,2,41.8,0,0,0
LAP-13987,Haryana,HAR-1,Railway,Tribal,4.9,304,5,1045,Fully Disbursed,99,Survey Complete,0,0,1,89,7.5,87.6,4,5,56.7,0,1,296
LAP-13988,Rajasthan,RAJ-6,Highway,Forest,10.5,170,4,86,Not Started,6,Not Started,3,1,1,83,5.2,56.2,1,8,59.8,1,1,315
LAP-13989,Haryana,HAR-3,Industrial Corridor,Tribal,59.6,651,3,1254,Partially Disbursed,12,Award Declared,3,0,1,17,4.3,66.8,2,0,65.4,0,0,0
LAP-13990,Bihar,BIH-1,Railway,Forest,30.9,115,3,390,Not Started,3,Full Possession,1,0,0,100,3.6,58.2,1,0,29.1,1,0,0
LAP-13991,Tamil Nadu,TAM-5,Urban Development,Mixed,4.1,34,3,1370,Partially Disbursed,23,Award Declared,0,0,0,100,4.2,64.6,3,5,87.2,1,1,148
LAP-13992,Telangana,TEL-3,Urban Development,Forest,9.0,77,2,1020,Partially Disbursed,16,Not Started,2,1,0,100,8.4,34.9,5,0,57.9,0,1,50
LAP-13993,Odisha,ODI-3,Irrigation,Private Agricultural,310.8,15,3,161,Fully Disbursed,91,Award Declared,2,1,1,89,7.1,55.7,2,0,52.3,1,0,0
LAP-13994,Rajasthan,RAJ-3,Industrial Corridor,Tribal,19.1,62,5,1161,Partially Disbursed,73,Partial Possession,2,1,0,100,4.5,21.1,0,7,85.6,0,0,0
LAP-13995,Jharkhand,JHA-3,Highway,Private Agricultural,14.4,87,2,525,Not Started,4,Survey Complete,0,0,1,74,3.5,38.6,1,4,11.2,0,0,0
LAP-13996,Bihar,BIH-5,Urban Development,Tribal,37.5,76,5,791,Fully Disbursed,90,Survey Complete,0,0,0,100,6.7,33.2,1,2,42.2,0,0,0
LAP-13997,Maharashtra,MAH-5,Urban Development,Mixed,19.0,77,4,376,Not Started,2,Partial Possession,1,1,1,78,4.0,60.6,1,1,46.4,0,1,244
LAP-13998,Jharkhand,JHA-4,Irrigation,Private Agricultural,109.2,35,3,112,Not Started,5,Survey Complete,0,0,1,28,5.9,70.6,0,7,12.5,1,1,146
LAP-13999,Rajasthan,RAJ-6,Highway,Private Agricultural,24.2,54,3,1179,Not Started,0,Partial Possession,0,0,0,100,3.6,81.4,2,7,45.7,1,1,92
LAP-14000,Maharashtra,MAH-3,Industrial Corridor,Private Agricultural,290.4,254,2,129,Not Started,3,Partial Possession,0,0,1,87,4.7,51.2,5,7,27.2,1,0,0
LAP-14001,Gujarat,GUJ-2,Urban Development,Private Agricultural,11.4,43,4,1466,Not Started,8,Not Started,0,0,1,15,5.6,30.0,1,4,59.6,0,0,0
LAP-14002,Madhya Pradesh,MAD-1,Industrial Corridor,Tribal,242.7,14,1,528,Fully Disbursed,92,Award Declared,0,0,0,100,5.5,53.4,2,5,5.2,0,1,70
LAP-14003,Telangana,TEL-2,Renewable Energy,Mixed,28.7,143,3,1321,Not Started,5,Not Started,0,0,0,100,10.0,78.4,1,0,36.5,0,0,0
LAP-14004,Maharashtra,MAH-1,Irrigation,Private Agricultural,3.3,256,1,189,Fully Disbursed,97,Award Declared,0,0,0,100,4.5,96.5,1,5,43.4,0,0,0
LAP-14005,Odisha,ODI-4,Highway,Tribal,17.8,152,5,469,Fully Disbursed,87,Partial Possession,0,0,1,80,6.9,52.0,2,5,82.3,0,0,0
LAP-14006,West Bengal,WES-1,Highway,Private Agricultural,18.9,17,3,453,Partially Disbursed,68,Award Declared,2,0,1,21,6.5,83.9,5,8,51.0,1,1,56
LAP-14007,Maharashtra,MAH-6,Railway,Private Agricultural,3.9,14,2,1188,Not Started,3,Award Declared,0,0,1,15,5.6,49.1,2,0,35.4,0,0,0
LAP-14008,Karnataka,KAR-3,Railway,Private Agricultural,21.5,244,3,481,Not Started,0,Full Possession,0,0,0,100,8.5,81.9,1,8,35.4,1,0,0
LAP-14009,Haryana,HAR-4,Railway,Forest,57.4,21,5,845,Not Started,0,Full Possession,0,0,1,32,6.0,54.6,2,1,62.2,0,0,0
LAP-14010,Rajasthan,RAJ-4,Highway,Private Agricultural,180.5,17,5,1253,Partially Disbursed,17,Full Possession,1,1,1,45,7.8,19.1,3,8,71.2,0,1,385
LAP-14011,Karnataka,KAR-6,Airport,Mixed,34.2,6,6,93,Partially Disbursed,77,Survey Complete,1,0,1,45,6.2,19.1,2,2,71.4,1,1,158
LAP-14012,Chhattisgarh,CHH-3,Highway,Government,21.3,33,5,398,Not Started,4,Survey Complete,2,1,0,100,4.3,82.2,0,4,58.8,0,0,0
LAP-14013,Chhattisgarh,CHH-4,Railway,Forest,6.2,64,3,980,Partially Disbursed,31,Full Possession,0,0,0,100,7.0,83.0,1,8,79.4,1,1,122
LAP-14014,Uttar Pradesh,UTT-1,Renewable Energy,Mixed,398.4,15,4,910,Not Started,9,Award Declared,0,0,0,100,6.2,41.9,3,6,45.8,0,0,0
LAP-14015,Rajasthan,RAJ-3,Highway,Private Agricultural,32.5,129,5,1008,Not Started,5,Not Started,2,1,1,4,10.0,39.0,0,8,71.9,1,1,56
LAP-14016,Tamil Nadu,TAM-1,Highway,Tribal,32.6,42,1,1167,Partially Disbursed,17,Full Possession,2,1,0,100,6.1,55.0,3,6,20.9,0,0,0
LAP-14017,Uttar Pradesh,UTT-6,Airport,Private Agricultural,35.0,74,6,1293,Fully Disbursed,89,Award Declared,1,1,1,49,8.8,34.2,1,0,8.9,1,0,0
LAP-14018,Jharkhand,JHA-2,Railway,Private Agricultural,51.2,47,3,1265,Fully Disbursed,95,Survey Complete,1,1,1,74,8.6,81.3,2,1,27.0,0,0,0
LAP-14019,Chhattisgarh,CHH-1,Railway,Private Agricultural,49.2,16,2,1008,Not Started,9,Award Declared,0,0,0,100,6.4,38.0,0,6,33.6,0,0,0
LAP-14020,Gujarat,GUJ-5,Renewable Energy,Tribal,15.1,27,1,1377,Not Started,9,Partial Possession,3,1,1,33,2.8,55.1,1,8,66.5,0,1,116
LAP-14021,Chhattisgarh,CHH-4,Railway,Government,4.9,20,3,1272,Not Started,7,Not Started,1,1,1,0,7.4,52.2,1,4,27.7,0,0,0
LAP-14022,Tamil Nadu,TAM-5,Renewable Energy,Private Agricultural,57.2,136,5,948,Partially Disbursed,11,Full Possession,0,0,1,79,6.1,81.4,1,3,99.0,1,0,0
LAP-14023,Karnataka,KAR-6,Airport,Forest,11.0,65,2,341,Not Started,8,Not Started,1,0,0,100,7.0,50.3,5,0,17.8,1,0,0
LAP-14024,Haryana,HAR-5,Power Transmission,Private Agricultural,8.1,28,5,1030,Not Started,0,Award Declared,1,1,0,100,8.0,79.3,1,2,70.9,0,1,212
LAP-14025,Punjab,PUN-5,Urban Development,Forest,3.6,430,6,1276,Not Started,9,Survey Complete,1,1,0,100,7.1,67.9,3,1,53.5,0,1,41
LAP-14026,Tamil Nadu,TAM-6,Power Transmission,Mixed,86.5,53,5,913,Not Started,9,Partial Possession,0,0,0,100,3.2,81.5,0,0,100.0,0,0,0
LAP-14027,Rajasthan,RAJ-1,Irrigation,Forest,23.7,150,5,513,Partially Disbursed,13,Survey Complete,0,0,0,100,3.9,75.0,0,5,22.0,0,0,0
LAP-14028,Uttar Pradesh,UTT-2,Irrigation,Private Agricultural,22.7,43,6,865,Not Started,9,Full Possession,0,0,0,100,6.4,39.4,3,3,11.5,1,0,0
LAP-14029,Chhattisgarh,CHH-6,Highway,Forest,18.7,40,3,1012,Fully Disbursed,85,Partial Possession,1,1,0,100,5.4,63.0,1,0,45.6,1,0,0
LAP-14030,Odisha,ODI-6,Highway,Tribal,18.5,23,2,288,Partially Disbursed,15,Survey Complete,3,0,1,93,4.1,10.2,0,4,42.5,0,1,153
LAP-14031,Uttar Pradesh,UTT-4,Renewable Energy,Private Agricultural,34.2,80,1,1168,Not Started,6,Award Declared,0,0,1,23,6.3,88.4,0,1,65.4,0,0,0
LAP-14032,West Bengal,WES-5,Renewable Energy,Private Agricultural,48.9,5,2,297,Partially Disbursed,61,Partial Possession,0,0,0,100,4.7,67.8,2,1,49.8,0,1,86
LAP-14033,Tamil Nadu,TAM-1,Irrigation,Private Agricultural,15.0,26,2,547,Not Started,8,Not Started,0,0,1,32,4.3,55.8,4,1,46.2,0,0,0
LAP-14034,Chhattisgarh,CHH-2,Renewable Energy,Private Agricultural,9.4,670,5,970,Partially Disbursed,24,Survey Complete,1,1,1,24,6.0,68.2,4,3,44.3,0,1,257
LAP-14035,Karnataka,KAR-1,Urban Development,Government,7.8,12,3,908,Partially Disbursed,75,Partial Possession,0,0,0,100,3.3,58.4,2,7,100.0,0,0,0
LAP-14036,Tamil Nadu,TAM-4,Highway,Private Agricultural,83.2,4,5,96,Partially Disbursed,32,Partial Possession,3,1,1,1,8.4,44.9,1,8,70.9,1,1,69
LAP-14037,Maharashtra,MAH-1,Highway,Tribal,11.2,152,3,588,Not Started,3,Not Started,2,0,1,90,3.1,100.0,0,3,59.4,0,1,18
LAP-14038,Tamil Nadu,TAM-3,Renewable Energy,Private Agricultural,123.8,41,6,1382,Not Started,7,Not Started,0,0,0,100,8.8,90.0,5,0,18.1,1,0,0
LAP-14039,Telangana,TEL-5,Highway,Private Agricultural,24.9,8,4,1303,Not Started,6,Not Started,0,0,1,19,6.9,67.1,1,0,19.3,1,0,0
LAP-14040,Tamil Nadu,TAM-4,Highway,Private Agricultural,5.6,11,4,1166,Not Started,6,Full Possession,1,1,1,53,3.5,84.0,2,2,57.9,1,0,0
LAP-14041,Chhattisgarh,CHH-2,Renewable Energy,Private Agricultural,4.8,13,1,1473,Partially Disbursed,67,Partial Possession,1,0,1,18,5.5,29.4,0,1,100.0,0,1,191
LAP-14042,Uttar Pradesh,UTT-6,Railway,Forest,52.7,212,5,534,Partially Disbursed,67,Not Started,1,1,0,100,7.1,34.7,4,3,39.5,0,1,201
LAP-14043,West Bengal,WES-2,Urban Development,Tribal,39.7,20,5,70,Not Started,7,Survey Complete,3,1,1,100,7.2,100.0,2,1,38.2,0,1,408
LAP-14044,Gujarat,GUJ-4,Airport,Forest,7.3,24,1,1057,Not Started,8,Partial Possession,2,1,0,100,3.0,48.0,0,5,54.6,0,1,82
LAP-14045,Gujarat,GUJ-3,Industrial Corridor,Forest,108.4,57,1,1087,Partially Disbursed,30,Not Started,1,1,0,100,6.7,46.4,0,3,70.7,1,0,0
LAP-14046,Gujarat,GUJ-3,Power Transmission,Forest,9.6,471,5,1341,Fully Disbursed,85,Award Declared,2,1,0,100,9.4,74.1,0,5,28.7,0,0,0
LAP-14047,Chhattisgarh,CHH-2,Power Transmission,Private Agricultural,8.2,82,3,525,Fully Disbursed,86,Partial Possession,0,0,0,100,5.5,75.9,6,0,23.3,1,0,0
LAP-14048,Chhattisgarh,CHH-5,Highway,Forest,15.7,44,3,881,Partially Disbursed,11,Award Declared,1,1,1,8,5.8,46.3,3,3,33.8,0,1,92
LAP-14049,Haryana,HAR-4,Irrigation,Government,14.0,10,2,899,Partially Disbursed,73,Full Possession,0,0,0,100,4.3,42.5,1,3,26.5,0,0,0
LAP-14050,Uttar Pradesh,UTT-2,Urban Development,Private Agricultural,118.5,384,4,1472,Partially Disbursed,16,Award Declared,0,0,1,54,5.4,47.6,3,6,86.0,0,0,0
LAP-14051,Gujarat,GUJ-4,Urban Development,Government,54.9,101,3,931,Not Started,2,Not Started,0,0,1,41,9.4,67.0,3,7,0.0,0,1,231
LAP-14052,Haryana,HAR-6,Industrial Corridor,Forest,49.0,71,6,283,Partially Disbursed,75,Not Started,2,1,1,86,6.9,86.1,3,6,81.7,0,0,0
LAP-14053,Karnataka,KAR-5,Industrial Corridor,Mixed,86.7,332,6,352,Fully Disbursed,95,Not Started,0,0,1,77,3.7,33.2,1,2,49.3,0,0,0
LAP-14054,Odisha,ODI-6,Industrial Corridor,Private Agricultural,1.9,50,6,1369,Partially Disbursed,61,Partial Possession,1,0,1,88,5.0,70.8,5,8,82.8,0,1,109
LAP-14055,Haryana,HAR-6,Railway,Private Agricultural,45.5,23,2,284,Not Started,1,Partial Possession,1,1,0,100,4.3,51.1,1,0,58.7,0,0,0
LAP-14056,Punjab,PUN-1,Railway,Private Agricultural,21.4,20,5,315,Not Started,5,Not Started,0,0,0,100,7.1,62.7,2,8,34.7,0,0,0
LAP-14057,Madhya Pradesh,MAD-2,Renewable Energy,Government,3.8,85,1,1069,Fully Disbursed,90,Not Started,2,1,0,100,7.6,73.9,1,6,76.0,0,1,52
LAP-14058,Madhya Pradesh,MAD-1,Highway,Private Agricultural,55.9,39,2,817,Partially Disbursed,76,Partial Possession,1,0,1,94,5.5,51.4,2,6,96.8,1,0,0
LAP-14059,Gujarat,GUJ-6,Power Transmission,Government,12.7,63,4,1061,Not Started,0,Not Started,1,1,1,84,3.4,100.0,4,3,25.8,0,0,0
LAP-14060,Madhya Pradesh,MAD-3,Railway,Private Agricultural,18.5,26,5,1021,Not Started,4,Partial Possession,0,0,1,99,3.0,74.6,1,8,44.1,0,0,0
LAP-14061,Uttar Pradesh,UTT-3,Railway,Private Agricultural,60.5,33,2,1220,Partially Disbursed,34,Partial Possession,0,0,0,100,5.6,26.4,0,1,54.8,0,0,0
LAP-14062,Telangana,TEL-1,Highway,Private Agricultural,114.7,97,1,543,Not Started,9,Award Declared,0,0,1,62,6.0,29.6,5,3,32.6,1,0,0
LAP-14063,Telangana,TEL-1,Industrial Corridor,Government,3.7,25,5,1282,Not Started,7,Partial Possession,1,1,1,37,10.0,72.1,4,3,29.2,0,0,0
LAP-14064,Odisha,ODI-2,Highway,Private Agricultural,72.0,30,1,309,Not Started,0,Survey Complete,2,1,1,76,4.6,65.3,3,0,75.4,1,0,0
LAP-14065,Chhattisgarh,CHH-6,Urban Development,Private Agricultural,72.1,47,4,1213,Fully Disbursed,91,Not Started,0,0,0,100,3.2,40.2,0,3,57.2,0,0,0
LAP-14066,Uttar Pradesh,UTT-1,Highway,Forest,45.5,28,6,46,Not Started,3,Award Declared,1,1,0,100,6.5,100.0,5,3,89.8,0,0,0
LAP-14067,Madhya Pradesh,MAD-2,Industrial Corridor,Private Agricultural,20.0,150,5,821,Fully Disbursed,87,Partial Possession,0,0,1,33,3.6,59.1,0,7,64.5,0,0,0
LAP-14068,Telangana,TEL-5,Highway,Private Agricultural,30.6,40,4,1166,Fully Disbursed,93,Not Started,1,1,1,67,7.8,30.6,0,4,72.7,0,1,57
LAP-14069,Chhattisgarh,CHH-2,Urban Development,Mixed,9.5,21,6,845,Fully Disbursed,90,Award Declared,0,0,0,100,7.8,26.8,2,4,11.5,0,0,0
LAP-14070,Punjab,PUN-4,Highway,Mixed,31.4,161,1,406,Partially Disbursed,43,Survey Complete,2,1,0,100,4.8,67.7,1,0,59.6,1,0,0
LAP-14071,Maharashtra,MAH-3,Urban Development,Government,13.2,66,1,226,Not Started,0,Not Started,0,0,0,100,5.4,76.2,2,2,47.1,0,0,0
LAP-14072,Chhattisgarh,CHH-4,Urban Development,Mixed,133.8,66,2,490,Not Started,7,Not Started,2,1,0,100,5.0,83.2,2,5,77.8,0,0,0
LAP-14073,Karnataka,KAR-1,Highway,Private Agricultural,7.9,47,3,618,Fully Disbursed,87,Full Possession,0,0,1,96,8.5,100.0,4,6,84.8,0,1,39
LAP-14074,Chhattisgarh,CHH-2,Industrial Corridor,Government,72.7,53,2,381,Not Started,7,Survey Complete,0,0,0,100,2.9,63.6,2,3,79.9,0,0,0
LAP-14075,Rajasthan,RAJ-5,Urban Development,Government,8.1,8,2,280,Partially Disbursed,50,Survey Complete,1,1,0,100,5.6,51.9,4,5,85.8,0,1,83
LAP-14076,Madhya Pradesh,MAD-5,Renewable Energy,Private Agricultural,130.9,483,2,214,Partially Disbursed,77,Survey Complete,1,1,0,100,4.1,54.7,4,4,44.1,1,1,241
LAP-14077,West Bengal,WES-5,Industrial Corridor,Forest,79.8,31,5,1149,Partially Disbursed,23,Award Declared,0,0,0,100,5.7,66.3,1,6,19.9,0,1,25
LAP-14078,Rajasthan,RAJ-3,Airport,Government,73.7,38,2,252,Partially Disbursed,40,Not Started,1,1,0,100,10.0,69.4,1,0,89.5,0,1,24
LAP-14079,Tamil Nadu,TAM-6,Railway,Forest,27.2,50,2,144,Not Started,9,Not Started,0,0,0,100,6.3,95.8,2,0,73.3,0,0,0
LAP-14080,Telangana,TEL-2,Airport,Private Agricultural,27.6,47,4,1174,Fully Disbursed,94,Not Started,0,0,0,100,2.2,83.2,3,8,41.1,0,0,0
LAP-14081,Haryana,HAR-5,Industrial Corridor,Tribal,35.0,21,3,782,Fully Disbursed,86,Full Possession,1,1,0,100,7.4,39.2,5,5,83.6,1,0,0
LAP-14082,Bihar,BIH-2,Power Transmission,Private Agricultural,15.8,26,4,1272,Partially Disbursed,29,Full Possession,0,0,1,48,5.7,100.0,1,5,56.7,1,0,0
LAP-14083,Haryana,HAR-1,Industrial Corridor,Private Agricultural,55.9,541,4,1407,Partially Disbursed,59,Full Possession,0,0,1,100,2.9,19.7,2,0,42.5,0,0,0
LAP-14084,Uttar Pradesh,UTT-4,Irrigation,Private Agricultural,19.5,167,2,616,Partially Disbursed,78,Survey Complete,0,0,1,61,8.6,81.5,1,5,59.8,1,1,31
LAP-14085,Karnataka,KAR-4,Airport,Forest,67.4,100,6,1088,Partially Disbursed,67,Award Declared,3,0,0,100,5.9,58.9,0,7,58.1,0,1,221
LAP-14086,Madhya Pradesh,MAD-3,Industrial Corridor,Private Agricultural,21.7,3,4,1154,Partially Disbursed,76,Full Possession,0,0,0,100,5.1,78.0,3,1,64.2,0,0,0
LAP-14087,Madhya Pradesh,MAD-5,Urban Development,Government,13.7,41,6,724,Not Started,1,Award Declared,0,0,1,79,8.5,33.4,6,7,68.8,0,0,0
LAP-14088,Telangana,TEL-1,Highway,Private Agricultural,909.2,38,6,1249,Fully Disbursed,98,Partial Possession,1,1,1,5,7.3,72.1,0,3,16.3,0,0,0
LAP-14089,West Bengal,WES-4,Airport,Government,191.7,73,6,611,Partially Disbursed,49,Partial Possession,1,1,0,100,4.9,17.6,0,2,53.2,0,1,23
LAP-14090,Madhya Pradesh,MAD-1,Highway,Private Agricultural,15.6,43,2,1279,Fully Disbursed,95,Full Possession,2,0,0,100,5.6,41.9,2,7,97.6,0,1,130
LAP-14091,Punjab,PUN-6,Urban Development,Private Agricultural,20.0,314,2,439,Not Started,4,Survey Complete,3,0,1,33,3.9,63.2,1,0,95.3,1,0,0
LAP-14092,Bihar,BIH-4,Industrial Corridor,Private Agricultural,49.9,615,4,887,Not Started,1,Award Declared,1,1,1,8,5.0,61.1,4,0,34.2,1,0,0
LAP-14093,Odisha,ODI-1,Highway,Private Agricultural,163.6,29,3,735,Not Started,1,Not Started,0,0,1,57,5.7,73.7,4,8,38.8,1,0,0
LAP-14094,Madhya Pradesh,MAD-5,Irrigation,Tribal,31.8,31,3,776,Fully Disbursed,91,Survey Complete,0,0,1,61,10.0,65.3,1,0,74.8,0,0,0
LAP-14095,Telangana,TEL-5,Highway,Private Agricultural,39.8,78,6,367,Not Started,4,Not Started,1,0,0,100,7.6,68.8,7,8,0.0,1,0,0
LAP-14096,West Bengal,WES-5,Highway,Private Agricultural,32.9,142,1,163,Not Started,7,Full Possession,1,1,1,64,7.3,48.9,4,3,39.3,1,1,166
LAP-14097,Karnataka,KAR-4,Power Transmission,Private Agricultural,4.7,43,2,1345,Fully Disbursed,86,Full Possession,1,1,1,23,8.4,7.9,5,6,34.5,0,1,129
LAP-14098,Haryana,HAR-5,Railway,Private Agricultural,46.4,374,4,122,Fully Disbursed,85,Partial Possession,0,0,1,16,6.6,56.7,2,2,39.1,0,0,0
LAP-14099,Rajasthan,RAJ-3,Urban Development,Private Agricultural,5.7,55,6,981,Partially Disbursed,48,Not Started,0,0,1,99,5.9,41.9,0,2,64.6,0,0,0
LAP-14100,Bihar,BIH-5,Urban Development,Government,8.8,44,6,1356,Not Started,1,Not Started,3,1,0,100,4.7,74.1,2,5,27.8,1,1,107
LAP-14101,Gujarat,GUJ-4,Industrial Corridor,Private Agricultural,18.7,51,5,911,Partially Disbursed,75,Survey Complete,1,1,1,54,5.5,84.4,2,5,46.7,0,0,0
LAP-14102,Punjab,PUN-2,Irrigation,Tribal,127.4,262,1,1285,Fully Disbursed,97,Full Possession,1,1,0,100,5.8,38.8,2,3,78.9,1,1,213
LAP-14103,Telangana,TEL-1,Power Transmission,Private Agricultural,125.8,6,5,922,Fully Disbursed,85,Partial Possession,0,0,1,72,7.6,58.5,2,2,91.3,0,0,0
LAP-14104,Punjab,PUN-1,Industrial Corridor,Private Agricultural,27.7,9,2,901,Fully Disbursed,96,Partial Possession,0,0,1,61,7.0,54.5,4,7,27.0,1,0,0
LAP-14105,Jharkhand,JHA-1,Highway,Forest,11.2,73,5,196,Not Started,8,Not Started,1,1,0,100,5.9,98.8,4,1,68.5,0,1,169
LAP-14106,Punjab,PUN-4,Industrial Corridor,Private Agricultural,12.2,43,6,683,Partially Disbursed,80,Not Started,0,0,1,31,3.4,60.3,1,4,64.8,1,0,0
LAP-14107,Jharkhand,JHA-4,Highway,Tribal,6.8,60,6,480,Not Started,1,Award Declared,1,1,1,97,3.6,54.3,1,7,36.5,1,1,402
LAP-14108,Karnataka,KAR-6,Highway,Tribal,6.4,28,3,148,Partially Disbursed,10,Survey Complete,2,1,1,99,5.0,86.8,1,3,72.4,0,1,182
LAP-14109,Telangana,TEL-2,Highway,Private Agricultural,7.9,17,4,74,Fully Disbursed,89,Award Declared,0,0,1,91,7.0,35.3,2,2,51.1,0,0,0
LAP-14110,Uttar Pradesh,UTT-1,Industrial Corridor,Private Agricultural,41.5,35,5,808,Not Started,6,Full Possession,0,0,1,46,6.0,61.5,1,5,46.5,0,0,0
LAP-14111,Karnataka,KAR-6,Highway,Private Agricultural,381.8,38,5,970,Not Started,0,Partial Possession,1,1,1,91,7.9,63.2,1,3,77.6,0,0,0
LAP-14112,Uttar Pradesh,UTT-4,Renewable Energy,Private Agricultural,5.3,23,3,369,Fully Disbursed,88,Partial Possession,2,1,0,100,7.9,42.8,3,1,72.1,0,0,0
LAP-14113,Punjab,PUN-5,Highway,Forest,2.5,220,3,749,Partially Disbursed,59,Full Possession,0,0,0,100,5.5,38.2,2,3,33.4,0,0,0
LAP-14114,Telangana,TEL-5,Highway,Tribal,28.0,951,1,404,Not Started,9,Partial Possession,1,0,1,95,6.6,100.0,3,5,28.3,0,0,0
LAP-14115,Chhattisgarh,CHH-3,Renewable Energy,Private Agricultural,44.5,19,1,301,Fully Disbursed,92,Survey Complete,0,0,1,5,9.8,47.2,0,3,53.4,1,0,0
LAP-14116,Jharkhand,JHA-1,Irrigation,Forest,244.9,248,5,946,Not Started,4,Survey Complete,3,1,0,100,6.7,55.3,0,2,57.9,0,1,58
LAP-14117,Odisha,ODI-4,Railway,Private Agricultural,26.2,50,4,1314,Partially Disbursed,79,Partial Possession,2,1,1,92,4.9,44.5,2,6,3.8,0,1,37
LAP-14118,Uttar Pradesh,UTT-6,Industrial Corridor,Private Agricultural,2.8,60,3,800,Partially Disbursed,41,Not Started,1,1,0,100,10.0,36.0,1,7,26.0,0,0,0
LAP-14119,Chhattisgarh,CHH-2,Power Transmission,Mixed,29.8,235,4,1236,Partially Disbursed,10,Award Declared,1,1,1,61,3.7,57.3,5,2,13.5,1,0,0
LAP-14120,Gujarat,GUJ-4,Renewable Energy,Government,140.3,13,4,595,Fully Disbursed,85,Full Possession,1,0,0,100,7.9,37.9,2,5,57.5,0,0,0
LAP-14121,Telangana,TEL-6,Irrigation,Private Agricultural,41.8,33,1,235,Not Started,5,Partial Possession,0,0,0,100,8.3,70.3,2,6,76.9,0,0,0
LAP-14122,Odisha,ODI-4,Industrial Corridor,Mixed,30.3,15,4,56,Partially Disbursed,21,Partial Possession,2,1,0,100,7.4,80.7,2,1,87.2,1,0,0
LAP-14123,Telangana,TEL-5,Highway,Private Agricultural,33.8,18,1,80,Not Started,0,Award Declared,1,1,0,100,5.6,78.9,2,3,16.8,0,0,0
LAP-14124,Karnataka,KAR-3,Irrigation,Tribal,51.1,53,3,98,Partially Disbursed,24,Not Started,2,1,1,5,4.4,17.4,3,6,85.3,1,1,328
LAP-14125,Tamil Nadu,TAM-4,Industrial Corridor,Private Agricultural,151.0,20,1,468,Partially Disbursed,67,Full Possession,1,1,1,79,4.3,69.7,3,4,55.9,1,1,108
LAP-14126,Punjab,PUN-4,Highway,Forest,11.4,179,6,1163,Fully Disbursed,94,Partial Possession,1,1,1,59,6.1,77.7,0,0,79.3,0,0,0
LAP-14127,Punjab,PUN-3,Airport,Mixed,74.2,63,6,502,Not Started,9,Partial Possession,0,0,1,88,7.2,100.0,5,8,67.1,0,0,0
LAP-14128,Bihar,BIH-2,Urban Development,Private Agricultural,127.7,61,4,509,Fully Disbursed,86,Full Possession,1,0,0,100,7.9,80.9,3,3,62.0,0,0,0
LAP-14129,Gujarat,GUJ-5,Highway,Private Agricultural,6.0,34,1,142,Fully Disbursed,91,Full Possession,1,0,0,100,8.3,71.4,3,0,32.9,0,0,0
LAP-14130,Chhattisgarh,CHH-6,Irrigation,Private Agricultural,16.0,18,2,673,Partially Disbursed,76,Award Declared,0,0,0,100,6.1,89.0,2,2,51.9,0,0,0
LAP-14131,Punjab,PUN-3,Renewable Energy,Tribal,38.5,93,1,1416,Partially Disbursed,40,Partial Possession,0,0,0,100,6.6,62.0,1,4,16.3,1,1,267
LAP-14132,Haryana,HAR-2,Airport,Mixed,10.5,333,2,240,Fully Disbursed,87,Survey Complete,1,0,0,100,4.9,34.4,1,6,68.4,0,0,0
LAP-14133,Tamil Nadu,TAM-2,Industrial Corridor,Private Agricultural,28.1,251,6,391,Fully Disbursed,89,Partial Possession,0,0,0,100,9.2,94.7,0,8,34.8,0,0,0
LAP-14134,Bihar,BIH-5,Highway,Private Agricultural,19.3,65,6,935,Not Started,7,Award Declared,0,0,0,100,2.3,61.2,1,6,26.8,1,0,0
LAP-14135,Karnataka,KAR-4,Highway,Forest,1.5,28,5,407,Partially Disbursed,74,Not Started,3,1,1,10,4.5,79.6,2,4,0.0,1,0,0
LAP-14136,Punjab,PUN-3,Irrigation,Private Agricultural,10.9,8,5,1439,Partially Disbursed,66,Partial Possession,1,0,1,26,2.1,67.6,2,5,16.4,1,0,0
LAP-14137,Punjab,PUN-4,Irrigation,Government,4.6,139,3,1246,Fully Disbursed,100,Award Declared,1,1,1,70,6.0,73.4,0,8,48.0,0,1,19
LAP-14138,Chhattisgarh,CHH-4,Industrial Corridor,Private Agricultural,15.2,6,6,700,Partially Disbursed,25,Partial Possession,0,0,1,66,3.6,61.0,1,0,17.6,0,0,0
LAP-14139,Karnataka,KAR-1,Railway,Private Agricultural,1.0,33,6,1337,Partially Disbursed,10,Award Declared,0,0,0,100,7.4,65.2,3,8,100.0,0,0,0
LAP-14140,Chhattisgarh,CHH-4,Highway,Private Agricultural,5.6,21,4,520,Not Started,1,Survey Complete,0,0,1,64,6.5,61.6,2,2,71.8,0,0,0
LAP-14141,Tamil Nadu,TAM-1,Industrial Corridor,Private Agricultural,65.8,128,6,502,Fully Disbursed,88,Survey Complete,2,0,1,73,5.0,30.9,2,5,49.2,0,0,0
LAP-14142,Haryana,HAR-4,Irrigation,Private Agricultural,126.9,89,1,336,Not Started,4,Partial Possession,0,0,1,84,7.1,67.2,1,5,100.0,0,0,0
LAP-14143,Telangana,TEL-4,Irrigation,Private Agricultural,20.0,193,6,737,Not Started,5,Partial Possession,0,0,1,32,5.6,58.1,3,0,27.2,0,0,0
LAP-14144,Madhya Pradesh,MAD-1,Renewable Energy,Private Agricultural,25.3,14,2,846,Partially Disbursed,68,Full Possession,0,0,1,22,3.6,57.6,1,7,53.8,0,0,0
LAP-14145,Uttar Pradesh,UTT-6,Industrial Corridor,Forest,9.3,129,5,1405,Partially Disbursed,16,Survey Complete,0,0,0,100,5.9,58.8,2,8,41.0,1,1,60
LAP-14146,Madhya Pradesh,MAD-2,Airport,Mixed,38.5,113,1,224,Fully Disbursed,98,Award Declared,0,0,0,100,8.9,34.1,2,1,2.8,0,0,0
LAP-14147,Gujarat,GUJ-5,Railway,Mixed,77.4,17,2,147,Fully Disbursed,95,Partial Possession,1,1,1,15,4.8,75.9,0,4,82.2,0,0,0
LAP-14148,Rajasthan,RAJ-3,Irrigation,Private Agricultural,14.9,15,6,1110,Partially Disbursed,28,Partial Possession,0,0,0,100,8.1,68.2,3,0,38.6,0,0,0
LAP-14149,Uttar Pradesh,UTT-1,Irrigation,Mixed,24.8,132,4,576,Not Started,4,Full Possession,1,1,0,100,4.1,34.5,1,5,61.8,0,0,0
LAP-14150,Haryana,HAR-5,Irrigation,Mixed,79.3,17,2,31,Not Started,9,Not Started,0,0,0,100,3.1,84.9,1,8,90.6,1,0,0
LAP-14151,Gujarat,GUJ-6,Highway,Tribal,126.0,15,3,296,Not Started,2,Survey Complete,0,0,1,22,6.7,45.1,2,2,19.3,0,1,81
LAP-14152,Gujarat,GUJ-3,Highway,Private Agricultural,18.4,136,6,627,Fully Disbursed,95,Partial Possession,3,1,1,47,4.8,84.7,0,1,48.5,0,0,0
LAP-14153,Maharashtra,MAH-6,Airport,Tribal,7.7,81,2,164,Not Started,2,Partial Possession,2,0,0,100,6.9,45.2,3,0,61.8,0,0,0
LAP-14154,Tamil Nadu,TAM-4,Irrigation,Government,72.3,251,3,1223,Fully Disbursed,89,Award Declared,2,0,0,100,4.7,47.7,1,4,81.5,0,1,144
LAP-14155,West Bengal,WES-5,Highway,Forest,25.8,222,2,289,Fully Disbursed,91,Not Started,0,0,0,100,3.2,42.0,3,0,54.4,1,0,0
LAP-14156,Punjab,PUN-3,Power Transmission,Private Agricultural,2.3,88,2,90,Fully Disbursed,85,Not Started,0,0,0,100,4.0,22.1,4,6,83.4,1,0,0
LAP-14157,Gujarat,GUJ-5,Industrial Corridor,Private Agricultural,73.3,36,2,205,Not Started,1,Award Declared,1,1,1,80,4.9,63.6,2,4,1.0,0,1,68
LAP-14158,Jharkhand,JHA-1,Renewable Energy,Government,98.4,133,3,887,Partially Disbursed,18,Survey Complete,0,0,0,100,7.9,48.4,0,4,54.4,0,0,0
LAP-14159,Gujarat,GUJ-4,Railway,Mixed,62.3,23,1,43,Fully Disbursed,89,Full Possession,1,0,0,100,10.0,57.1,2,0,47.5,0,0,0
LAP-14160,Odisha,ODI-1,Industrial Corridor,Tribal,1.6,39,1,46,Partially Disbursed,32,Award Declared,1,0,0,100,3.2,87.0,0,5,81.1,1,0,0
LAP-14161,Chhattisgarh,CHH-5,Highway,Mixed,11.8,39,2,361,Partially Disbursed,42,Award Declared,1,0,0,100,7.4,41.0,2,8,76.8,1,0,0
LAP-14162,Uttar Pradesh,UTT-2,Power Transmission,Forest,22.7,283,6,399,Fully Disbursed,88,Not Started,0,0,0,100,3.0,69.4,4,4,55.6,0,0,0
LAP-14163,Telangana,TEL-6,Highway,Forest,6.3,64,1,1461,Partially Disbursed,18,Not Started,2,1,0,100,6.1,57.9,3,1,51.7,0,0,0
LAP-14164,Odisha,ODI-4,Industrial Corridor,Government,99.2,66,1,1123,Partially Disbursed,77,Partial Possession,1,1,0,100,2.5,23.5,3,6,24.8,0,0,0
LAP-14165,Tamil Nadu,TAM-3,Power Transmission,Private Agricultural,21.1,192,5,769,Partially Disbursed,60,Full Possession,0,0,1,0,6.1,57.4,3,3,16.8,0,0,0
LAP-14166,Odisha,ODI-5,Industrial Corridor,Mixed,62.3,144,1,618,Fully Disbursed,99,Survey Complete,0,0,0,100,1.4,79.1,2,7,47.3,0,1,78
LAP-14167,Gujarat,GUJ-2,Highway,Mixed,21.4,107,2,1021,Fully Disbursed,99,Survey Complete,1,1,0,100,4.1,40.5,2,4,30.1,0,1,59
LAP-14168,Chhattisgarh,CHH-3,Renewable Energy,Forest,55.3,8,2,567,Partially Disbursed,19,Full Possession,1,1,0,100,6.7,76.3,3,1,23.7,0,0,0
LAP-14169,Haryana,HAR-2,Irrigation,Tribal,141.8,182,1,1167,Partially Disbursed,11,Full Possession,3,1,1,86,4.5,80.3,1,8,46.5,1,1,129
LAP-14170,Odisha,ODI-3,Urban Development,Mixed,54.9,7,3,53,Partially Disbursed,77,Not Started,1,0,1,21,7.7,39.9,1,3,95.1,0,0,0
LAP-14171,Tamil Nadu,TAM-6,Industrial Corridor,Private Agricultural,11.6,62,6,493,Not Started,2,Partial Possession,1,1,1,40,3.8,42.2,3,6,43.9,0,0,0
LAP-14172,Maharashtra,MAH-3,Power Transmission,Government,4.8,280,6,635,Not Started,8,Survey Complete,2,1,0,100,9.1,75.0,1,1,0.0,0,0,0
LAP-14173,Rajasthan,RAJ-1,Highway,Tribal,8.7,12,2,722,Fully Disbursed,89,Award Declared,3,1,0,100,5.5,98.9,2,6,31.3,0,1,32
LAP-14174,Rajasthan,RAJ-2,Industrial Corridor,Private Agricultural,65.5,37,5,546,Partially Disbursed,49,Award Declared,0,0,0,100,8.5,42.1,1,3,100.0,1,1,23
LAP-14175,Odisha,ODI-2,Irrigation,Tribal,51.2,67,6,557,Fully Disbursed,99,Partial Possession,3,1,1,75,6.4,53.0,1,8,69.7,0,1,96
LAP-14176,Chhattisgarh,CHH-2,Renewable Energy,Mixed,5.8,61,1,1096,Fully Disbursed,89,Survey Complete,0,0,1,88,6.1,58.8,5,0,59.8,0,0,0
LAP-14177,Maharashtra,MAH-6,Industrial Corridor,Mixed,165.3,677,4,717,Not Started,1,Award Declared,0,0,0,100,3.8,65.3,3,2,63.4,1,1,153
LAP-14178,Odisha,ODI-3,Highway,Forest,14.2,88,5,1331,Partially Disbursed,38,Not Started,3,1,0,100,6.8,55.1,3,0,88.7,1,1,127
LAP-14179,Maharashtra,MAH-6,Power Transmission,Tribal,22.2,26,3,851,Fully Disbursed,85,Award Declared,4,1,1,83,6.6,16.8,2,2,65.9,0,1,359
LAP-14180,Maharashtra,MAH-1,Railway,Forest,17.3,53,4,1060,Not Started,1,Full Possession,1,1,0,100,2.2,69.2,4,4,66.7,1,0,0
LAP-14181,Bihar,BIH-2,Airport,Forest,18.0,45,6,421,Fully Disbursed,89,Partial Possession,2,0,0,100,7.6,56.8,3,3,79.6,0,1,54
LAP-14182,West Bengal,WES-2,Urban Development,Government,40.2,77,3,761,Not Started,2,Award Declared,2,1,0,100,6.7,64.8,2,8,55.0,0,1,170
LAP-14183,Chhattisgarh,CHH-4,Highway,Private Agricultural,75.9,60,1,1140,Fully Disbursed,87,Survey Complete,0,0,0,100,4.9,84.5,2,5,61.7,0,0,0
LAP-14184,Jharkhand,JHA-6,Urban Development,Tribal,2.5,20,1,892,Partially Disbursed,29,Award Declared,3,1,1,2,10.0,45.0,2,2,68.7,0,1,130
LAP-14185,Uttar Pradesh,UTT-4,Highway,Private Agricultural,95.5,13,3,97,Fully Disbursed,96,Survey Complete,2,1,1,17,7.4,32.4,3,7,25.3,0,1,160
LAP-14186,Maharashtra,MAH-4,Irrigation,Private Agricultural,12.0,1559,1,1321,Not Started,7,Award Declared,0,0,0,100,3.1,55.8,1,8,100.0,1,1,216
LAP-14187,Uttar Pradesh,UTT-2,Highway,Private Agricultural,102.2,32,2,520,Not Started,6,Partial Possession,0,0,1,45,6.8,92.2,1,7,76.0,0,0,0
LAP-14188,Haryana,HAR-4,Renewable Energy,Private Agricultural,361.3,57,3,1023,Fully Disbursed,99,Survey Complete,0,0,1,37,6.2,69.6,2,8,51.3,0,0,0
LAP-14189,West Bengal,WES-1,Railway,Tribal,14.8,109,6,156,Fully Disbursed,95,Survey Complete,0,0,0,100,4.0,71.7,2,0,72.0,0,0,0
LAP-14190,Maharashtra,MAH-1,Airport,Private Agricultural,11.7,179,1,243,Fully Disbursed,90,Partial Possession,0,0,0,100,5.1,14.5,2,8,37.8,1,0,0
LAP-14191,Tamil Nadu,TAM-1,Power Transmission,Forest,109.6,51,5,65,Fully Disbursed,90,Not Started,1,1,0,100,3.5,78.0,2,1,63.2,0,1,58
LAP-14192,Odisha,ODI-6,Highway,Government,107.1,401,3,379,Partially Disbursed,38,Not Started,2,0,0,100,5.6,83.9,2,7,17.4,0,0,0
LAP-14193,Gujarat,GUJ-5,Railway,Private Agricultural,39.7,121,3,430,Not Started,2,Partial Possession,1,1,1,29,7.1,55.1,4,2,52.2,0,1,31
LAP-14194,West Bengal,WES-2,Airport,Private Agricultural,78.1,67,3,935,Not Started,7,Partial Possession,0,0,1,92,9.0,54.3,2,6,65.7,1,0,0
LAP-14195,Rajasthan,RAJ-2,Irrigation,Private Agricultural,21.6,30,2,896,Not Started,7,Partial Possession,0,0,1,35,6.4,66.8,3,1,89.6,0,0,0
LAP-14196,Tamil Nadu,TAM-3,Power Transmission,Tribal,49.0,248,5,696,Partially Disbursed,51,Partial Possession,1,0,0,100,3.6,42.8,2,3,1.1,0,0,0
LAP-14197,West Bengal,WES-3,Industrial Corridor,Tribal,44.6,177,5,20,Partially Disbursed,30,Partial Possession,0,0,1,3,8.1,73.4,4,3,83.1,0,0,0
LAP-14198,Odisha,ODI-6,Urban Development,Forest,14.9,99,4,742,Not Started,1,Not Started,1,1,1,99,5.1,68.1,4,1,48.9,1,1,68
LAP-14199,Chhattisgarh,CHH-6,Highway,Private Agricultural,8.3,49,1,32,Partially Disbursed,59,Partial Possession,1,1,1,84,7.8,78.6,0,3,74.1,0,0,0
LAP-14200,West Bengal,WES-3,Highway,Forest,31.0,8,5,690,Not Started,0,Survey Complete,1,1,0,100,6.7,70.3,1,6,81.2,1,1,271
LAP-14201,Telangana,TEL-5,Power Transmission,Private Agricultural,11.2,25,4,1362,Not Started,6,Survey Complete,0,0,1,40,5.1,68.5,2,5,66.9,0,0,0
LAP-14202,Gujarat,GUJ-4,Industrial Corridor,Government,49.2,186,1,614,Fully Disbursed,91,Survey Complete,0,0,0,100,5.4,67.9,0,8,100.0,0,0,0
LAP-14203,Uttar Pradesh,UTT-6,Power Transmission,Private Agricultural,6.6,22,4,1088,Fully Disbursed,95,Full Possession,1,1,0,100,3.2,66.1,3,7,60.9,1,1,446
LAP-14204,Haryana,HAR-1,Irrigation,Private Agricultural,15.6,22,6,1440,Partially Disbursed,44,Partial Possession,0,0,1,94,3.6,50.8,2,8,58.0,1,1,160
LAP-14205,Odisha,ODI-6,Highway,Tribal,22.6,397,2,248,Not Started,8,Full Possession,3,1,0,100,6.2,42.4,1,6,11.6,1,0,0
LAP-14206,Maharashtra,MAH-2,Highway,Private Agricultural,8.1,476,4,546,Not Started,7,Survey Complete,1,0,1,55,3.7,56.6,2,3,46.2,0,0,0
LAP-14207,Gujarat,GUJ-5,Renewable Energy,Forest,14.1,8,1,1383,Not Started,9,Award Declared,0,0,0,100,7.7,64.2,1,1,65.9,1,0,0
LAP-14208,Gujarat,GUJ-2,Irrigation,Private Agricultural,41.7,56,3,854,Not Started,6,Partial Possession,1,1,1,98,7.4,74.9,1,7,49.3,0,0,0
LAP-14209,Odisha,ODI-3,Urban Development,Government,1.5,122,2,774,Partially Disbursed,24,Not Started,1,1,0,100,8.0,69.3,1,0,44.1,0,0,0
LAP-14210,Madhya Pradesh,MAD-3,Airport,Private Agricultural,82.3,3,4,368,Not Started,0,Survey Complete,1,1,0,100,7.1,56.1,4,7,75.0,0,0,0
LAP-14211,West Bengal,WES-6,Irrigation,Tribal,746.4,96,6,1141,Not Started,0,Full Possession,1,1,1,31,6.7,47.4,2,7,31.8,1,0,0
LAP-14212,West Bengal,WES-2,Industrial Corridor,Mixed,27.0,17,2,291,Fully Disbursed,86,Full Possession,0,0,0,100,3.2,83.7,3,1,46.6,1,0,0
LAP-14213,Bihar,BIH-6,Renewable Energy,Government,22.0,59,4,790,Fully Disbursed,85,Not Started,1,0,0,100,4.0,67.9,2,0,82.9,0,0,0
LAP-14214,Punjab,PUN-3,Urban Development,Private Agricultural,52.1,909,4,509,Partially Disbursed,80,Partial Possession,0,0,0,100,6.9,51.7,1,2,26.3,0,0,0
LAP-14215,Jharkhand,JHA-1,Highway,Government,17.2,177,1,930,Partially Disbursed,44,Not Started,0,0,1,8,4.6,80.7,2,5,80.8,0,0,0
LAP-14216,Tamil Nadu,TAM-2,Irrigation,Private Agricultural,21.4,148,6,62,Partially Disbursed,82,Not Started,0,0,0,100,4.1,58.5,1,4,15.7,0,0,0
LAP-14217,Odisha,ODI-5,Industrial Corridor,Private Agricultural,13.3,95,4,474,Fully Disbursed,96,Partial Possession,0,0,1,31,2.5,14.7,1,3,24.8,1,1,144
LAP-14218,Gujarat,GUJ-4,Railway,Private Agricultural,12.0,74,1,1309,Fully Disbursed,97,Award Declared,0,0,1,21,7.7,54.1,1,3,3.6,1,0,0
LAP-14219,Chhattisgarh,CHH-5,Irrigation,Private Agricultural,55.4,131,3,753,Fully Disbursed,92,Award Declared,1,1,1,73,10.0,33.4,1,1,40.5,0,0,0
LAP-14220,Bihar,BIH-6,Highway,Tribal,7.8,351,6,700,Not Started,6,Award Declared,1,1,1,73,5.4,70.1,4,3,82.1,0,0,0
LAP-14221,Rajasthan,RAJ-6,Power Transmission,Tribal,10.0,9,2,357,Partially Disbursed,44,Full Possession,0,0,1,8,6.6,57.1,0,4,31.6,1,1,129
LAP-14222,Punjab,PUN-1,Airport,Private Agricultural,18.7,137,3,964,Partially Disbursed,64,Award Declared,0,0,1,31,6.3,32.3,6,3,72.8,1,0,0
LAP-14223,Tamil Nadu,TAM-5,Industrial Corridor,Private Agricultural,15.4,113,3,423,Not Started,9,Not Started,3,0,1,58,9.5,65.9,2,8,56.9,0,1,252
LAP-14224,Haryana,HAR-4,Railway,Private Agricultural,28.4,63,3,1027,Not Started,2,Partial Possession,0,0,0,100,6.8,40.0,3,0,52.8,1,0,0
LAP-14225,Jharkhand,JHA-3,Railway,Government,12.3,79,3,680,Not Started,8,Partial Possession,0,0,0,100,3.0,60.7,2,1,27.2,1,0,0
LAP-14226,Telangana,TEL-6,Industrial Corridor,Private Agricultural,21.5,213,6,513,Partially Disbursed,69,Partial Possession,2,0,0,100,2.8,41.8,1,5,74.0,1,1,98
LAP-14227,Uttar Pradesh,UTT-1,Urban Development,Private Agricultural,13.3,123,1,373,Not Started,9,Award Declared,0,0,0,100,7.9,41.0,3,0,48.8,0,0,0
LAP-14228,Bihar,BIH-6,Railway,Private Agricultural,25.3,379,2,811,Fully Disbursed,95,Award Declared,2,1,1,56,4.8,64.4,3,0,98.2,1,0,0
LAP-14229,Punjab,PUN-1,Urban Development,Private Agricultural,75.7,18,6,571,Fully Disbursed,85,Not Started,1,1,1,9,3.6,50.3,3,4,84.6,1,1,228
LAP-14230,Rajasthan,RAJ-5,Railway,Private Agricultural,7.0,76,3,401,Not Started,2,Survey Complete,1,1,0,100,2.6,75.8,3,3,53.1,0,0,0
LAP-14231,Uttar Pradesh,UTT-3,Highway,Tribal,5.2,195,6,1201,Partially Disbursed,75,Partial Possession,2,1,1,45,7.8,31.3,1,8,77.2,1,1,150
LAP-14232,Karnataka,KAR-1,Irrigation,Private Agricultural,80.1,370,1,1269,Partially Disbursed,36,Award Declared,0,0,1,96,3.5,86.5,2,7,42.1,0,1,9
LAP-14233,West Bengal,WES-6,Power Transmission,Tribal,9.1,28,1,401,Fully Disbursed,100,Partial Possession,0,0,1,50,4.3,35.6,1,5,60.9,0,0,0
LAP-14234,Tamil Nadu,TAM-4,Highway,Private Agricultural,27.9,101,5,1062,Partially Disbursed,42,Full Possession,0,0,1,81,5.2,71.4,3,6,85.2,0,0,0
LAP-14235,Jharkhand,JHA-6,Irrigation,Private Agricultural,11.7,16,2,1488,Not Started,6,Partial Possession,0,0,1,15,5.6,57.2,7,6,75.7,0,0,0
LAP-14236,Maharashtra,MAH-4,Irrigation,Government,12.1,3,5,52,Partially Disbursed,42,Partial Possession,1,0,0,100,4.0,41.3,0,7,100.0,0,1,22
LAP-14237,Jharkhand,JHA-4,Irrigation,Mixed,33.1,125,3,48,Not Started,7,Award Declared,1,1,1,82,6.8,25.1,4,3,73.1,1,0,0
LAP-14238,Jharkhand,JHA-2,Industrial Corridor,Private Agricultural,34.3,4450,6,428,Not Started,7,Partial Possession,0,0,0,100,3.9,26.6,6,4,48.9,0,0,0
LAP-14239,Jharkhand,JHA-6,Highway,Government,100.8,1130,6,1183,Fully Disbursed,98,Survey Complete,0,0,0,100,8.1,26.8,3,1,41.7,0,0,0
LAP-14240,Chhattisgarh,CHH-1,Power Transmission,Mixed,15.3,26,6,576,Partially Disbursed,39,Full Possession,1,0,0,100,3.9,100.0,0,6,45.2,0,1,73
LAP-14241,Haryana,HAR-5,Highway,Private Agricultural,57.4,110,3,1309,Not Started,3,Full Possession,1,1,0,100,5.7,59.8,2,1,68.3,0,0,0
LAP-14242,Odisha,ODI-2,Renewable Energy,Forest,157.3,165,3,1166,Partially Disbursed,51,Full Possession,2,0,0,100,7.9,67.4,2,8,5.5,1,0,0
LAP-14243,Jharkhand,JHA-2,Industrial Corridor,Mixed,789.5,22,5,963,Partially Disbursed,52,Partial Possession,0,0,0,100,5.3,90.3,2,7,25.9,1,1,46
LAP-14244,Jharkhand,JHA-5,Highway,Government,1.3,26,4,92,Partially Disbursed,24,Partial Possession,1,1,1,42,6.4,57.8,1,5,77.1,0,0,0
LAP-14245,West Bengal,WES-3,Urban Development,Private Agricultural,349.1,186,6,375,Fully Disbursed,96,Survey Complete,2,0,1,66,4.1,31.6,3,3,79.2,0,1,175
LAP-14246,Jharkhand,JHA-5,Highway,Tribal,30.7,5,1,1381,Partially Disbursed,48,Not Started,3,0,1,86,7.8,75.4,3,6,100.0,0,0,0
LAP-14247,Telangana,TEL-2,Railway,Private Agricultural,161.3,12,6,700,Not Started,3,Award Declared,0,0,0,100,5.7,19.9,2,2,47.1,0,0,0
LAP-14248,Chhattisgarh,CHH-4,Power Transmission,Government,7.6,48,4,1141,Fully Disbursed,93,Award Declared,0,0,1,83,6.7,69.5,3,8,66.4,0,0,0
LAP-14249,Chhattisgarh,CHH-4,Industrial Corridor,Forest,100.5,98,4,951,Fully Disbursed,98,Not Started,1,1,1,50,3.5,67.9,2,3,71.3,0,0,0
LAP-14250,Gujarat,GUJ-1,Irrigation,Private Agricultural,46.7,5,3,715,Not Started,2,Survey Complete,2,0,1,9,5.5,60.6,1,5,81.0,0,1,117
LAP-14251,Jharkhand,JHA-3,Highway,Private Agricultural,28.6,142,1,809,Not Started,4,Survey Complete,0,0,1,25,4.7,64.7,0,7,88.3,1,1,262
LAP-14252,Uttar Pradesh,UTT-2,Power Transmission,Government,15.1,15,6,315,Fully Disbursed,95,Partial Possession,1,1,0,100,4.5,60.1,2,4,21.3,0,0,0
LAP-14253,Tamil Nadu,TAM-5,Power Transmission,Private Agricultural,8.0,1,5,1293,Partially Disbursed,71,Survey Complete,0,0,1,89,6.0,71.6,0,0,90.1,0,0,0
LAP-14254,Punjab,PUN-4,Irrigation,Government,34.1,173,2,48,Partially Disbursed,69,Survey Complete,0,0,0,100,4.5,54.9,1,6,84.0,1,0,0
LAP-14255,Rajasthan,RAJ-4,Industrial Corridor,Private Agricultural,7.6,8,2,845,Partially Disbursed,80,Award Declared,0,0,0,100,5.4,75.0,2,4,69.8,1,0,0
LAP-14256,Uttar Pradesh,UTT-3,Renewable Energy,Tribal,26.7,68,2,930,Partially Disbursed,81,Survey Complete,2,0,0,100,3.4,71.2,2,3,80.7,1,1,85
LAP-14257,Jharkhand,JHA-3,Industrial Corridor,Private Agricultural,22.0,100,1,1100,Not Started,6,Survey Complete,2,1,0,100,8.6,53.6,0,4,99.8,0,0,0
LAP-14258,Odisha,ODI-2,Highway,Private Agricultural,4.5,53,3,923,Not Started,5,Not Started,0,0,1,83,6.5,26.9,3,6,75.4,0,0,0
LAP-14259,Odisha,ODI-3,Highway,Private Agricultural,109.2,184,3,1371,Fully Disbursed,90,Award Declared,1,1,1,84,6.2,49.4,5,7,88.5,0,1,111
LAP-14260,Gujarat,GUJ-5,Highway,Forest,43.2,112,3,41,Fully Disbursed,96,Partial Possession,7,1,0,100,8.6,27.6,3,4,59.0,1,0,0
LAP-14261,Maharashtra,MAH-3,Urban Development,Government,27.0,34,3,1406,Not Started,3,Not Started,1,0,0,100,5.0,66.5,1,8,57.4,0,0,0
LAP-14262,Bihar,BIH-5,Irrigation,Tribal,39.2,16,5,731,Partially Disbursed,71,Partial Possession,3,0,1,1,7.5,84.4,5,3,91.9,1,1,65
LAP-14263,Haryana,HAR-1,Airport,Private Agricultural,170.0,380,2,239,Not Started,6,Partial Possession,0,0,1,16,4.3,31.9,1,6,50.8,0,1,131
LAP-14264,Haryana,HAR-5,Airport,Tribal,178.1,57,4,843,Partially Disbursed,54,Partial Possession,3,1,1,84,4.3,60.0,5,5,93.3,0,0,0
LAP-14265,Bihar,BIH-2,Urban Development,Private Agricultural,22.9,107,4,133,Not Started,7,Full Possession,1,0,1,44,5.5,75.7,1,6,21.2,0,0,0
LAP-14266,Madhya Pradesh,MAD-6,Airport,Tribal,14.2,35,5,1444,Not Started,5,Survey Complete,3,0,0,100,6.4,79.6,1,1,59.0,0,0,0
LAP-14267,Odisha,ODI-6,Power Transmission,Forest,54.4,97,6,838,Fully Disbursed,89,Survey Complete,1,1,0,100,9.0,38.6,3,1,41.2,0,1,72
LAP-14268,Madhya Pradesh,MAD-1,Railway,Private Agricultural,209.9,66,1,447,Fully Disbursed,91,Survey Complete,0,0,1,11,4.9,63.4,4,1,21.0,0,0,0
LAP-14269,Uttar Pradesh,UTT-2,Highway,Tribal,111.7,36,1,1272,Partially Disbursed,67,Not Started,0,0,0,100,9.8,56.7,3,4,36.9,0,0,0
LAP-14270,Odisha,ODI-3,Industrial Corridor,Private Agricultural,16.7,2,1,1467,Partially Disbursed,49,Full Possession,0,0,0,100,7.7,67.3,3,2,28.8,0,0,0
LAP-14271,Karnataka,KAR-5,Power Transmission,Government,118.7,161,2,719,Not Started,3,Survey Complete,0,0,0,100,6.9,52.1,1,5,96.0,0,0,0
LAP-14272,Maharashtra,MAH-1,Railway,Private Agricultural,35.4,40,2,1379,Not Started,9,Full Possession,0,0,1,36,5.9,61.6,2,0,75.4,0,0,0
LAP-14273,Chhattisgarh,CHH-1,Irrigation,Tribal,54.9,41,5,1111,Fully Disbursed,100,Award Declared,1,0,1,71,8.8,63.5,3,0,92.4,0,0,0
LAP-14274,West Bengal,WES-2,Highway,Government,184.1,64,4,868,Partially Disbursed,34,Not Started,1,0,0,100,5.4,64.2,2,5,1.7,0,0,0
LAP-14275,Uttar Pradesh,UTT-2,Power Transmission,Government,14.6,37,4,298,Not Started,3,Partial Possession,1,0,0,100,4.5,79.5,0,3,35.5,1,0,0
LAP-14276,Rajasthan,RAJ-4,Urban Development,Mixed,50.2,356,5,1445,Not Started,5,Award Declared,2,1,0,100,8.6,52.4,1,7,24.8,1,1,219
LAP-14277,Telangana,TEL-2,Highway,Tribal,5.7,15,2,530,Partially Disbursed,32,Award Declared,4,0,0,100,6.6,79.9,1,4,69.9,0,0,0
LAP-14278,Chhattisgarh,CHH-3,Power Transmission,Private Agricultural,27.7,14,4,1124,Not Started,2,Survey Complete,1,0,0,100,5.5,63.3,1,7,63.3,1,0,0
LAP-14279,Bihar,BIH-2,Urban Development,Private Agricultural,746.7,53,4,1066,Not Started,6,Survey Complete,0,0,1,96,6.5,88.5,3,1,63.5,1,0,0
LAP-14280,Gujarat,GUJ-2,Railway,Forest,13.6,32,3,1103,Fully Disbursed,88,Award Declared,0,0,0,100,7.1,66.5,3,1,52.4,0,0,0
LAP-14281,Rajasthan,RAJ-6,Industrial Corridor,Government,133.0,19,6,1291,Partially Disbursed,32,Survey Complete,0,0,1,12,4.8,100.0,1,3,12.1,0,0,0
LAP-14282,Punjab,PUN-3,Airport,Tribal,101.9,45,2,105,Partially Disbursed,51,Not Started,0,0,0,100,9.8,73.0,1,2,40.2,1,0,0
LAP-14283,Punjab,PUN-6,Industrial Corridor,Tribal,79.2,357,3,438,Not Started,4,Survey Complete,0,0,0,100,7.6,64.3,3,2,28.7,0,0,0
LAP-14284,Bihar,BIH-1,Renewable Energy,Mixed,17.4,227,5,1347,Partially Disbursed,82,Partial Possession,1,1,0,100,2.5,84.2,0,4,59.1,1,1,241
LAP-14285,Chhattisgarh,CHH-3,Urban Development,Tribal,50.3,11,2,1200,Not Started,1,Survey Complete,0,0,0,100,4.5,59.0,0,6,65.6,1,1,44
LAP-14286,Uttar Pradesh,UTT-1,Industrial Corridor,Private Agricultural,12.0,3,6,1411,Partially Disbursed,58,Survey Complete,1,1,1,96,5.8,56.0,2,2,48.2,0,0,0
LAP-14287,Odisha,ODI-5,Irrigation,Private Agricultural,3.7,19,2,1315,Fully Disbursed,86,Not Started,2,1,1,96,3.6,56.4,2,8,86.5,0,0,0
LAP-14288,Uttar Pradesh,UTT-4,Railway,Private Agricultural,15.5,105,2,665,Fully Disbursed,99,Not Started,1,0,1,36,5.7,77.4,4,2,0.0,0,0,0
LAP-14289,Rajasthan,RAJ-5,Railway,Mixed,21.4,12,4,369,Partially Disbursed,28,Not Started,1,1,1,68,5.9,73.6,4,3,13.8,0,1,45
LAP-14290,Jharkhand,JHA-2,Railway,Private Agricultural,7.6,21,4,1075,Fully Disbursed,85,Award Declared,0,0,0,100,4.8,83.4,2,4,63.7,0,0,0
LAP-14291,West Bengal,WES-3,Urban Development,Forest,61.3,4,1,840,Partially Disbursed,49,Full Possession,0,0,0,100,5.1,100.0,1,4,24.2,0,0,0
LAP-14292,Odisha,ODI-5,Industrial Corridor,Private Agricultural,168.0,20,4,1143,Partially Disbursed,80,Survey Complete,0,0,0,100,7.5,67.0,1,6,49.8,0,1,186
LAP-14293,Rajasthan,RAJ-5,Highway,Government,22.9,74,2,575,Partially Disbursed,70,Survey Complete,0,0,0,100,6.2,28.8,4,5,42.5,1,0,0
LAP-14294,Uttar Pradesh,UTT-2,Highway,Private Agricultural,16.1,175,2,730,Fully Disbursed,89,Partial Possession,0,0,1,79,4.5,67.7,3,7,32.9,0,0,0
LAP-14295,Chhattisgarh,CHH-4,Irrigation,Forest,5.0,20,3,953,Partially Disbursed,17,Partial Possession,0,0,0,100,1.0,60.9,1,1,31.2,0,0,0
LAP-14296,Bihar,BIH-5,Irrigation,Tribal,10.3,67,1,354,Not Started,7,Survey Complete,0,0,0,100,2.5,93.6,3,2,87.8,1,0,0
LAP-14297,West Bengal,WES-1,Highway,Tribal,81.4,154,2,470,Partially Disbursed,36,Survey Complete,1,1,1,8,5.2,48.4,3,5,44.7,0,0,0
LAP-14298,Telangana,TEL-6,Renewable Energy,Private Agricultural,8.5,106,4,1079,Fully Disbursed,99,Partial Possession,0,0,1,52,5.8,40.4,3,2,76.4,0,0,0
LAP-14299,West Bengal,WES-3,Urban Development,Private Agricultural,32.3,255,6,602,Fully Disbursed,87,Partial Possession,0,0,1,47,3.5,42.9,3,2,3.7,0,0,0
LAP-14300,Chhattisgarh,CHH-4,Urban Development,Forest,17.2,19,5,402,Partially Disbursed,51,Survey Complete,1,0,0,100,6.0,69.8,1,4,90.4,0,0,0
LAP-14301,Rajasthan,RAJ-2,Urban Development,Private Agricultural,10.1,64,6,203,Fully Disbursed,88,Survey Complete,1,0,1,10,5.5,88.8,3,0,61.8,0,0,0
LAP-14302,Odisha,ODI-2,Power Transmission,Tribal,74.3,61,2,371,Partially Disbursed,52,Not Started,2,0,1,18,4.0,76.5,5,7,46.9,0,0,0
LAP-14303,Bihar,BIH-6,Railway,Forest,80.4,11,1,140,Partially Disbursed,70,Full Possession,2,1,0,100,3.7,70.9,1,4,71.9,0,1,13
LAP-14304,Madhya Pradesh,MAD-2,Highway,Tribal,14.3,36,2,25,Partially Disbursed,79,Award Declared,1,0,1,26,7.5,65.0,0,7,72.9,0,1,32
LAP-14305,Jharkhand,JHA-1,Highway,Mixed,38.7,32,6,726,Partially Disbursed,25,Full Possession,0,0,0,100,3.4,69.4,1,4,91.9,1,1,55
LAP-14306,Chhattisgarh,CHH-2,Highway,Forest,5.8,56,1,738,Partially Disbursed,68,Not Started,2,1,0,100,8.1,65.0,5,8,43.9,0,0,0
LAP-14307,West Bengal,WES-4,Urban Development,Tribal,10.1,47,1,1038,Partially Disbursed,48,Partial Possession,2,1,0,100,6.7,31.3,4,4,50.5,1,1,345
LAP-14308,West Bengal,WES-1,Highway,Private Agricultural,26.7,166,2,676,Not Started,3,Award Declared,1,1,1,94,4.7,69.4,0,4,74.8,0,0,0
LAP-14309,Karnataka,KAR-2,Irrigation,Forest,38.2,415,6,375,Partially Disbursed,58,Not Started,5,1,0,100,7.4,79.1,6,2,47.8,1,1,152
LAP-14310,Haryana,HAR-5,Urban Development,Government,54.0,48,6,766,Fully Disbursed,95,Award Declared,0,0,1,58,7.3,82.2,2,3,32.7,0,0,0
LAP-14311,Maharashtra,MAH-5,Irrigation,Private Agricultural,3.0,27,1,496,Fully Disbursed,96,Full Possession,0,0,1,25,5.2,65.8,2,3,70.2,1,0,0
LAP-14312,West Bengal,WES-4,Highway,Private Agricultural,14.7,74,1,1116,Fully Disbursed,89,Partial Possession,0,0,1,19,2.7,53.5,3,8,29.6,0,1,314
LAP-14313,Maharashtra,MAH-6,Railway,Mixed,41.0,537,2,320,Fully Disbursed,89,Not Started,1,1,0,100,4.0,79.0,2,6,60.1,0,1,200
LAP-14314,Maharashtra,MAH-1,Power Transmission,Tribal,15.8,179,3,51,Partially Disbursed,40,Not Started,3,1,1,98,8.3,75.6,0,2,59.6,1,1,92
LAP-14315,Punjab,PUN-1,Highway,Government,1.5,57,2,739,Fully Disbursed,94,Survey Complete,0,0,0,100,5.4,41.5,2,7,57.0,1,0,0
LAP-14316,Uttar Pradesh,UTT-3,Highway,Private Agricultural,18.3,70,2,829,Partially Disbursed,61,Full Possession,1,0,0,100,6.5,50.8,3,7,30.0,0,0,0
LAP-14317,Chhattisgarh,CHH-5,Highway,Forest,33.1,31,4,204,Not Started,5,Survey Complete,2,0,0,100,4.1,90.6,3,8,55.7,0,0,0
LAP-14318,Tamil Nadu,TAM-6,Power Transmission,Government,11.8,80,1,894,Fully Disbursed,92,Award Declared,1,1,1,7,4.3,92.1,1,2,93.8,1,0,0
LAP-14319,Uttar Pradesh,UTT-4,Power Transmission,Government,2.5,7,6,935,Not Started,9,Partial Possession,1,1,1,70,6.0,59.5,4,0,33.6,1,0,0
LAP-14320,Punjab,PUN-1,Airport,Private Agricultural,183.1,244,5,805,Not Started,3,Award Declared,1,0,1,49,8.3,46.8,2,0,31.6,0,0,0
LAP-14321,Telangana,TEL-6,Renewable Energy,Private Agricultural,50.5,125,5,295,Partially Disbursed,56,Not Started,0,0,1,78,5.9,31.6,2,5,48.1,0,1,76
LAP-14322,Punjab,PUN-2,Urban Development,Private Agricultural,63.1,32,6,523,Not Started,8,Award Declared,0,0,1,33,6.6,55.6,0,6,44.1,0,0,0
LAP-14323,Jharkhand,JHA-5,Railway,Private Agricultural,67.7,10,5,565,Partially Disbursed,30,Not Started,0,0,1,65,5.6,79.7,2,2,59.4,0,0,0
LAP-14324,Jharkhand,JHA-2,Railway,Government,21.0,55,5,1420,Fully Disbursed,92,Award Declared,0,0,0,100,7.3,46.3,1,4,52.5,0,0,0
LAP-14325,West Bengal,WES-4,Industrial Corridor,Mixed,5.3,99,1,857,Not Started,9,Not Started,1,1,0,100,5.5,62.3,0,6,11.5,1,1,36
LAP-14326,Punjab,PUN-4,Irrigation,Mixed,25.0,167,4,558,Not Started,1,Survey Complete,0,0,1,9,5.2,63.9,3,4,62.3,0,0,0
LAP-14327,Rajasthan,RAJ-4,Industrial Corridor,Private Agricultural,30.9,380,6,722,Partially Disbursed,30,Survey Complete,1,1,1,46,5.9,49.8,2,0,68.9,1,0,0
LAP-14328,Madhya Pradesh,MAD-3,Renewable Energy,Government,77.5,102,6,748,Not Started,0,Not Started,1,1,0,100,7.6,83.3,1,2,63.0,0,0,0
LAP-14329,Maharashtra,MAH-6,Highway,Private Agricultural,34.7,43,1,835,Partially Disbursed,83,Award Declared,1,0,1,56,2.8,41.7,2,5,83.6,1,1,58
LAP-14330,Uttar Pradesh,UTT-1,Renewable Energy,Forest,52.5,75,4,402,Not Started,0,Partial Possession,4,1,0,100,2.9,55.2,1,7,43.3,0,1,267
LAP-14331,Telangana,TEL-2,Power Transmission,Private Agricultural,22.2,45,2,1209,Not Started,4,Award Declared,0,0,1,90,6.4,69.0,6,6,46.4,1,0,0
LAP-14332,West Bengal,WES-3,Power Transmission,Tribal,12.9,5,6,255,Fully Disbursed,91,Award Declared,2,0,1,25,1.0,24.2,6,1,100.0,1,0,0
LAP-14333,Karnataka,KAR-4,Highway,Tribal,35.1,5,4,869,Fully Disbursed,85,Full Possession,2,1,1,47,6.5,58.5,2,5,17.9,0,1,171
LAP-14334,Punjab,PUN-5,Urban Development,Mixed,8.1,77,5,281,Partially Disbursed,61,Not Started,0,0,1,19,7.1,57.8,1,4,46.1,0,1,135
LAP-14335,Karnataka,KAR-1,Highway,Forest,12.6,62,2,553,Not Started,0,Partial Possession,1,1,0,100,4.3,73.1,0,4,74.7,0,0,0
LAP-14336,Haryana,HAR-2,Airport,Government,10.6,15,3,588,Partially Disbursed,66,Full Possession,0,0,0,100,4.0,84.0,2,5,58.3,0,0,0
LAP-14337,Gujarat,GUJ-4,Urban Development,Private Agricultural,21.6,55,6,32,Fully Disbursed,93,Not Started,1,1,1,24,5.8,15.0,1,2,49.9,0,0,0
LAP-14338,Maharashtra,MAH-6,Irrigation,Forest,2.0,22,2,1173,Partially Disbursed,82,Partial Possession,2,1,1,91,9.2,32.2,1,5,26.7,1,0,0
LAP-14339,Madhya Pradesh,MAD-4,Highway,Forest,128.1,232,2,507,Not Started,0,Full Possession,2,0,0,100,3.8,53.4,0,5,32.4,0,1,76
LAP-14340,Gujarat,GUJ-3,Renewable Energy,Mixed,18.5,43,6,280,Not Started,4,Full Possession,1,1,1,44,1.2,46.6,2,6,36.1,0,0,0
LAP-14341,Jharkhand,JHA-2,Highway,Private Agricultural,56.7,40,4,887,Partially Disbursed,49,Full Possession,0,0,1,29,4.9,60.3,2,7,56.2,0,0,0
LAP-14342,Gujarat,GUJ-4,Airport,Government,68.0,55,1,958,Fully Disbursed,86,Not Started,1,0,0,100,6.8,29.7,1,1,68.1,1,0,0
LAP-14343,Bihar,BIH-3,Highway,Private Agricultural,18.3,8,2,1459,Not Started,9,Survey Complete,0,0,0,100,8.9,67.5,3,0,60.9,0,0,0
LAP-14344,Rajasthan,RAJ-2,Power Transmission,Tribal,49.9,11,5,204,Partially Disbursed,64,Not Started,1,1,0,100,8.5,46.2,2,3,54.2,0,0,0
LAP-14345,Maharashtra,MAH-2,Power Transmission,Tribal,3.2,54,4,1456,Partially Disbursed,42,Award Declared,2,0,0,100,6.9,60.6,2,1,72.4,0,0,0
LAP-14346,Telangana,TEL-6,Irrigation,Private Agricultural,109.1,21,6,1472,Not Started,2,Partial Possession,0,0,1,50,4.4,49.9,2,6,46.6,0,1,190
LAP-14347,West Bengal,WES-1,Urban Development,Private Agricultural,47.1,1065,4,567,Partially Disbursed,70,Full Possession,0,0,1,94,5.8,18.8,6,2,24.1,0,0,0
LAP-14348,Rajasthan,RAJ-3,Industrial Corridor,Tribal,24.7,145,6,87,Partially Disbursed,60,Partial Possession,1,1,0,100,4.2,59.1,5,3,59.4,0,1,254
LAP-14349,Gujarat,GUJ-1,Renewable Energy,Tribal,2.9,8,5,425,Fully Disbursed,92,Partial Possession,1,0,0,100,7.3,28.5,8,2,19.5,0,0,0
LAP-14350,Jharkhand,JHA-5,Irrigation,Private Agricultural,27.5,24,3,620,Not Started,4,Full Possession,0,0,1,85,2.7,100.0,0,5,86.3,0,0,0
LAP-14351,Madhya Pradesh,MAD-4,Power Transmission,Government,4.2,44,2,1103,Not Started,3,Not Started,1,1,1,24,8.0,41.0,2,2,43.5,1,0,0
LAP-14352,Karnataka,KAR-2,Irrigation,Government,2.9,74,5,420,Partially Disbursed,24,Not Started,0,0,0,100,7.0,68.9,1,3,15.2,0,1,62
LAP-14353,Rajasthan,RAJ-6,Power Transmission,Private Agricultural,47.1,33,3,625,Partially Disbursed,52,Partial Possession,0,0,1,59,5.5,34.0,2,8,18.9,0,0,0
LAP-14354,Chhattisgarh,CHH-3,Industrial Corridor,Forest,12.7,71,2,1222,Partially Disbursed,26,Award Declared,0,0,0,100,8.9,49.3,1,5,79.8,1,1,42
LAP-14355,Telangana,TEL-1,Highway,Mixed,29.2,49,1,550,Not Started,4,Award Declared,0,0,0,100,6.6,80.0,2,7,65.0,1,0,0
LAP-14356,Bihar,BIH-3,Highway,Private Agricultural,60.1,236,4,457,Partially Disbursed,79,Survey Complete,1,1,0,100,5.3,98.0,4,3,67.0,0,0,0
LAP-14357,Jharkhand,JHA-6,Industrial Corridor,Mixed,50.3,56,3,863,Fully Disbursed,86,Partial Possession,1,1,1,31,8.6,61.6,3,7,67.5,0,1,129
LAP-14358,Karnataka,KAR-5,Renewable Energy,Mixed,27.1,14,6,841,Partially Disbursed,44,Survey Complete,1,0,0,100,6.2,62.2,2,5,37.7,0,0,0
LAP-14359,Punjab,PUN-5,Industrial Corridor,Tribal,5.4,157,4,1101,Fully Disbursed,94,Award Declared,1,1,1,6,2.1,21.9,0,3,33.4,0,1,132
LAP-14360,Karnataka,KAR-1,Urban Development,Forest,33.6,143,3,433,Fully Disbursed,88,Full Possession,1,1,0,100,4.6,24.4,0,3,65.0,0,0,0
LAP-14361,Gujarat,GUJ-4,Railway,Tribal,194.4,22,4,212,Not Started,8,Not Started,0,0,1,98,4.9,25.3,0,0,78.9,0,0,0
LAP-14362,Jharkhand,JHA-2,Industrial Corridor,Private Agricultural,44.0,6,3,195,Partially Disbursed,15,Partial Possession,1,1,1,44,4.9,41.7,1,1,44.8,0,0,0
LAP-14363,Gujarat,GUJ-2,Renewable Energy,Tribal,17.9,56,4,831,Partially Disbursed,15,Partial Possession,5,0,1,61,2.6,72.4,3,7,46.1,1,1,153
LAP-14364,Odisha,ODI-6,Airport,Private Agricultural,9.9,59,5,972,Partially Disbursed,18,Full Possession,1,0,1,70,4.5,72.8,2,0,26.7,0,1,99
LAP-14365,Jharkhand,JHA-5,Irrigation,Forest,10.6,7,4,839,Not Started,8,Not Started,0,0,0,100,6.1,49.4,0,2,66.1,1,0,0
LAP-14366,Rajasthan,RAJ-2,Power Transmission,Mixed,49.9,39,1,134,Not Started,4,Award Declared,2,1,0,100,6.7,80.8,0,1,4.1,0,0,0
LAP-14367,Odisha,ODI-6,Power Transmission,Government,84.3,61,6,1281,Partially Disbursed,51,Partial Possession,1,1,1,35,6.7,72.4,1,7,47.0,0,1,72
LAP-14368,Jharkhand,JHA-4,Industrial Corridor,Private Agricultural,34.5,185,3,196,Fully Disbursed,98,Full Possession,3,1,1,22,6.6,73.4,2,2,36.3,0,1,55
LAP-14369,Rajasthan,RAJ-2,Railway,Private Agricultural,14.5,245,1,329,Partially Disbursed,75,Full Possession,1,1,1,51,7.2,76.5,0,5,65.9,0,0,0
LAP-14370,Telangana,TEL-4,Airport,Tribal,3.6,51,2,1432,Partially Disbursed,37,Not Started,3,1,1,86,5.0,49.9,1,6,100.0,0,1,216
LAP-14371,Rajasthan,RAJ-6,Irrigation,Government,7.3,75,4,795,Fully Disbursed,88,Full Possession,1,1,0,100,5.1,35.2,4,2,96.9,1,0,0
LAP-14372,West Bengal,WES-1,Highway,Forest,5.0,82,1,1293,Not Started,2,Not Started,1,1,0,100,6.2,60.4,4,8,62.2,0,0,0
LAP-14373,Jharkhand,JHA-1,Highway,Private Agricultural,7.6,112,3,1480,Partially Disbursed,78,Not Started,2,1,1,68,5.0,66.5,1,7,27.6,0,1,522
LAP-14374,Gujarat,GUJ-1,Power Transmission,Private Agricultural,13.5,92,5,435,Partially Disbursed,35,Partial Possession,1,1,1,13,6.4,61.6,1,2,60.2,1,0,0
LAP-14375,Chhattisgarh,CHH-1,Industrial Corridor,Tribal,6.9,328,5,1094,Fully Disbursed,89,Not Started,1,0,0,100,10.0,57.1,1,5,33.1,0,0,0
LAP-14376,Bihar,BIH-3,Airport,Private Agricultural,24.4,3,4,386,Partially Disbursed,19,Partial Possession,0,0,0,100,6.2,67.0,1,8,36.4,1,0,0
LAP-14377,Uttar Pradesh,UTT-3,Irrigation,Tribal,26.4,20,5,381,Not Started,2,Not Started,0,0,1,26,7.0,62.4,3,3,48.5,0,1,169
LAP-14378,Gujarat,GUJ-1,Airport,Private Agricultural,62.4,166,3,1140,Fully Disbursed,85,Partial Possession,0,0,1,62,5.0,61.3,4,4,100.0,0,1,64
LAP-14379,Rajasthan,RAJ-5,Highway,Tribal,36.5,58,4,560,Fully Disbursed,99,Award Declared,1,1,0,100,10.0,61.1,1,8,29.1,0,1,74
LAP-14380,Odisha,ODI-3,Urban Development,Government,13.4,24,1,1412,Not Started,1,Survey Complete,0,0,1,10,4.8,63.5,1,8,58.8,0,0,0
LAP-14381,Haryana,HAR-2,Railway,Forest,87.2,211,6,1045,Partially Disbursed,64,Partial Possession,2,1,0,100,6.4,59.3,2,4,45.0,0,1,122
LAP-14382,Rajasthan,RAJ-1,Urban Development,Forest,59.7,44,5,327,Fully Disbursed,87,Partial Possession,1,0,0,100,5.6,35.4,0,2,15.8,0,0,0
LAP-14383,Tamil Nadu,TAM-2,Industrial Corridor,Tribal,86.6,14,2,858,Partially Disbursed,22,Survey Complete,2,1,0,100,6.7,70.8,2,1,54.6,0,1,20
LAP-14384,Jharkhand,JHA-1,Renewable Energy,Government,20.4,26,1,1335,Partially Disbursed,26,Full Possession,0,0,0,100,6.0,41.3,1,7,46.7,0,1,82
LAP-14385,Jharkhand,JHA-4,Renewable Energy,Tribal,28.6,76,6,319,Fully Disbursed,90,Survey Complete,0,0,1,81,10.0,76.4,1,1,70.5,0,0,0
LAP-14386,Telangana,TEL-6,Irrigation,Private Agricultural,3.5,146,2,1144,Not Started,4,Award Declared,0,0,1,78,4.7,100.0,2,6,81.1,0,0,0
LAP-14387,Uttar Pradesh,UTT-5,Renewable Energy,Government,20.8,355,6,1489,Partially Disbursed,76,Award Declared,3,1,0,100,6.0,55.3,3,4,41.6,0,1,55
LAP-14388,Jharkhand,JHA-5,Power Transmission,Mixed,34.0,4,1,1499,Fully Disbursed,100,Full Possession,1,0,1,88,6.7,54.6,2,1,60.2,1,0,0
LAP-14389,Karnataka,KAR-5,Highway,Private Agricultural,4.1,20,1,996,Not Started,8,Not Started,0,0,1,96,9.4,37.8,1,0,89.4,0,0,0
LAP-14390,Gujarat,GUJ-2,Highway,Government,5.6,10,2,1256,Partially Disbursed,39,Partial Possession,0,0,1,1,5.0,59.2,3,1,49.6,0,1,328
LAP-14391,Maharashtra,MAH-6,Irrigation,Government,21.1,440,4,858,Not Started,0,Not Started,0,0,0,100,10.0,44.3,2,0,77.9,0,0,0
LAP-14392,Maharashtra,MAH-1,Urban Development,Private Agricultural,36.7,17,3,1191,Partially Disbursed,66,Award Declared,0,0,0,100,6.8,38.3,2,8,65.8,0,0,0
LAP-14393,Punjab,PUN-5,Highway,Private Agricultural,30.9,58,2,367,Not Started,0,Partial Possession,0,0,1,5,5.8,59.3,3,1,54.2,1,0,0
LAP-14394,Punjab,PUN-6,Renewable Energy,Government,18.2,188,2,893,Fully Disbursed,91,Partial Possession,0,0,1,84,6.8,71.2,3,5,53.9,0,0,0
LAP-14395,Karnataka,KAR-3,Highway,Private Agricultural,34.2,108,1,939,Partially Disbursed,61,Partial Possession,1,0,0,100,8.7,100.0,3,8,55.7,1,0,0
LAP-14396,Uttar Pradesh,UTT-2,Industrial Corridor,Government,123.8,155,5,215,Partially Disbursed,58,Full Possession,0,0,1,41,6.6,50.4,4,5,84.1,0,0,0
LAP-14397,Haryana,HAR-5,Urban Development,Tribal,14.6,168,4,738,Fully Disbursed,93,Award Declared,0,0,0,100,6.1,95.3,1,6,46.2,1,0,0
LAP-14398,Madhya Pradesh,MAD-2,Railway,Forest,12.1,110,1,1041,Partially Disbursed,71,Partial Possession,1,1,0,100,7.4,29.2,1,0,100.0,0,0,0
LAP-14399,Maharashtra,MAH-5,Irrigation,Private Agricultural,15.6,25,3,331,Not Started,2,Award Declared,0,0,1,68,3.2,81.2,2,4,27.3,0,1,59
LAP-14400,Telangana,TEL-1,Railway,Mixed,56.0,242,2,278,Not Started,9,Partial Possession,2,1,1,72,2.8,27.0,3,4,44.4,1,1,157
LAP-14401,Bihar,BIH-3,Highway,Private Agricultural,19.9,35,5,483,Fully Disbursed,99,Award Declared,0,0,0,100,4.6,78.9,4,7,60.0,1,0,0
LAP-14402,Madhya Pradesh,MAD-4,Urban Development,Private Agricultural,28.3,29,6,123,Partially Disbursed,33,Survey Complete,1,1,0,100,5.4,50.8,1,2,50.9,0,0,0
LAP-14403,Telangana,TEL-1,Highway,Mixed,70.1,1663,3,1296,Not Started,4,Partial Possession,2,1,1,79,3.3,48.9,1,5,74.5,0,0,0
LAP-14404,Chhattisgarh,CHH-2,Irrigation,Private Agricultural,33.5,43,4,188,Partially Disbursed,47,Not Started,0,0,0,100,4.6,55.6,3,3,13.0,0,0,0
LAP-14405,Bihar,BIH-1,Industrial Corridor,Private Agricultural,4.0,628,6,405,Not Started,7,Survey Complete,1,1,0,100,4.5,37.7,5,3,34.8,0,1,249
LAP-14406,Tamil Nadu,TAM-5,Urban Development,Forest,8.3,271,6,16,Not Started,9,Partial Possession,1,0,1,5,7.0,38.4,1,8,27.2,1,0,0
LAP-14407,Odisha,ODI-6,Industrial Corridor,Forest,49.0,170,1,583,Not Started,9,Survey Complete,0,0,0,100,4.7,63.9,2,1,32.2,1,0,0
LAP-14408,Madhya Pradesh,MAD-3,Highway,Private Agricultural,8.0,3,4,59,Not Started,6,Partial Possession,2,1,0,100,6.6,61.3,3,7,36.0,1,1,112
LAP-14409,Karnataka,KAR-2,Airport,Private Agricultural,68.1,31,3,739,Partially Disbursed,54,Full Possession,0,0,0,100,7.1,66.2,5,1,58.2,1,0,0
LAP-14410,Tamil Nadu,TAM-2,Highway,Tribal,13.6,45,3,130,Not Started,1,Survey Complete,3,1,1,73,8.6,66.6,4,2,34.8,0,0,0
LAP-14411,Karnataka,KAR-6,Irrigation,Tribal,239.1,25,5,399,Not Started,8,Survey Complete,2,0,0,100,3.9,33.6,3,1,48.7,0,0,0
LAP-14412,Odisha,ODI-3,Urban Development,Government,7.9,1,6,957,Fully Disbursed,99,Partial Possession,0,0,0,100,8.7,17.8,2,0,27.9,0,0,0
LAP-14413,Odisha,ODI-2,Industrial Corridor,Government,18.1,119,4,397,Not Started,8,Survey Complete,2,0,0,100,5.8,45.0,2,2,54.8,0,1,73
LAP-14414,Odisha,ODI-2,Railway,Private Agricultural,39.3,116,2,1127,Partially Disbursed,12,Award Declared,1,1,0,100,4.9,74.1,5,3,57.4,0,0,0
LAP-14415,Rajasthan,RAJ-2,Renewable Energy,Forest,67.0,35,6,647,Partially Disbursed,49,Full Possession,3,0,1,90,5.2,66.9,4,1,80.7,0,1,344
LAP-14416,Haryana,HAR-3,Highway,Private Agricultural,3.5,116,3,135,Fully Disbursed,85,Partial Possession,0,0,1,80,7.3,24.4,1,0,52.5,0,0,0
LAP-14417,Punjab,PUN-6,Highway,Private Agricultural,7.7,49,5,542,Partially Disbursed,18,Not Started,0,0,1,96,7.5,28.0,1,0,92.4,1,0,0
LAP-14418,Madhya Pradesh,MAD-5,Railway,Forest,40.2,478,5,728,Fully Disbursed,94,Award Declared,1,0,0,100,5.5,60.5,6,7,58.2,0,1,68
LAP-14419,Maharashtra,MAH-3,Highway,Private Agricultural,19.2,193,5,261,Partially Disbursed,83,Survey Complete,1,1,1,28,6.7,47.9,4,1,47.4,0,0,0
LAP-14420,Maharashtra,MAH-6,Railway,Private Agricultural,24.6,187,1,968,Not Started,9,Survey Complete,2,1,1,88,4.8,60.3,1,3,51.6,1,1,27
LAP-14421,Uttar Pradesh,UTT-2,Railway,Government,34.6,26,5,834,Not Started,5,Survey Complete,0,0,0,100,9.4,34.2,2,7,72.2,1,0,0
LAP-14422,Odisha,ODI-5,Highway,Government,25.0,15,5,275,Fully Disbursed,90,Survey Complete,0,0,0,100,4.5,37.4,1,2,58.7,0,0,0
LAP-14423,Karnataka,KAR-4,Urban Development,Private Agricultural,29.7,101,6,243,Fully Disbursed,89,Award Declared,1,1,1,56,5.0,86.8,4,7,66.0,0,1,284
LAP-14424,Rajasthan,RAJ-3,Irrigation,Private Agricultural,7.7,3,1,1454,Partially Disbursed,35,Not Started,1,0,0,100,4.7,57.8,3,5,61.7,0,0,0
LAP-14425,Karnataka,KAR-4,Urban Development,Forest,89.7,86,2,1352,Not Started,8,Award Declared,1,1,0,100,3.9,63.4,4,0,53.7,0,0,0
LAP-14426,Haryana,HAR-1,Railway,Private Agricultural,17.7,18,3,832,Fully Disbursed,96,Award Declared,2,1,0,100,4.0,91.2,5,7,69.5,0,1,329
LAP-14427,Tamil Nadu,TAM-6,Highway,Private Agricultural,9.5,209,3,1148,Fully Disbursed,94,Full Possession,1,1,1,53,7.3,57.1,1,4,70.7,0,1,139
LAP-14428,Punjab,PUN-2,Airport,Forest,43.6,60,6,1459,Not Started,8,Award Declared,2,1,0,100,6.0,27.1,1,7,83.5,0,1,133
LAP-14429,Madhya Pradesh,MAD-3,Urban Development,Private Agricultural,98.2,81,6,433,Fully Disbursed,99,Award Declared,0,0,1,13,10.0,61.7,2,8,28.9,0,0,0
LAP-14430,Telangana,TEL-2,Irrigation,Tribal,53.7,53,1,762,Partially Disbursed,42,Partial Possession,2,1,1,16,5.2,50.6,1,7,49.3,0,1,91
LAP-14431,Maharashtra,MAH-6,Airport,Private Agricultural,11.0,72,6,473,Not Started,4,Award Declared,1,1,0,100,8.3,35.7,1,1,34.0,0,0,0
LAP-14432,Odisha,ODI-1,Industrial Corridor,Tribal,13.0,371,3,1220,Not Started,3,Partial Possession,0,0,1,38,3.5,61.6,1,7,63.3,1,0,0
LAP-14433,Uttar Pradesh,UTT-3,Irrigation,Government,54.0,27,4,696,Partially Disbursed,29,Award Declared,0,0,0,100,7.3,45.8,4,7,74.0,1,1,212
LAP-14434,West Bengal,WES-1,Highway,Private Agricultural,17.4,171,1,184,Not Started,9,Award Declared,2,1,1,63,3.9,22.3,3,4,35.6,0,0,0
LAP-14435,West Bengal,WES-1,Urban Development,Government,32.5,97,2,19,Not Started,6,Full Possession,1,1,0,100,5.9,62.8,1,6,35.9,0,0,0
LAP-14436,Haryana,HAR-3,Highway,Mixed,154.0,125,1,585,Not Started,5,Full Possession,4,1,0,100,5.6,48.0,2,6,49.7,0,0,0
LAP-14437,Odisha,ODI-2,Railway,Private Agricultural,15.9,75,1,1261,Partially Disbursed,84,Award Declared,1,1,1,6,9.3,65.8,3,5,40.5,1,0,0
LAP-14438,Uttar Pradesh,UTT-4,Highway,Government,8.2,15,2,1164,Partially Disbursed,30,Award Declared,0,0,0,100,2.6,52.0,3,1,55.5,0,0,0
LAP-14439,Punjab,PUN-1,Highway,Forest,32.1,3,3,376,Fully Disbursed,91,Partial Possession,1,0,0,100,5.3,65.9,2,3,41.0,0,0,0
LAP-14440,Haryana,HAR-3,Urban Development,Government,168.8,468,5,551,Fully Disbursed,95,Not Started,0,0,0,100,8.4,67.0,1,7,100.0,0,0,0
LAP-14441,Gujarat,GUJ-5,Irrigation,Tribal,3.7,43,5,1291,Partially Disbursed,68,Partial Possession,2,0,0,100,6.6,77.2,2,8,37.0,1,0,0
LAP-14442,Chhattisgarh,CHH-4,Urban Development,Private Agricultural,252.3,48,6,1346,Fully Disbursed,85,Award Declared,1,0,0,100,2.1,100.0,0,2,4.7,0,0,0
LAP-14443,Gujarat,GUJ-5,Industrial Corridor,Forest,63.6,48,5,1025,Partially Disbursed,69,Full Possession,1,1,0,100,5.8,40.7,1,0,57.0,0,0,0
LAP-14444,Madhya Pradesh,MAD-1,Highway,Private Agricultural,129.2,369,4,297,Not Started,1,Award Declared,2,1,0,100,6.5,74.8,1,8,72.4,0,0,0
LAP-14445,Punjab,PUN-5,Industrial Corridor,Mixed,21.1,36,1,1301,Not Started,1,Not Started,0,0,0,100,3.3,65.8,2,7,0.0,0,0,0
LAP-14446,Tamil Nadu,TAM-2,Renewable Energy,Government,47.1,100,2,1005,Partially Disbursed,71,Not Started,0,0,0,100,7.0,48.8,2,8,61.0,0,0,0
LAP-14447,Odisha,ODI-1,Railway,Forest,8.7,46,1,1400,Not Started,3,Award Declared,1,1,1,59,4.7,52.8,2,2,100.0,0,0,0
LAP-14448,Maharashtra,MAH-5,Airport,Private Agricultural,34.2,13,2,425,Partially Disbursed,40,Award Declared,0,0,1,1,2.0,41.8,3,6,50.0,0,0,0
LAP-14449,Chhattisgarh,CHH-1,Power Transmission,Tribal,101.1,79,6,134,Partially Disbursed,78,Survey Complete,0,0,1,2,7.2,27.4,2,2,56.5,0,0,0
LAP-14450,Haryana,HAR-2,Industrial Corridor,Private Agricultural,18.3,305,6,1263,Fully Disbursed,99,Partial Possession,0,0,1,18,1.5,54.3,2,1,66.9,0,0,0
LAP-14451,Chhattisgarh,CHH-6,Industrial Corridor,Private Agricultural,17.4,173,3,626,Not Started,7,Not Started,0,0,0,100,7.7,66.8,4,0,63.6,0,0,0
LAP-14452,Bihar,BIH-4,Urban Development,Government,20.6,19,6,718,Not Started,9,Not Started,0,0,0,100,2.7,51.1,5,5,23.4,0,1,297
LAP-14453,Odisha,ODI-5,Urban Development,Forest,6.1,29,3,818,Not Started,9,Survey Complete,2,0,0,100,3.4,63.9,2,6,72.6,0,1,60
LAP-14454,Maharashtra,MAH-5,Irrigation,Tribal,10.7,462,3,1470,Fully Disbursed,100,Award Declared,1,1,0,100,6.4,78.5,5,1,57.0,0,1,84
LAP-14455,Haryana,HAR-4,Industrial Corridor,Private Agricultural,14.2,19,5,200,Not Started,2,Survey Complete,3,1,0,100,6.5,72.3,2,4,89.3,1,1,133
LAP-14456,Odisha,ODI-1,Irrigation,Private Agricultural,12.3,20,1,1275,Not Started,7,Partial Possession,0,0,1,26,5.5,40.1,3,3,99.6,0,1,144
LAP-14457,Telangana,TEL-4,Industrial Corridor,Mixed,53.7,79,6,182,Partially Disbursed,28,Survey Complete,1,0,1,20,8.6,63.6,1,5,34.5,1,0,0
LAP-14458,Rajasthan,RAJ-5,Highway,Tribal,12.9,24,4,1281,Partially Disbursed,62,Survey Complete,2,1,1,98,3.3,89.8,2,2,100.0,0,0,0
LAP-14459,Jharkhand,JHA-4,Highway,Private Agricultural,1.6,72,1,1443,Partially Disbursed,26,Partial Possession,0,0,0,100,4.9,49.5,4,6,29.2,0,1,126
LAP-14460,Gujarat,GUJ-2,Industrial Corridor,Private Agricultural,11.7,32,5,290,Partially Disbursed,73,Full Possession,1,1,0,100,6.0,85.0,4,5,44.8,0,0,0
LAP-14461,Haryana,HAR-6,Renewable Energy,Government,21.2,228,5,498,Not Started,4,Award Declared,1,1,0,100,4.3,70.5,2,1,29.0,0,1,212
LAP-14462,Karnataka,KAR-5,Power Transmission,Private Agricultural,38.2,121,2,485,Not Started,4,Partial Possession,0,0,0,100,3.6,41.7,3,6,34.6,0,0,0
LAP-14463,Uttar Pradesh,UTT-5,Highway,Government,41.8,97,5,170,Partially Disbursed,14,Full Possession,1,1,0,100,10.0,51.4,2,6,64.3,0,0,0
LAP-14464,Chhattisgarh,CHH-3,Airport,Private Agricultural,25.2,47,6,377,Partially Disbursed,54,Award Declared,1,0,1,42,7.8,65.7,2,1,33.2,0,0,0
LAP-14465,Rajasthan,RAJ-6,Irrigation,Private Agricultural,64.1,9,5,377,Not Started,4,Award Declared,0,0,1,93,6.4,72.3,1,8,42.2,0,0,0
LAP-14466,Madhya Pradesh,MAD-1,Railway,Private Agricultural,3.9,122,1,1055,Fully Disbursed,87,Partial Possession,1,1,1,44,7.0,81.2,3,6,22.9,0,0,0
LAP-14467,Bihar,BIH-6,Railway,Private Agricultural,17.6,14,2,1414,Not Started,6,Survey Complete,0,0,0,100,5.1,68.4,3,0,63.1,0,0,0
LAP-14468,Rajasthan,RAJ-4,Industrial Corridor,Private Agricultural,22.6,9,6,431,Not Started,0,Partial Possession,1,1,1,71,3.2,34.6,1,7,70.6,1,0,0
LAP-14469,West Bengal,WES-1,Highway,Mixed,48.7,261,4,752,Fully Disbursed,100,Partial Possession,2,0,0,100,8.2,56.4,3,0,84.4,0,0,0
LAP-14470,Maharashtra,MAH-5,Railway,Forest,192.3,67,1,1236,Partially Disbursed,55,Award Declared,1,1,0,100,2.5,86.0,1,5,63.8,0,1,137
LAP-14471,Rajasthan,RAJ-3,Urban Development,Private Agricultural,11.6,56,1,1455,Fully Disbursed,96,Not Started,0,0,0,100,4.9,38.5,4,7,77.3,1,1,12
LAP-14472,Maharashtra,MAH-3,Irrigation,Mixed,2.6,36,4,1097,Partially Disbursed,53,Partial Possession,0,0,0,100,6.0,64.6,2,3,49.0,0,0,0
LAP-14473,Madhya Pradesh,MAD-2,Urban Development,Private Agricultural,10.5,43,1,713,Partially Disbursed,54,Not Started,0,0,1,46,4.3,56.0,3,7,46.7,0,1,336
LAP-14474,Odisha,ODI-3,Renewable Energy,Private Agricultural,4.8,328,6,1436,Fully Disbursed,88,Partial Possession,0,0,0,100,7.4,100.0,2,0,52.0,0,0,0
LAP-14475,Karnataka,KAR-5,Renewable Energy,Tribal,26.5,9,3,1441,Partially Disbursed,16,Full Possession,1,1,1,96,6.7,95.0,2,3,75.7,1,1,37
LAP-14476,Chhattisgarh,CHH-4,Airport,Forest,31.2,49,4,469,Not Started,7,Survey Complete,4,0,0,100,3.9,80.1,1,0,67.6,1,1,176
LAP-14477,Karnataka,KAR-6,Power Transmission,Private Agricultural,5.4,206,1,728,Partially Disbursed,11,Partial Possession,0,0,0,100,7.7,46.5,1,1,81.3,0,0,0
LAP-14478,Madhya Pradesh,MAD-6,Renewable Energy,Private Agricultural,7.3,974,4,116,Not Started,2,Partial Possession,0,0,1,53,4.5,49.7,2,0,26.8,0,0,0
LAP-14479,Punjab,PUN-2,Highway,Private Agricultural,3.0,129,3,1249,Not Started,7,Partial Possession,1,1,0,100,7.1,58.9,1,5,100.0,1,0,0
LAP-14480,Jharkhand,JHA-5,Highway,Government,32.5,42,6,328,Not Started,7,Survey Complete,0,0,0,100,2.1,64.6,1,0,40.2,0,0,0
LAP-14481,Madhya Pradesh,MAD-5,Power Transmission,Private Agricultural,48.0,44,1,344,Partially Disbursed,53,Not Started,0,0,0,100,4.7,45.2,1,0,77.3,0,0,0
LAP-14482,Madhya Pradesh,MAD-4,Railway,Private Agricultural,17.0,33,6,305,Partially Disbursed,56,Not Started,3,0,1,67,6.1,16.3,1,7,37.5,1,0,0
LAP-14483,West Bengal,WES-3,Irrigation,Private Agricultural,65.0,85,3,130,Partially Disbursed,75,Full Possession,1,0,1,59,5.1,42.5,2,7,42.8,0,0,0
LAP-14484,Gujarat,GUJ-3,Industrial Corridor,Private Agricultural,14.7,127,1,480,Partially Disbursed,22,Award Declared,1,0,1,80,4.6,55.1,2,4,89.0,0,1,125
LAP-14485,Haryana,HAR-6,Highway,Private Agricultural,31.7,155,5,294,Partially Disbursed,65,Full Possession,1,0,1,23,6.8,56.8,1,0,57.2,0,0,0
LAP-14486,Maharashtra,MAH-6,Urban Development,Private Agricultural,23.1,30,2,837,Not Started,5,Full Possession,1,1,1,8,6.7,91.0,1,7,75.4,0,0,0
LAP-14487,Telangana,TEL-6,Power Transmission,Private Agricultural,49.0,26,2,1355,Fully Disbursed,94,Partial Possession,1,1,0,100,7.7,57.6,0,7,68.8,0,0,0
LAP-14488,Tamil Nadu,TAM-3,Airport,Forest,72.8,266,5,1441,Partially Disbursed,77,Not Started,2,1,1,58,5.6,75.4,2,7,65.9,1,1,286
LAP-14489,Gujarat,GUJ-2,Highway,Mixed,45.3,16,1,1409,Not Started,1,Survey Complete,0,0,0,100,5.3,44.5,2,6,65.2,0,1,116
LAP-14490,Gujarat,GUJ-3,Irrigation,Private Agricultural,9.6,32,4,533,Not Started,4,Award Declared,0,0,1,62,6.7,65.3,4,1,64.4,0,0,0
LAP-14491,Haryana,HAR-1,Industrial Corridor,Government,44.8,30,3,353,Fully Disbursed,91,Award Declared,1,1,0,100,4.2,95.6,2,7,99.3,0,0,0
LAP-14492,Punjab,PUN-5,Urban Development,Private Agricultural,46.7,30,5,1209,Not Started,3,Not Started,0,0,1,66,6.2,87.5,2,0,74.2,0,0,0
LAP-14493,Maharashtra,MAH-2,Renewable Energy,Tribal,142.6,68,3,309,Not Started,3,Partial Possession,3,1,1,24,7.5,63.7,1,2,43.7,0,0,0
LAP-14494,Tamil Nadu,TAM-4,Urban Development,Private Agricultural,63.1,95,6,511,Partially Disbursed,16,Partial Possession,0,0,0,100,6.8,22.3,4,8,45.7,0,0,0
LAP-14495,Madhya Pradesh,MAD-6,Railway,Mixed,15.0,16,5,378,Not Started,7,Survey Complete,0,0,0,100,7.8,83.6,4,4,57.9,1,0,0
LAP-14496,Rajasthan,RAJ-5,Irrigation,Private Agricultural,27.3,61,1,465,Not Started,3,Award Declared,0,0,1,62,6.1,77.2,1,7,49.7,0,0,0
LAP-14497,Chhattisgarh,CHH-6,Renewable Energy,Private Agricultural,9.8,47,2,475,Not Started,2,Full Possession,0,0,1,98,2.5,62.6,3,0,54.3,0,0,0
LAP-14498,Jharkhand,JHA-2,Irrigation,Tribal,35.2,55,6,76,Fully Disbursed,97,Full Possession,1,1,1,61,5.3,88.2,2,6,50.5,0,0,0
LAP-14499,Telangana,TEL-4,Airport,Government,9.2,32,3,445,Fully Disbursed,89,Full Possession,0,0,0,100,10.0,55.0,5,1,49.6,0,0,0
LAP-14500,West Bengal,WES-1,Industrial Corridor,Private Agricultural,23.7,33,4,1420,Fully Disbursed,87,Not Started,0,0,1,100,2.8,88.6,3,0,52.3,1,0,0
LAP-14501,Madhya Pradesh,MAD-5,Industrial Corridor,Private Agricultural,116.1,85,1,1070,Partially Disbursed,23,Award Declared,3,0,1,23,8.6,48.9,4,0,22.8,1,1,68
LAP-14502,Chhattisgarh,CHH-6,Power Transmission,Private Agricultural,3.3,48,2,1430,Fully Disbursed,95,Partial Possession,2,1,1,33,10.0,62.7,4,8,35.4,0,1,206
LAP-14503,Odisha,ODI-4,Highway,Private Agricultural,86.0,13,6,174,Not Started,7,Award Declared,1,0,0,100,5.8,92.1,0,6,22.8,0,0,0
LAP-14504,West Bengal,WES-1,Power Transmission,Private Agricultural,9.9,18,3,1347,Partially Disbursed,55,Not Started,2,1,0,100,5.3,53.3,2,7,38.8,1,1,233
LAP-14505,West Bengal,WES-3,Industrial Corridor,Private Agricultural,14.3,11,4,769,Partially Disbursed,79,Award Declared,0,0,1,100,7.9,48.7,0,5,44.7,0,0,0
LAP-14506,Punjab,PUN-6,Railway,Mixed,52.5,374,2,326,Not Started,9,Not Started,1,1,0,100,6.4,75.1,1,4,39.2,0,1,363
LAP-14507,Bihar,BIH-3,Renewable Energy,Government,4.2,74,5,1438,Fully Disbursed,94,Survey Complete,1,0,0,100,6.8,29.5,3,0,96.1,0,0,0
LAP-14508,West Bengal,WES-6,Industrial Corridor,Private Agricultural,37.4,6,3,408,Partially Disbursed,42,Award Declared,1,0,1,37,6.2,50.7,3,7,75.9,0,0,0
LAP-14509,Haryana,HAR-3,Industrial Corridor,Private Agricultural,39.0,36,3,1307,Not Started,8,Full Possession,0,0,0,100,8.0,73.0,3,6,9.7,0,0,0
LAP-14510,Chhattisgarh,CHH-1,Highway,Mixed,7.8,63,2,1321,Not Started,6,Partial Possession,0,0,1,84,6.8,85.7,1,3,0.0,0,0,0
LAP-14511,Odisha,ODI-1,Highway,Private Agricultural,10.7,18,6,969,Fully Disbursed,91,Award Declared,3,1,1,38,9.4,85.8,2,1,61.2,0,1,25
LAP-14512,Chhattisgarh,CHH-4,Renewable Energy,Forest,4.7,68,4,91,Partially Disbursed,63,Partial Possession,1,0,0,100,6.9,73.5,3,7,42.8,0,0,0
LAP-14513,Rajasthan,RAJ-2,Highway,Forest,12.7,12,5,301,Not Started,6,Not Started,3,1,0,100,9.3,53.7,1,3,84.6,1,0,0
LAP-14514,Karnataka,KAR-4,Urban Development,Tribal,37.2,113,2,627,Not Started,9,Award Declared,3,1,1,46,2.8,31.9,3,3,24.8,0,1,210
LAP-14515,Uttar Pradesh,UTT-6,Railway,Private Agricultural,34.2,15,1,353,Partially Disbursed,73,Survey Complete,1,1,1,10,5.2,69.4,4,6,20.0,1,0,0
LAP-14516,Bihar,BIH-2,Industrial Corridor,Private Agricultural,24.0,71,6,1471,Not Started,1,Partial Possession,1,1,0,100,7.2,59.4,1,6,39.8,0,0,0
LAP-14517,Uttar Pradesh,UTT-5,Railway,Mixed,5.3,109,1,1410,Fully Disbursed,93,Not Started,0,0,0,100,6.5,46.8,3,3,73.3,0,0,0
LAP-14518,Uttar Pradesh,UTT-6,Highway,Government,36.1,207,2,953,Fully Disbursed,89,Not Started,1,1,1,2,5.9,68.3,2,2,30.3,0,1,87
LAP-14519,Uttar Pradesh,UTT-3,Urban Development,Forest,60.2,107,6,689,Partially Disbursed,40,Not Started,0,0,1,22,6.8,86.4,2,6,46.8,0,0,0
LAP-14520,Telangana,TEL-5,Renewable Energy,Private Agricultural,58.5,15,2,1430,Not Started,9,Partial Possession,0,0,1,36,6.6,61.3,0,2,55.8,0,0,0
LAP-14521,Haryana,HAR-4,Railway,Private Agricultural,21.2,381,6,1297,Not Started,9,Partial Possession,0,0,1,45,8.0,25.8,2,5,10.4,0,0,0
LAP-14522,Bihar,BIH-5,Railway,Government,4.3,59,5,1240,Partially Disbursed,35,Full Possession,1,0,0,100,1.3,53.7,1,5,82.4,1,1,253
LAP-14523,Karnataka,KAR-2,Irrigation,Forest,19.0,229,3,1334,Partially Disbursed,21,Award Declared,1,1,0,100,7.2,46.9,1,4,51.5,0,1,89
LAP-14524,Haryana,HAR-4,Railway,Government,22.9,9,2,370,Fully Disbursed,86,Full Possession,0,0,0,100,3.2,54.0,2,2,27.0,0,0,0
LAP-14525,Haryana,HAR-2,Irrigation,Private Agricultural,62.2,83,3,430,Not Started,6,Full Possession,0,0,1,31,3.9,91.2,1,8,10.3,0,1,100
LAP-14526,Gujarat,GUJ-1,Irrigation,Tribal,7.6,39,5,988,Not Started,5,Not Started,1,0,0,100,6.1,44.7,2,0,49.1,0,0,0
LAP-14527,Jharkhand,JHA-1,Highway,Mixed,29.8,80,4,1322,Partially Disbursed,24,Partial Possession,1,1,1,39,4.8,27.3,3,1,70.9,0,0,0
LAP-14528,Haryana,HAR-3,Power Transmission,Forest,109.4,17,2,18,Fully Disbursed,99,Survey Complete,1,0,0,100,9.7,5.0,0,8,57.6,0,0,0
LAP-14529,Telangana,TEL-5,Industrial Corridor,Forest,1.9,38,6,997,Partially Disbursed,15,Not Started,1,1,0,100,4.6,66.6,1,6,89.8,0,1,266
LAP-14530,Maharashtra,MAH-3,Renewable Energy,Tribal,180.2,50,1,1223,Fully Disbursed,91,Partial Possession,1,1,1,61,5.8,49.4,3,8,79.6,1,1,82
LAP-14531,Maharashtra,MAH-2,Power Transmission,Government,57.9,38,2,48,Fully Disbursed,93,Survey Complete,1,1,0,100,8.7,32.0,0,4,51.0,0,0,0
LAP-14532,Rajasthan,RAJ-3,Urban Development,Private Agricultural,13.5,84,3,952,Partially Disbursed,46,Award Declared,0,0,0,100,7.8,41.4,2,1,28.0,0,0,0
LAP-14533,Madhya Pradesh,MAD-6,Irrigation,Forest,29.3,796,3,863,Partially Disbursed,46,Award Declared,1,0,1,91,3.1,73.9,2,8,100.0,0,1,103
LAP-14534,Jharkhand,JHA-6,Highway,Forest,62.2,80,2,337,Not Started,8,Partial Possession,0,0,0,100,4.0,52.8,1,8,15.3,1,0,0
LAP-14535,Tamil Nadu,TAM-6,Renewable Energy,Private Agricultural,22.7,28,2,967,Partially Disbursed,37,Not Started,1,1,1,4,7.2,56.1,2,3,75.2,0,0,0
LAP-14536,Haryana,HAR-2,Highway,Forest,48.6,249,4,1222,Not Started,4,Survey Complete,2,1,0,100,4.5,59.6,0,8,77.8,0,1,122
LAP-14537,Gujarat,GUJ-2,Railway,Government,31.5,327,4,1100,Fully Disbursed,92,Not Started,0,0,0,100,3.2,57.6,3,7,72.4,0,0,0
LAP-14538,Uttar Pradesh,UTT-1,Railway,Government,2.0,16,6,1287,Not Started,4,Survey Complete,0,0,0,100,2.4,46.7,1,8,50.2,1,0,0
LAP-14539,Gujarat,GUJ-3,Highway,Private Agricultural,17.0,574,5,429,Not Started,1,Not Started,1,1,0,100,7.1,62.8,4,5,64.6,1,0,0
LAP-14540,Chhattisgarh,CHH-3,Industrial Corridor,Forest,7.2,49,3,1406,Partially Disbursed,32,Award Declared,3,1,0,100,2.5,63.7,0,5,90.1,1,1,13
LAP-14541,Tamil Nadu,TAM-3,Urban Development,Mixed,20.8,29,3,605,Not Started,8,Full Possession,2,1,0,100,1.0,45.9,1,7,60.3,0,0,0
LAP-14542,West Bengal,WES-6,Renewable Energy,Tribal,18.4,25,1,278,Not Started,8,Full Possession,1,0,1,43,5.5,81.4,1,7,14.1,0,0,0
LAP-14543,Odisha,ODI-4,Urban Development,Forest,35.2,46,2,290,Partially Disbursed,81,Not Started,1,1,0,100,6.1,34.4,0,2,20.6,0,1,363
LAP-14544,Chhattisgarh,CHH-4,Railway,Mixed,28.0,30,1,1332,Partially Disbursed,69,Not Started,0,0,0,100,5.7,60.4,1,5,52.3,0,0,0
LAP-14545,Bihar,BIH-1,Airport,Government,169.3,13,5,899,Not Started,1,Award Declared,0,0,1,95,2.3,95.4,5,4,61.0,0,0,0
LAP-14546,Gujarat,GUJ-4,Industrial Corridor,Tribal,33.3,2,3,1002,Not Started,8,Survey Complete,1,1,0,100,8.4,78.0,2,8,96.0,0,1,31
LAP-14547,Haryana,HAR-5,Urban Development,Government,7.2,175,1,203,Partially Disbursed,71,Full Possession,1,1,0,100,7.4,24.4,4,4,12.6,0,0,0
LAP-14548,Tamil Nadu,TAM-2,Railway,Government,133.6,1007,4,1185,Partially Disbursed,27,Award Declared,1,1,1,30,5.3,75.2,2,3,30.2,0,1,200
LAP-14549,Uttar Pradesh,UTT-4,Industrial Corridor,Forest,25.3,114,6,446,Not Started,3,Full Possession,1,1,0,100,4.5,51.4,1,6,41.0,0,0,0
LAP-14550,Maharashtra,MAH-1,Railway,Mixed,3.7,77,1,1298,Not Started,6,Award Declared,0,0,0,100,6.8,67.7,1,2,92.3,0,0,0
LAP-14551,Rajasthan,RAJ-5,Renewable Energy,Tribal,16.4,721,6,601,Not Started,8,Award Declared,6,1,0,100,2.8,23.9,1,8,19.6,0,1,85
LAP-14552,Tamil Nadu,TAM-2,Power Transmission,Government,10.4,151,6,1345,Not Started,5,Full Possession,1,0,0,100,5.6,11.9,3,3,31.1,0,0,0
LAP-14553,Rajasthan,RAJ-5,Highway,Private Agricultural,39.0,533,6,773,Not Started,1,Survey Complete,0,0,1,18,7.2,100.0,2,2,100.0,0,1,64
LAP-14554,Bihar,BIH-3,Urban Development,Private Agricultural,6.0,116,1,1104,Partially Disbursed,37,Partial Possession,0,0,1,59,4.3,66.8,1,8,42.2,0,1,135
LAP-14555,Gujarat,GUJ-5,Railway,Private Agricultural,18.9,193,5,899,Not Started,4,Survey Complete,0,0,1,54,4.9,60.1,3,5,79.5,0,1,62
LAP-14556,Bihar,BIH-3,Urban Development,Private Agricultural,40.8,17,5,1447,Not Started,2,Award Declared,1,0,0,100,4.7,77.6,3,2,46.8,0,0,0
LAP-14557,Jharkhand,JHA-6,Renewable Energy,Private Agricultural,37.2,54,4,626,Not Started,9,Not Started,2,0,0,100,6.2,54.8,1,8,70.3,0,1,77
LAP-14558,Bihar,BIH-3,Highway,Tribal,239.4,42,5,513,Partially Disbursed,71,Partial Possession,1,1,1,93,3.7,45.4,1,3,90.1,1,0,0
LAP-14559,Telangana,TEL-5,Irrigation,Private Agricultural,113.4,17,2,1324,Partially Disbursed,16,Not Started,1,1,1,75,6.1,49.4,2,7,44.7,0,1,77
LAP-14560,Karnataka,KAR-1,Highway,Forest,10.5,16,6,594,Partially Disbursed,10,Not Started,1,0,0,100,3.4,43.9,2,3,62.7,0,0,0
LAP-14561,Uttar Pradesh,UTT-1,Urban Development,Tribal,15.1,25,1,553,Fully Disbursed,96,Full Possession,2,0,0,100,6.8,76.5,2,1,56.5,0,0,0
LAP-14562,Tamil Nadu,TAM-4,Highway,Tribal,44.7,28,6,1126,Partially Disbursed,49,Full Possession,2,1,1,91,8.0,73.6,1,5,67.4,0,1,101
LAP-14563,Bihar,BIH-4,Highway,Private Agricultural,17.0,458,1,364,Partially Disbursed,11,Full Possession,1,1,0,100,4.1,36.9,0,4,88.5,0,0,0
LAP-14564,Tamil Nadu,TAM-6,Irrigation,Private Agricultural,72.0,28,4,1112,Not Started,7,Not Started,1,1,0,100,7.7,94.4,1,4,6.5,1,1,53
LAP-14565,Haryana,HAR-5,Industrial Corridor,Private Agricultural,12.8,171,4,1160,Fully Disbursed,87,Full Possession,1,1,0,100,4.3,48.2,1,6,84.6,0,1,83
LAP-14566,Chhattisgarh,CHH-5,Urban Development,Mixed,25.3,19,4,129,Partially Disbursed,23,Full Possession,2,1,0,100,5.4,97.9,3,2,100.0,1,1,83
LAP-14567,Telangana,TEL-2,Highway,Government,20.5,70,5,1423,Fully Disbursed,85,Survey Complete,2,1,1,73,7.0,58.7,2,3,31.9,0,0,0
LAP-14568,Haryana,HAR-5,Renewable Energy,Mixed,100.1,9,4,192,Partially Disbursed,44,Award Declared,0,0,0,100,7.1,76.4,2,0,14.2,0,0,0
LAP-14569,Uttar Pradesh,UTT-4,Highway,Private Agricultural,16.3,22,5,1494,Fully Disbursed,100,Partial Possession,0,0,0,100,7.1,86.7,3,3,60.7,0,0,0
LAP-14570,Rajasthan,RAJ-2,Power Transmission,Forest,23.6,118,4,1174,Fully Disbursed,99,Partial Possession,1,0,0,100,6.0,78.1,5,3,54.8,0,0,0
LAP-14571,Chhattisgarh,CHH-5,Railway,Government,24.7,54,3,799,Fully Disbursed,95,Award Declared,0,0,0,100,7.2,44.9,2,8,51.9,0,1,17
LAP-14572,Telangana,TEL-2,Highway,Government,94.6,150,4,741,Fully Disbursed,98,Award Declared,0,0,1,85,6.5,30.8,3,2,100.0,0,0,0
LAP-14573,Madhya Pradesh,MAD-3,Irrigation,Government,12.5,8,3,1104,Fully Disbursed,93,Not Started,1,1,0,100,7.5,58.8,0,8,89.7,0,1,98
LAP-14574,Haryana,HAR-6,Renewable Energy,Private Agricultural,74.1,128,2,1040,Fully Disbursed,99,Partial Possession,0,0,1,45,5.9,95.2,1,1,58.6,1,0,0
LAP-14575,Madhya Pradesh,MAD-1,Highway,Government,16.9,44,3,880,Not Started,4,Partial Possession,0,0,1,79,7.9,78.5,2,2,33.5,0,0,0
LAP-14576,Bihar,BIH-4,Railway,Forest,76.6,147,3,766,Fully Disbursed,91,Survey Complete,0,0,0,100,7.6,40.2,2,8,29.9,0,0,0
LAP-14577,Bihar,BIH-6,Urban Development,Private Agricultural,32.8,48,5,470,Not Started,0,Full Possession,1,1,0,100,1.2,70.8,4,7,49.6,0,0,0
LAP-14578,Tamil Nadu,TAM-4,Industrial Corridor,Forest,8.1,210,4,1019,Partially Disbursed,36,Award Declared,2,1,0,100,3.8,91.2,0,0,30.8,0,0,0
LAP-14579,West Bengal,WES-6,Power Transmission,Private Agricultural,245.8,70,1,1180,Not Started,6,Partial Possession,1,0,1,38,5.5,82.2,4,7,55.4,0,0,0
LAP-14580,Jharkhand,JHA-5,Highway,Private Agricultural,52.7,118,5,64,Not Started,1,Award Declared,0,0,1,95,2.5,35.3,3,8,45.2,1,0,0
LAP-14581,Madhya Pradesh,MAD-5,Highway,Private Agricultural,122.7,72,6,231,Fully Disbursed,86,Not Started,0,0,0,100,3.5,90.9,1,7,74.9,0,0,0
LAP-14582,Telangana,TEL-3,Industrial Corridor,Private Agricultural,7.8,125,5,636,Not Started,4,Partial Possession,0,0,1,8,5.6,91.6,1,8,91.8,1,1,97
LAP-14583,West Bengal,WES-6,Airport,Mixed,5.6,116,2,772,Partially Disbursed,84,Partial Possession,4,0,0,100,5.4,100.0,1,4,63.2,1,0,0
LAP-14584,Chhattisgarh,CHH-4,Irrigation,Private Agricultural,70.6,40,3,757,Partially Disbursed,26,Survey Complete,1,1,1,13,7.7,54.8,1,7,91.2,0,0,0
LAP-14585,West Bengal,WES-6,Railway,Private Agricultural,2.5,72,6,1277,Not Started,6,Award Declared,0,0,1,73,6.2,43.8,1,4,15.2,0,0,0
LAP-14586,Maharashtra,MAH-2,Renewable Energy,Private Agricultural,40.0,18,4,536,Fully Disbursed,97,Survey Complete,0,0,1,33,5.2,43.2,0,0,86.9,1,0,0
LAP-14587,West Bengal,WES-1,Industrial Corridor,Forest,65.0,386,4,638,Fully Disbursed,92,Full Possession,1,0,0,100,3.8,67.0,3,1,50.1,0,0,0
LAP-14588,Jharkhand,JHA-1,Airport,Private Agricultural,54.8,180,4,1210,Not Started,9,Full Possession,1,0,0,100,3.9,65.7,2,2,34.9,0,1,46
LAP-14589,Odisha,ODI-6,Irrigation,Mixed,42.5,44,1,946,Not Started,2,Partial Possession,1,1,1,81,4.4,57.0,0,1,54.5,0,1,171
LAP-14590,Uttar Pradesh,UTT-3,Urban Development,Private Agricultural,146.1,33,5,919,Partially Disbursed,43,Survey Complete,0,0,1,37,4.8,70.6,0,5,56.7,0,1,125
LAP-14591,Tamil Nadu,TAM-1,Renewable Energy,Forest,1.9,57,2,792,Not Started,8,Survey Complete,1,1,0,100,4.7,70.6,5,5,1.2,1,1,156
LAP-14592,Karnataka,KAR-4,Power Transmission,Private Agricultural,73.7,77,5,528,Partially Disbursed,69,Not Started,1,1,1,54,5.8,58.5,0,0,35.7,0,0,0
LAP-14593,Telangana,TEL-3,Highway,Forest,6.0,68,6,459,Partially Disbursed,12,Award Declared,4,1,0,100,7.7,72.1,2,3,45.7,1,1,43
LAP-14594,Gujarat,GUJ-3,Industrial Corridor,Forest,84.5,25,4,997,Partially Disbursed,66,Award Declared,3,1,0,100,4.4,52.0,3,6,50.7,0,0,0
LAP-14595,Jharkhand,JHA-4,Railway,Government,40.2,212,2,524,Fully Disbursed,100,Partial Possession,0,0,0,100,2.4,20.8,4,8,44.2,1,1,267
LAP-14596,Tamil Nadu,TAM-3,Highway,Mixed,3.3,21,2,1270,Partially Disbursed,22,Survey Complete,1,0,1,22,5.8,67.1,2,2,50.0,0,0,0
LAP-14597,Telangana,TEL-2,Highway,Private Agricultural,10.9,51,6,249,Partially Disbursed,38,Survey Complete,2,1,1,94,5.4,83.9,1,3,67.0,0,0,0
LAP-14598,Madhya Pradesh,MAD-2,Highway,Private Agricultural,13.1,1,4,866,Not Started,0,Not Started,1,1,0,100,5.1,56.7,1,5,72.8,0,0,0
LAP-14599,Tamil Nadu,TAM-5,Industrial Corridor,Private Agricultural,44.2,28,2,812,Fully Disbursed,96,Partial Possession,1,1,0,100,5.9,52.8,2,3,32.2,1,0,0
LAP-14600,Madhya Pradesh,MAD-4,Highway,Tribal,23.7,71,4,1304,Partially Disbursed,63,Not Started,0,0,1,37,8.6,82.5,2,1,80.3,1,0,0
LAP-14601,Punjab,PUN-4,Highway,Private Agricultural,8.0,19,2,970,Partially Disbursed,72,Not Started,1,0,1,1,9.8,66.7,0,2,46.1,0,0,0
LAP-14602,Jharkhand,JHA-3,Railway,Private Agricultural,156.9,66,5,248,Not Started,0,Award Declared,0,0,1,25,2.7,75.0,1,4,83.9,0,0,0
LAP-14603,Bihar,BIH-3,Irrigation,Private Agricultural,757.6,83,2,500,Partially Disbursed,21,Partial Possession,2,1,1,33,4.4,46.8,3,3,57.0,1,0,0
LAP-14604,Bihar,BIH-1,Power Transmission,Private Agricultural,3.8,16,1,615,Not Started,5,Award Declared,2,0,1,96,6.1,59.1,1,1,34.3,1,0,0
LAP-14605,Madhya Pradesh,MAD-4,Irrigation,Private Agricultural,45.7,61,1,153,Not Started,1,Partial Possession,1,1,0,100,7.8,40.4,3,8,56.0,0,0,0
LAP-14606,West Bengal,WES-6,Industrial Corridor,Private Agricultural,7.5,175,1,1328,Partially Disbursed,62,Not Started,1,1,0,100,7.4,56.2,1,7,51.6,0,0,0
LAP-14607,Tamil Nadu,TAM-4,Airport,Private Agricultural,11.0,70,1,454,Partially Disbursed,15,Survey Complete,0,0,1,47,9.7,22.7,0,4,0.0,1,0,0
LAP-14608,Uttar Pradesh,UTT-3,Industrial Corridor,Private Agricultural,7.1,82,3,538,Partially Disbursed,33,Not Started,2,0,0,100,4.5,73.5,1,0,38.2,0,0,0
LAP-14609,Rajasthan,RAJ-4,Highway,Private Agricultural,6.6,24,2,672,Not Started,9,Award Declared,0,0,1,69,6.8,36.8,0,2,37.4,0,0,0
LAP-14610,Bihar,BIH-1,Urban Development,Mixed,147.8,72,5,80,Fully Disbursed,98,Partial Possession,1,1,0,100,5.2,57.4,4,5,40.4,0,1,299
LAP-14611,Chhattisgarh,CHH-5,Railway,Government,33.9,176,3,1149,Partially Disbursed,18,Award Declared,1,0,0,100,7.7,68.7,1,8,32.5,0,1,156
LAP-14612,Haryana,HAR-2,Industrial Corridor,Private Agricultural,115.1,12,2,687,Partially Disbursed,46,Not Started,1,1,1,47,9.9,71.0,1,4,100.0,0,0,0
LAP-14613,Odisha,ODI-2,Highway,Private Agricultural,15.8,201,2,774,Fully Disbursed,86,Not Started,0,0,0,100,6.7,63.4,2,3,31.8,0,0,0
LAP-14614,Madhya Pradesh,MAD-1,Highway,Mixed,20.9,38,6,762,Partially Disbursed,84,Partial Possession,1,0,0,100,4.6,47.6,1,2,98.2,1,0,0
LAP-14615,Tamil Nadu,TAM-3,Airport,Tribal,29.7,64,4,149,Fully Disbursed,95,Survey Complete,1,1,0,100,5.6,48.4,4,0,79.5,0,0,0
LAP-14616,Karnataka,KAR-3,Highway,Government,27.0,51,2,320,Partially Disbursed,42,Full Possession,0,0,1,68,6.2,56.5,3,5,89.5,0,0,0
LAP-14617,Madhya Pradesh,MAD-6,Irrigation,Private Agricultural,18.1,27,1,1108,Fully Disbursed,87,Award Declared,2,1,1,86,4.3,26.5,2,8,57.6,1,1,60
LAP-14618,West Bengal,WES-5,Renewable Energy,Private Agricultural,2.2,48,4,518,Not Started,1,Survey Complete,0,0,1,86,7.0,79.8,1,5,0.0,0,0,0
LAP-14619,Gujarat,GUJ-4,Railway,Tribal,4.1,36,6,186,Fully Disbursed,93,Partial Possession,2,1,0,100,3.0,57.0,3,6,35.8,1,0,0
LAP-14620,Maharashtra,MAH-6,Irrigation,Government,41.7,30,3,193,Fully Disbursed,92,Partial Possession,0,0,1,35,7.4,59.4,1,0,72.8,1,0,0
LAP-14621,Gujarat,GUJ-4,Highway,Private Agricultural,13.9,18,3,1463,Partially Disbursed,57,Partial Possession,1,1,0,100,6.5,49.2,2,0,64.2,0,0,0
LAP-14622,Madhya Pradesh,MAD-4,Airport,Private Agricultural,33.6,262,3,898,Not Started,9,Survey Complete,0,0,1,16,3.4,100.0,2,1,60.2,0,0,0
LAP-14623,Gujarat,GUJ-5,Power Transmission,Private Agricultural,31.1,243,5,150,Not Started,8,Not Started,1,1,0,100,3.4,32.6,1,2,19.5,1,0,0
LAP-14624,Madhya Pradesh,MAD-2,Industrial Corridor,Government,32.4,230,4,1003,Not Started,8,Partial Possession,0,0,0,100,1.0,50.4,2,6,32.9,0,0,0
LAP-14625,Odisha,ODI-5,Power Transmission,Forest,10.6,4,2,150,Partially Disbursed,38,Survey Complete,1,1,0,100,3.7,40.2,1,7,47.5,0,1,98
LAP-14626,Telangana,TEL-6,Irrigation,Private Agricultural,22.5,390,1,154,Fully Disbursed,86,Partial Possession,0,0,0,100,8.4,41.1,1,5,63.1,0,0,0
LAP-14627,Rajasthan,RAJ-5,Highway,Private Agricultural,11.5,753,5,43,Partially Disbursed,37,Partial Possession,1,1,1,44,8.5,69.6,5,4,21.2,0,0,0
LAP-14628,Jharkhand,JHA-6,Industrial Corridor,Government,67.9,306,2,209,Not Started,4,Survey Complete,2,1,0,100,7.5,38.9,2,8,73.9,0,1,124
LAP-14629,Karnataka,KAR-1,Urban Development,Mixed,60.3,145,4,719,Fully Disbursed,95,Not Started,0,0,0,100,7.3,27.9,1,7,69.5,0,0,0
LAP-14630,Tamil Nadu,TAM-2,Irrigation,Government,9.0,35,4,675,Not Started,3,Not Started,0,0,1,44,5.7,49.0,3,7,57.9,1,0,0
LAP-14631,Rajasthan,RAJ-6,Industrial Corridor,Private Agricultural,29.5,34,5,634,Fully Disbursed,97,Not Started,0,0,0,100,8.9,83.3,1,5,63.0,0,0,0
LAP-14632,Tamil Nadu,TAM-5,Industrial Corridor,Government,46.4,484,3,74,Partially Disbursed,77,Award Declared,0,0,0,100,4.5,63.8,3,3,100.0,0,1,23
LAP-14633,Rajasthan,RAJ-4,Irrigation,Private Agricultural,8.9,143,3,135,Partially Disbursed,26,Full Possession,1,1,1,96,7.2,35.2,2,0,68.0,0,0,0
LAP-14634,Chhattisgarh,CHH-1,Highway,Forest,40.4,38,2,555,Partially Disbursed,83,Partial Possession,1,1,0,100,7.1,61.0,2,4,64.1,0,0,0
LAP-14635,Jharkhand,JHA-6,Railway,Mixed,16.8,18,6,92,Not Started,4,Not Started,0,0,0,100,5.6,42.6,3,4,32.4,0,0,0
LAP-14636,Madhya Pradesh,MAD-6,Railway,Tribal,5.8,107,3,224,Not Started,5,Survey Complete,1,0,1,68,4.2,33.2,0,0,60.5,0,0,0
LAP-14637,Haryana,HAR-3,Power Transmission,Forest,84.8,46,2,1114,Partially Disbursed,83,Survey Complete,2,1,1,0,4.4,88.7,1,0,51.7,0,1,75
LAP-14638,Madhya Pradesh,MAD-4,Irrigation,Mixed,10.2,16,2,1047,Partially Disbursed,25,Survey Complete,1,0,0,100,5.4,50.3,3,2,49.5,0,0,0
LAP-14639,West Bengal,WES-3,Power Transmission,Tribal,104.9,65,5,379,Partially Disbursed,73,Partial Possession,0,0,0,100,7.4,56.6,0,4,100.0,0,0,0
LAP-14640,West Bengal,WES-1,Highway,Private Agricultural,23.3,61,5,243,Partially Disbursed,35,Survey Complete,0,0,1,3,7.2,70.1,1,1,63.4,1,0,0
LAP-14641,Tamil Nadu,TAM-4,Industrial Corridor,Tribal,78.8,2627,2,1348,Partially Disbursed,70,Not Started,1,0,1,59,2.6,35.1,1,1,25.5,0,0,0
LAP-14642,West Bengal,WES-1,Railway,Tribal,1.6,187,3,620,Partially Disbursed,70,Not Started,3,1,1,35,7.0,58.2,3,2,31.1,0,0,0
LAP-14643,Punjab,PUN-6,Urban Development,Tribal,14.6,65,4,1284,Fully Disbursed,86,Partial Possession,2,0,1,0,4.2,79.1,1,5,64.7,1,0,0
LAP-14644,Tamil Nadu,TAM-5,Irrigation,Tribal,49.4,45,6,90,Partially Disbursed,21,Award Declared,0,0,1,72,5.0,76.6,5,6,41.6,1,1,102
LAP-14645,Rajasthan,RAJ-6,Power Transmission,Government,15.2,1,1,669,Fully Disbursed,98,Full Possession,1,1,0,100,3.2,65.1,4,1,68.8,0,1,48
LAP-14646,Odisha,ODI-2,Railway,Private Agricultural,162.0,430,1,1433,Not Started,5,Not Started,0,0,0,100,3.6,72.1,1,5,30.4,0,0,0
LAP-14647,Jharkhand,JHA-2,Power Transmission,Government,48.1,25,4,617,Not Started,1,Award Declared,1,1,1,25,10.0,50.4,1,7,58.8,1,1,582
LAP-14648,Madhya Pradesh,MAD-4,Railway,Private Agricultural,26.4,142,6,676,Partially Disbursed,23,Not Started,1,0,0,100,6.6,84.6,1,1,67.7,0,0,0
LAP-14649,Uttar Pradesh,UTT-2,Airport,Government,24.3,199,3,1399,Partially Disbursed,39,Partial Possession,1,0,0,100,2.6,49.7,3,3,27.6,0,0,0
LAP-14650,Karnataka,KAR-2,Highway,Tribal,23.8,118,5,723,Not Started,8,Not Started,1,0,1,29,4.8,62.5,1,0,43.3,0,1,112
LAP-14651,Karnataka,KAR-4,Irrigation,Private Agricultural,69.4,31,4,110,Not Started,2,Award Declared,2,1,1,37,5.6,100.0,3,0,4.2,0,0,0
LAP-14652,Haryana,HAR-6,Highway,Tribal,31.2,562,2,140,Fully Disbursed,91,Survey Complete,2,1,1,9,4.3,34.4,1,5,43.8,0,1,199
LAP-14653,Telangana,TEL-3,Urban Development,Private Agricultural,42.1,303,2,514,Not Started,1,Partial Possession,2,1,0,100,5.3,96.7,1,2,56.0,0,0,0
LAP-14654,Rajasthan,RAJ-3,Highway,Private Agricultural,7.1,8,5,1057,Not Started,5,Survey Complete,0,0,0,100,5.6,53.1,2,3,37.7,0,0,0
LAP-14655,Rajasthan,RAJ-5,Highway,Mixed,5.4,535,1,22,Partially Disbursed,23,Partial Possession,2,1,0,100,5.0,64.4,1,1,59.3,0,0,0
LAP-14656,Rajasthan,RAJ-3,Renewable Energy,Private Agricultural,24.7,26,4,844,Fully Disbursed,86,Partial Possession,0,0,1,98,6.5,66.9,5,3,50.1,0,0,0
LAP-14657,Uttar Pradesh,UTT-3,Highway,Private Agricultural,13.8,35,3,1277,Partially Disbursed,20,Survey Complete,0,0,0,100,8.5,52.7,1,8,51.3,0,0,0
LAP-14658,Bihar,BIH-1,Industrial Corridor,Forest,17.6,76,6,1433,Not Started,5,Award Declared,1,1,1,46,7.2,48.0,3,6,21.9,1,1,21
LAP-14659,Gujarat,GUJ-2,Irrigation,Tribal,38.2,29,3,250,Not Started,4,Partial Possession,2,0,0,100,6.7,56.3,3,7,80.8,0,1,71
LAP-14660,Jharkhand,JHA-6,Highway,Government,10.3,22,1,372,Fully Disbursed,97,Survey Complete,0,0,0,100,8.6,33.3,2,1,63.7,0,1,35
LAP-14661,Uttar Pradesh,UTT-5,Urban Development,Government,51.7,22,5,114,Fully Disbursed,86,Full Possession,0,0,0,100,7.4,46.3,5,1,56.1,0,0,0
LAP-14662,Haryana,HAR-6,Industrial Corridor,Private Agricultural,29.1,7,3,931,Partially Disbursed,84,Not Started,1,1,0,100,3.8,35.8,4,3,35.2,0,0,0
LAP-14663,Odisha,ODI-6,Urban Development,Forest,67.4,247,1,1278,Not Started,8,Full Possession,2,1,0,100,3.2,24.8,2,3,27.1,1,1,237
LAP-14664,Madhya Pradesh,MAD-5,Industrial Corridor,Forest,17.1,58,5,249,Fully Disbursed,86,Award Declared,3,1,0,100,1.7,73.9,2,1,78.1,0,1,107
LAP-14665,Uttar Pradesh,UTT-4,Renewable Energy,Private Agricultural,29.6,62,6,1490,Fully Disbursed,92,Full Possession,1,1,1,34,7.4,63.9,0,8,58.6,0,1,195
LAP-14666,Gujarat,GUJ-5,Highway,Government,41.4,14,6,1230,Fully Disbursed,99,Partial Possession,1,1,0,100,7.6,71.0,1,3,52.8,0,0,0
LAP-14667,Jharkhand,JHA-2,Railway,Private Agricultural,9.5,13,5,1468,Not Started,6,Not Started,1,1,0,100,5.3,69.1,2,3,69.1,0,0,0
LAP-14668,Odisha,ODI-6,Airport,Forest,18.7,56,6,1136,Partially Disbursed,79,Award Declared,1,0,0,100,8.6,61.2,1,2,91.8,0,0,0
LAP-14669,Tamil Nadu,TAM-4,Power Transmission,Government,15.0,108,1,1153,Not Started,4,Award Declared,1,1,0,100,5.8,60.2,0,0,51.0,1,0,0
LAP-14670,Jharkhand,JHA-2,Highway,Government,20.8,11,1,107,Partially Disbursed,60,Award Declared,0,0,0,100,8.0,33.7,1,2,25.9,1,0,0
LAP-14671,Punjab,PUN-1,Highway,Mixed,8.6,123,6,271,Partially Disbursed,40,Partial Possession,1,1,0,100,5.8,22.9,2,7,80.5,0,1,199
LAP-14672,Chhattisgarh,CHH-5,Irrigation,Tribal,36.7,52,4,1067,Fully Disbursed,91,Survey Complete,3,1,1,71,5.6,31.3,2,7,58.5,0,1,264
LAP-14673,West Bengal,WES-1,Highway,Private Agricultural,11.4,20,4,1097,Not Started,2,Partial Possession,0,0,0,100,2.8,35.3,3,6,44.0,1,1,553
LAP-14674,Punjab,PUN-3,Industrial Corridor,Private Agricultural,15.7,35,5,299,Not Started,6,Partial Possession,1,0,1,52,5.7,72.1,1,6,77.7,0,0,0
LAP-14675,Odisha,ODI-4,Industrial Corridor,Government,19.2,136,3,1037,Not Started,6,Survey Complete,1,1,1,65,1.8,41.1,1,4,78.2,1,1,91
LAP-14676,Karnataka,KAR-5,Renewable Energy,Private Agricultural,26.0,186,1,1290,Fully Disbursed,89,Award Declared,1,1,1,25,8.0,72.9,0,3,70.8,1,0,0
LAP-14677,Karnataka,KAR-1,Highway,Private Agricultural,29.4,55,4,275,Partially Disbursed,28,Not Started,1,0,1,69,6.5,60.3,3,5,26.4,0,0,0
LAP-14678,Bihar,BIH-4,Urban Development,Private Agricultural,26.4,359,2,469,Not Started,4,Partial Possession,3,0,1,11,7.3,63.5,1,6,46.9,0,1,78
LAP-14679,Maharashtra,MAH-6,Railway,Private Agricultural,6.7,25,3,314,Not Started,3,Full Possession,1,0,0,100,9.7,8.0,3,1,49.1,0,0,0
LAP-14680,Jharkhand,JHA-1,Industrial Corridor,Private Agricultural,6.3,251,4,601,Partially Disbursed,70,Award Declared,2,1,1,8,4.1,97.8,3,1,56.9,1,1,107
LAP-14681,Tamil Nadu,TAM-3,Airport,Private Agricultural,68.4,154,5,1208,Partially Disbursed,46,Award Declared,0,0,1,60,8.5,100.0,1,7,82.4,0,0,0
LAP-14682,Chhattisgarh,CHH-4,Highway,Mixed,68.5,31,5,342,Not Started,3,Full Possession,1,1,0,100,6.5,42.4,1,0,47.2,1,1,79
LAP-14683,Chhattisgarh,CHH-4,Power Transmission,Private Agricultural,8.6,28,6,469,Partially Disbursed,84,Survey Complete,0,0,0,100,4.8,23.9,3,3,44.7,0,0,0
LAP-14684,Tamil Nadu,TAM-3,Industrial Corridor,Forest,131.5,19,2,876,Fully Disbursed,100,Not Started,4,0,0,100,6.5,26.4,1,3,30.0,1,0,0
LAP-14685,Odisha,ODI-3,Railway,Private Agricultural,9.0,8,1,348,Partially Disbursed,57,Partial Possession,0,0,1,64,9.0,66.4,2,2,99.0,0,0,0
LAP-14686,Chhattisgarh,CHH-4,Highway,Private Agricultural,180.0,13,3,932,Fully Disbursed,88,Partial Possession,0,0,1,37,5.4,66.4,3,4,50.2,1,0,0
LAP-14687,Chhattisgarh,CHH-1,Industrial Corridor,Private Agricultural,32.5,188,6,1281,Partially Disbursed,53,Award Declared,0,0,1,19,10.0,63.8,6,3,91.8,0,1,187
LAP-14688,Haryana,HAR-5,Highway,Mixed,21.2,835,1,693,Fully Disbursed,90,Full Possession,0,0,1,38,5.3,55.8,2,0,65.1,0,0,0
LAP-14689,Madhya Pradesh,MAD-4,Railway,Private Agricultural,51.7,86,3,271,Partially Disbursed,47,Partial Possession,2,1,1,13,5.6,65.5,3,6,78.5,0,0,0
LAP-14690,Madhya Pradesh,MAD-2,Renewable Energy,Tribal,148.7,23,4,1248,Partially Disbursed,40,Not Started,2,0,0,100,7.3,61.6,1,2,60.0,1,0,0
LAP-14691,Rajasthan,RAJ-5,Industrial Corridor,Forest,23.5,63,1,1498,Fully Disbursed,87,Full Possession,1,0,0,100,4.0,81.9,1,6,59.1,0,0,0
LAP-14692,Jharkhand,JHA-1,Highway,Forest,18.8,75,5,1138,Partially Disbursed,68,Award Declared,2,1,0,100,8.6,40.3,4,4,35.0,0,0,0
LAP-14693,Chhattisgarh,CHH-1,Urban Development,Private Agricultural,23.0,2677,5,1430,Partially Disbursed,33,Not Started,0,0,0,100,4.9,86.4,0,2,79.6,0,0,0
LAP-14694,West Bengal,WES-4,Railway,Tribal,7.6,8,6,395,Fully Disbursed,90,Survey Complete,1,1,1,7,4.7,51.7,3,1,58.2,1,0,0
LAP-14695,Gujarat,GUJ-2,Industrial Corridor,Private Agricultural,14.9,46,1,781,Fully Disbursed,97,Survey Complete,1,0,1,12,6.0,79.8,3,1,39.8,0,0,0
LAP-14696,Uttar Pradesh,UTT-6,Railway,Forest,142.9,11,2,474,Fully Disbursed,96,Award Declared,0,0,0,100,10.0,36.5,2,3,53.3,0,0,0
LAP-14697,Haryana,HAR-6,Railway,Mixed,41.4,10,1,1142,Not Started,5,Award Declared,2,1,1,69,6.4,40.9,2,8,18.4,1,1,82
LAP-14698,Odisha,ODI-4,Urban Development,Mixed,10.2,6,4,179,Fully Disbursed,100,Partial Possession,0,0,1,14,7.2,78.2,4,4,82.7,1,1,63
LAP-14699,Karnataka,KAR-3,Power Transmission,Forest,53.8,199,5,948,Partially Disbursed,63,Award Declared,2,0,0,100,4.9,69.7,2,8,51.5,1,1,152
LAP-14700,Madhya Pradesh,MAD-2,Irrigation,Government,4.3,211,5,818,Fully Disbursed,96,Award Declared,0,0,0,100,7.7,57.4,2,7,100.0,0,0,0
LAP-14701,Madhya Pradesh,MAD-3,Power Transmission,Private Agricultural,30.3,166,1,960,Fully Disbursed,99,Award Declared,1,1,1,22,6.0,55.5,0,5,75.3,0,0,0
LAP-14702,Uttar Pradesh,UTT-6,Airport,Government,130.5,163,2,561,Partially Disbursed,28,Award Declared,2,1,1,48,5.0,63.5,0,8,82.7,0,0,0
LAP-14703,Karnataka,KAR-3,Industrial Corridor,Forest,72.8,11,4,518,Not Started,2,Award Declared,2,1,0,100,6.3,69.3,1,0,80.8,1,0,0
LAP-14704,Madhya Pradesh,MAD-5,Highway,Private Agricultural,20.1,9,2,556,Not Started,7,Award Declared,1,0,0,100,4.5,37.8,5,3,26.0,0,1,101
LAP-14705,Karnataka,KAR-4,Irrigation,Tribal,10.7,32,4,307,Not Started,3,Partial Possession,3,1,1,67,7.0,42.6,2,4,45.2,0,0,0
LAP-14706,Uttar Pradesh,UTT-5,Airport,Private Agricultural,17.2,53,3,275,Partially Disbursed,77,Award Declared,2,1,0,100,8.1,100.0,0,0,36.8,1,1,130
LAP-14707,Rajasthan,RAJ-2,Power Transmission,Private Agricultural,139.5,183,2,1425,Fully Disbursed,100,Award Declared,1,1,0,100,4.7,27.2,1,4,86.6,0,0,0
LAP-14708,Tamil Nadu,TAM-6,Highway,Tribal,8.8,72,5,411,Not Started,4,Partial Possession,1,0,1,29,6.9,97.4,3,3,51.6,1,0,0
LAP-14709,Bihar,BIH-6,Urban Development,Government,28.6,39,3,115,Partially Disbursed,36,Not Started,2,1,0,100,6.3,55.7,2,8,19.8,0,0,0
LAP-14710,Uttar Pradesh,UTT-5,Power Transmission,Private Agricultural,10.4,3767,2,719,Fully Disbursed,89,Survey Complete,1,0,1,14,6.0,55.9,2,0,34.0,0,0,0
LAP-14711,Uttar Pradesh,UTT-6,Highway,Forest,63.6,66,2,210,Not Started,5,Partial Possession,1,1,0,100,5.3,37.6,3,5,73.9,1,0,0
LAP-14712,Karnataka,KAR-6,Industrial Corridor,Private Agricultural,12.5,151,1,483,Partially Disbursed,49,Award Declared,1,1,0,100,7.0,79.6,1,6,62.2,1,0,0
LAP-14713,Rajasthan,RAJ-6,Irrigation,Mixed,18.1,377,6,414,Partially Disbursed,54,Not Started,1,1,1,79,8.7,61.8,0,4,48.8,1,0,0
LAP-14714,Uttar Pradesh,UTT-6,Irrigation,Forest,28.4,1065,2,1420,Not Started,1,Not Started,1,0,0,100,6.4,81.5,3,0,86.5,0,0,0
LAP-14715,Maharashtra,MAH-1,Urban Development,Private Agricultural,5.2,28,3,1196,Not Started,2,Award Declared,0,0,1,1,3.9,50.8,0,4,52.5,1,0,0
LAP-14716,Odisha,ODI-5,Railway,Private Agricultural,15.3,100,4,1448,Partially Disbursed,84,Not Started,1,0,1,38,2.2,51.4,2,0,66.6,0,0,0
LAP-14717,Chhattisgarh,CHH-3,Irrigation,Private Agricultural,43.2,21,6,38,Partially Disbursed,42,Survey Complete,1,0,0,100,4.1,51.8,2,0,28.7,0,0,0
LAP-14718,Gujarat,GUJ-4,Power Transmission,Tribal,35.8,43,4,731,Not Started,6,Partial Possession,0,0,1,97,10.0,65.4,1,7,65.9,1,0,0
LAP-14719,Uttar Pradesh,UTT-4,Urban Development,Tribal,27.5,7,3,552,Not Started,3,Partial Possession,0,0,1,84,2.8,55.7,1,6,57.5,0,0,0
LAP-14720,Bihar,BIH-6,Irrigation,Government,56.0,161,4,1177,Fully Disbursed,87,Not Started,2,1,0,100,7.8,30.4,3,1,52.9,0,0,0
LAP-14721,Uttar Pradesh,UTT-6,Railway,Tribal,12.2,4,6,1076,Not Started,2,Not Started,1,1,1,29,2.7,91.4,1,1,78.4,0,1,41
LAP-14722,Rajasthan,RAJ-5,Railway,Private Agricultural,11.3,25,4,1409,Fully Disbursed,91,Partial Possession,1,0,0,100,2.4,44.2,1,1,30.7,0,0,0
LAP-14723,Bihar,BIH-6,Railway,Forest,19.0,49,1,806,Not Started,3,Partial Possession,0,0,0,100,5.8,77.4,4,1,51.3,1,0,0
LAP-14724,Karnataka,KAR-3,Urban Development,Private Agricultural,27.3,36,4,1458,Partially Disbursed,21,Award Declared,1,1,0,100,8.4,63.5,4,8,62.7,0,1,119
LAP-14725,Chhattisgarh,CHH-5,Highway,Private Agricultural,21.9,6,3,275,Fully Disbursed,91,Partial Possession,1,1,1,46,8.2,54.6,1,3,55.3,0,0,0
LAP-14726,Tamil Nadu,TAM-3,Irrigation,Private Agricultural,66.1,11,5,1038,Not Started,9,Award Declared,0,0,0,100,2.6,64.9,2,1,46.1,0,0,0
LAP-14727,Odisha,ODI-1,Airport,Tribal,90.7,74,2,924,Partially Disbursed,51,Award Declared,0,0,1,85,2.7,67.9,4,0,19.4,0,0,0
LAP-14728,Maharashtra,MAH-4,Railway,Private Agricultural,7.1,10,6,522,Not Started,3,Full Possession,1,1,0,100,4.3,62.7,1,5,96.5,1,0,0
LAP-14729,Gujarat,GUJ-4,Urban Development,Private Agricultural,61.5,461,1,362,Fully Disbursed,100,Award Declared,0,0,1,85,7.0,59.1,4,3,71.5,1,0,0
LAP-14730,Uttar Pradesh,UTT-1,Railway,Private Agricultural,6.3,94,4,127,Partially Disbursed,27,Survey Complete,1,1,0,100,3.0,45.6,2,2,61.4,1,0,0
LAP-14731,Uttar Pradesh,UTT-4,Irrigation,Forest,17.6,1088,1,940,Fully Disbursed,96,Survey Complete,2,1,1,32,10.0,50.2,3,2,47.1,0,1,133
LAP-14732,Jharkhand,JHA-1,Urban Development,Forest,3.7,14,3,1469,Not Started,7,Survey Complete,1,1,0,100,6.5,68.5,1,2,69.0,0,0,0
LAP-14733,Gujarat,GUJ-6,Renewable Energy,Forest,20.0,27,3,739,Not Started,9,Not Started,3,1,1,22,7.0,100.0,1,4,0.0,0,1,80
LAP-14734,Uttar Pradesh,UTT-3,Airport,Private Agricultural,9.7,162,1,98,Fully Disbursed,96,Not Started,0,0,1,27,3.6,67.1,2,4,79.4,0,0,0
LAP-14735,Gujarat,GUJ-2,Highway,Private Agricultural,50.6,135,6,932,Fully Disbursed,97,Award Declared,2,1,0,100,8.3,66.4,1,1,71.8,0,0,0
LAP-14736,Odisha,ODI-6,Power Transmission,Private Agricultural,23.1,287,5,420,Not Started,4,Not Started,1,0,1,72,3.8,48.2,2,3,28.5,0,1,177
LAP-14737,Chhattisgarh,CHH-6,Power Transmission,Government,57.3,143,5,960,Partially Disbursed,39,Not Started,0,0,0,100,5.7,40.8,3,0,54.4,1,0,0
LAP-14738,Madhya Pradesh,MAD-5,Renewable Energy,Private Agricultural,5.1,226,3,1411,Partially Disbursed,66,Survey Complete,1,1,0,100,6.1,94.9,0,1,0.0,0,0,0
LAP-14739,Uttar Pradesh,UTT-1,Railway,Private Agricultural,19.2,19,3,1058,Fully Disbursed,86,Partial Possession,1,0,0,100,7.3,56.5,1,4,63.5,1,0,0
LAP-14740,Haryana,HAR-3,Highway,Mixed,29.6,167,6,500,Not Started,6,Partial Possession,0,0,0,100,4.4,90.8,1,8,66.8,1,1,342
LAP-14741,Haryana,HAR-5,Irrigation,Private Agricultural,129.9,93,6,593,Not Started,3,Partial Possession,0,0,1,76,7.7,19.2,0,3,48.5,0,0,0
LAP-14742,Bihar,BIH-4,Railway,Private Agricultural,53.8,3,6,923,Not Started,5,Survey Complete,1,1,0,100,5.5,58.8,2,7,26.8,0,1,223
LAP-14743,West Bengal,WES-4,Highway,Private Agricultural,37.0,54,3,1356,Partially Disbursed,27,Full Possession,1,0,1,10,3.9,65.2,1,4,55.2,0,0,0
LAP-14744,Uttar Pradesh,UTT-5,Industrial Corridor,Government,29.9,54,6,125,Not Started,5,Partial Possession,1,1,0,100,6.0,72.4,2,4,65.7,0,0,0
LAP-14745,Odisha,ODI-3,Urban Development,Private Agricultural,15.4,53,1,1164,Not Started,0,Not Started,1,1,1,80,5.9,50.0,2,4,45.9,0,0,0
LAP-14746,Uttar Pradesh,UTT-2,Irrigation,Government,3.7,66,1,80,Partially Disbursed,36,Partial Possession,1,1,0,100,3.9,48.9,3,8,66.9,0,0,0
LAP-14747,Tamil Nadu,TAM-5,Power Transmission,Government,26.7,141,4,263,Partially Disbursed,31,Partial Possession,2,1,0,100,8.7,74.3,3,5,67.1,1,1,17
LAP-14748,West Bengal,WES-5,Highway,Private Agricultural,2.4,36,3,39,Fully Disbursed,93,Award Declared,0,0,0,100,5.5,61.3,2,2,28.2,0,0,0
LAP-14749,Odisha,ODI-1,Railway,Government,9.2,98,4,1097,Not Started,5,Not Started,1,0,0,100,4.5,60.2,0,4,43.0,0,0,0
LAP-14750,Karnataka,KAR-3,Urban Development,Tribal,5.3,240,4,1021,Not Started,2,Full Possession,1,0,1,3,5.7,30.9,3,5,27.2,0,0,0
LAP-14751,Jharkhand,JHA-5,Highway,Private Agricultural,78.2,37,4,1061,Partially Disbursed,53,Survey Complete,0,0,1,95,8.3,29.3,3,3,57.8,0,1,173
LAP-14752,Punjab,PUN-2,Highway,Private Agricultural,48.3,57,3,969,Not Started,4,Survey Complete,0,0,0,100,8.6,32.3,1,7,40.3,0,0,0
LAP-14753,Karnataka,KAR-3,Renewable Energy,Private Agricultural,4.8,971,1,1289,Not Started,0,Award Declared,1,1,1,66,5.9,54.8,0,8,47.3,0,1,319
LAP-14754,Odisha,ODI-4,Renewable Energy,Private Agricultural,18.8,805,2,18,Not Started,4,Survey Complete,0,0,0,100,6.4,58.2,2,3,73.0,0,0,0
LAP-14755,Punjab,PUN-6,Irrigation,Government,7.1,53,1,672,Partially Disbursed,41,Award Declared,1,0,0,100,5.6,49.7,0,5,100.0,0,0,0
LAP-14756,Madhya Pradesh,MAD-3,Railway,Private Agricultural,68.6,20,6,1342,Partially Disbursed,81,Survey Complete,1,1,1,38,8.2,64.9,3,7,76.8,0,1,223
LAP-14757,Karnataka,KAR-4,Airport,Mixed,49.7,96,1,1418,Partially Disbursed,33,Full Possession,0,0,1,92,5.2,57.1,0,2,25.9,1,0,0
LAP-14758,Haryana,HAR-5,Airport,Tribal,7.0,21,1,597,Partially Disbursed,68,Not Started,0,0,1,13,6.9,58.9,0,5,1.3,0,1,76
LAP-14759,Haryana,HAR-4,Renewable Energy,Forest,53.4,47,5,89,Partially Disbursed,69,Not Started,0,0,1,79,4.6,54.6,0,8,79.5,0,0,0
LAP-14760,Tamil Nadu,TAM-3,Highway,Government,4.7,229,5,1141,Partially Disbursed,70,Survey Complete,1,1,1,33,8.5,54.2,3,8,15.3,1,1,287
LAP-14761,Chhattisgarh,CHH-4,Highway,Private Agricultural,22.4,24,6,1065,Not Started,4,Not Started,3,1,1,1,8.0,89.7,1,6,52.5,0,1,195
LAP-14762,West Bengal,WES-1,Irrigation,Tribal,82.0,386,5,1454,Not Started,5,Award Declared,0,0,1,79,10.0,82.5,2,2,84.0,0,0,0
LAP-14763,Bihar,BIH-5,Urban Development,Forest,767.5,31,1,214,Partially Disbursed,20,Partial Possession,3,0,1,12,5.0,73.4,2,6,6.4,0,0,0
LAP-14764,Odisha,ODI-6,Power Transmission,Private Agricultural,39.2,60,5,1429,Partially Disbursed,29,Full Possession,1,1,1,97,7.6,45.7,3,8,87.4,0,0,0
LAP-14765,Tamil Nadu,TAM-3,Highway,Private Agricultural,329.2,173,3,1279,Partially Disbursed,11,Award Declared,0,0,0,100,3.9,34.4,2,0,28.7,0,0,0
LAP-14766,Telangana,TEL-4,Irrigation,Private Agricultural,4.0,18,1,699,Not Started,4,Survey Complete,0,0,0,100,4.8,71.2,2,3,77.1,0,0,0
LAP-14767,Rajasthan,RAJ-1,Industrial Corridor,Forest,43.5,96,6,1284,Fully Disbursed,91,Award Declared,1,1,0,100,9.5,100.0,2,3,86.4,0,0,0
LAP-14768,Rajasthan,RAJ-4,Urban Development,Private Agricultural,128.3,109,5,1473,Partially Disbursed,34,Full Possession,0,0,1,37,4.1,40.1,0,3,78.3,0,0,0
LAP-14769,Maharashtra,MAH-3,Airport,Private Agricultural,116.1,39,1,339,Fully Disbursed,95,Survey Complete,2,1,1,83,6.3,40.2,0,7,81.3,0,1,164
LAP-14770,Karnataka,KAR-4,Industrial Corridor,Government,65.8,66,3,1310,Partially Disbursed,50,Partial Possession,1,1,1,96,3.4,5.0,2,4,64.2,1,0,0
LAP-14771,Maharashtra,MAH-6,Highway,Tribal,26.0,86,4,136,Not Started,4,Survey Complete,1,1,1,69,6.7,55.2,4,7,39.8,0,1,94
LAP-14772,West Bengal,WES-4,Power Transmission,Private Agricultural,27.7,143,2,885,Partially Disbursed,20,Full Possession,1,1,1,3,6.9,47.9,1,6,70.6,0,0,0
LAP-14773,Chhattisgarh,CHH-6,Renewable Energy,Private Agricultural,2.5,27,1,218,Not Started,0,Award Declared,1,0,1,32,6.2,33.1,1,2,65.3,0,1,159
LAP-14774,Punjab,PUN-2,Irrigation,Mixed,1.4,97,1,1145,Fully Disbursed,90,Award Declared,2,0,0,100,4.6,73.9,3,6,0.0,0,0,0
LAP-14775,Telangana,TEL-4,Renewable Energy,Forest,69.3,36,5,545,Partially Disbursed,78,Award Declared,1,1,0,100,9.0,44.0,0,6,40.2,1,0,0
LAP-14776,Chhattisgarh,CHH-2,Renewable Energy,Private Agricultural,10.0,137,4,1142,Partially Disbursed,30,Not Started,1,1,1,77,6.5,61.8,1,7,63.5,0,0,0
LAP-14777,Uttar Pradesh,UTT-1,Industrial Corridor,Forest,36.9,1217,6,662,Partially Disbursed,62,Award Declared,2,1,1,97,4.2,53.0,0,1,69.9,1,1,48
LAP-14778,Tamil Nadu,TAM-5,Highway,Mixed,6.4,49,4,1022,Fully Disbursed,90,Not Started,0,0,0,100,8.3,78.0,3,7,49.3,0,0,0
LAP-14779,Bihar,BIH-1,Renewable Energy,Private Agricultural,20.6,35,5,114,Partially Disbursed,14,Not Started,0,0,0,100,7.5,85.3,3,0,96.5,0,0,0
LAP-14780,Gujarat,GUJ-5,Highway,Private Agricultural,15.8,194,2,744,Not Started,4,Partial Possession,1,1,1,3,6.1,100.0,4,8,66.1,0,1,102
LAP-14781,Bihar,BIH-2,Urban Development,Forest,32.0,307,2,930,Fully Disbursed,93,Award Declared,1,0,0,100,4.0,67.4,2,7,21.4,1,0,0
LAP-14782,Haryana,HAR-4,Renewable Energy,Government,17.3,170,6,247,Not Started,9,Survey Complete,1,1,0,100,6.0,17.5,3,2,77.8,0,1,105
LAP-14783,Bihar,BIH-5,Airport,Private Agricultural,11.4,25,6,1368,Fully Disbursed,85,Partial Possession,1,0,1,23,4.2,65.2,2,7,16.4,0,0,0
LAP-14784,West Bengal,WES-2,Power Transmission,Private Agricultural,26.8,4,5,933,Fully Disbursed,100,Partial Possession,0,0,0,100,7.6,56.3,3,4,71.9,0,0,0
LAP-14785,Haryana,HAR-3,Industrial Corridor,Forest,27.4,110,5,142,Not Started,1,Survey Complete,3,1,0,100,3.0,89.0,2,7,42.2,1,1,146
LAP-14786,Haryana,HAR-3,Airport,Tribal,98.1,5,4,289,Partially Disbursed,41,Full Possession,1,1,1,77,4.6,74.5,4,0,84.2,1,0,0
LAP-14787,Karnataka,KAR-1,Railway,Private Agricultural,40.0,23,2,1282,Partially Disbursed,38,Award Declared,0,0,0,100,3.9,52.6,0,1,13.8,1,0,0
LAP-14788,Chhattisgarh,CHH-2,Urban Development,Private Agricultural,17.6,65,5,379,Partially Disbursed,38,Award Declared,1,1,0,100,10.0,75.5,0,3,95.1,0,0,0
LAP-14789,Jharkhand,JHA-2,Railway,Forest,137.7,44,3,503,Fully Disbursed,91,Award Declared,0,0,0,100,2.8,37.9,2,3,39.3,0,0,0
LAP-14790,Haryana,HAR-1,Irrigation,Forest,55.6,50,1,1468,Fully Disbursed,90,Not Started,1,1,1,69,6.6,45.7,1,4,88.0,0,0,0
LAP-14791,Chhattisgarh,CHH-4,Irrigation,Private Agricultural,17.2,79,1,1076,Partially Disbursed,12,Partial Possession,2,0,0,100,8.6,47.7,2,6,51.2,0,1,94
LAP-14792,Telangana,TEL-4,Irrigation,Private Agricultural,74.2,82,2,997,Partially Disbursed,46,Full Possession,2,0,1,10,3.1,73.8,1,6,72.8,0,1,466
LAP-14793,Odisha,ODI-2,Railway,Private Agricultural,6.2,62,1,1425,Not Started,9,Award Declared,1,1,0,100,4.3,38.8,3,8,56.2,0,1,37
LAP-14794,Punjab,PUN-2,Renewable Energy,Mixed,8.4,548,6,874,Fully Disbursed,96,Survey Complete,0,0,0,100,6.4,48.3,2,3,5.5,1,0,0
LAP-14795,West Bengal,WES-3,Irrigation,Tribal,11.6,136,1,108,Fully Disbursed,94,Partial Possession,0,0,0,100,4.1,71.4,1,3,72.5,0,0,0
LAP-14796,West Bengal,WES-6,Industrial Corridor,Government,48.9,21,4,1115,Partially Disbursed,30,Not Started,2,0,0,100,3.2,38.8,2,1,64.3,0,0,0
LAP-14797,Odisha,ODI-1,Railway,Forest,9.0,121,6,312,Not Started,9,Not Started,1,0,0,100,7.5,77.9,4,1,26.0,0,0,0
LAP-14798,Uttar Pradesh,UTT-1,Irrigation,Private Agricultural,234.2,9,3,1265,Not Started,2,Partial Possession,1,0,1,72,7.3,49.1,0,8,71.9,1,0,0
LAP-14799,Telangana,TEL-1,Highway,Private Agricultural,8.9,54,5,1266,Partially Disbursed,52,Survey Complete,1,0,0,100,4.7,53.0,0,4,90.7,0,0,0
LAP-14800,Karnataka,KAR-5,Highway,Mixed,70.2,654,5,960,Fully Disbursed,90,Not Started,1,1,1,37,5.0,28.8,0,8,60.0,0,1,72
LAP-14801,Gujarat,GUJ-1,Power Transmission,Private Agricultural,34.5,5,2,847,Partially Disbursed,49,Full Possession,1,1,1,33,8.9,28.2,1,1,78.3,0,0,0
LAP-14802,Telangana,TEL-6,Urban Development,Government,10.5,53,6,943,Fully Disbursed,85,Not Started,2,1,0,100,5.4,65.3,2,3,77.9,0,1,136
LAP-14803,Uttar Pradesh,UTT-5,Railway,Private Agricultural,79.6,8,2,562,Fully Disbursed,97,Partial Possession,3,1,1,17,5.3,39.4,0,0,38.8,0,0,0
LAP-14804,Odisha,ODI-6,Industrial Corridor,Private Agricultural,108.3,69,4,857,Partially Disbursed,49,Partial Possession,1,1,0,100,2.8,41.5,1,2,100.0,0,1,80
LAP-14805,Telangana,TEL-6,Power Transmission,Tribal,21.3,87,5,882,Partially Disbursed,19,Full Possession,0,0,0,100,6.3,48.7,2,7,10.8,0,1,25
LAP-14806,Haryana,HAR-2,Urban Development,Forest,32.8,1224,3,1216,Not Started,9,Partial Possession,0,0,1,88,7.7,61.2,3,7,35.7,0,0,0
LAP-14807,Jharkhand,JHA-3,Power Transmission,Private Agricultural,7.7,68,4,349,Not Started,7,Award Declared,0,0,1,65,5.5,65.7,2,4,50.7,1,0,0
LAP-14808,Madhya Pradesh,MAD-3,Highway,Mixed,173.0,58,4,1447,Partially Disbursed,82,Not Started,2,0,0,100,5.3,68.3,2,0,50.1,1,1,221
LAP-14809,Chhattisgarh,CHH-2,Irrigation,Forest,3.7,53,4,594,Partially Disbursed,59,Full Possession,2,0,0,100,6.9,41.8,0,4,55.6,0,1,86
LAP-14810,Odisha,ODI-6,Urban Development,Tribal,22.8,25,5,1369,Partially Disbursed,69,Not Started,2,1,0,100,8.1,49.6,2,6,90.0,1,0,0
LAP-14811,West Bengal,WES-5,Power Transmission,Private Agricultural,12.0,204,6,857,Partially Disbursed,82,Not Started,1,1,1,14,7.1,62.1,1,2,62.3,0,0,0
LAP-14812,Gujarat,GUJ-6,Railway,Tribal,10.5,36,1,1318,Not Started,9,Partial Possession,0,0,1,63,5.4,44.2,2,6,42.8,0,1,41
LAP-14813,Tamil Nadu,TAM-2,Highway,Government,2.9,28,3,1160,Fully Disbursed,92,Not Started,0,0,0,100,7.5,41.5,2,4,31.7,0,0,0
LAP-14814,Telangana,TEL-3,Highway,Private Agricultural,12.1,72,6,368,Not Started,5,Award Declared,1,0,1,33,5.5,40.8,4,4,85.6,0,0,0
LAP-14815,Tamil Nadu,TAM-3,Power Transmission,Private Agricultural,31.3,154,2,944,Not Started,9,Award Declared,0,0,1,91,8.2,74.4,1,6,40.9,1,0,0
LAP-14816,Rajasthan,RAJ-5,Urban Development,Private Agricultural,52.9,197,3,793,Partially Disbursed,25,Not Started,0,0,1,49,4.0,66.1,2,4,95.6,0,0,0
LAP-14817,Punjab,PUN-1,Highway,Tribal,56.1,99,2,501,Partially Disbursed,13,Not Started,0,0,1,37,9.0,37.1,0,2,80.6,0,0,0
LAP-14818,Gujarat,GUJ-4,Irrigation,Government,34.2,41,3,1145,Not Started,4,Partial Possession,0,0,0,100,5.6,58.1,2,3,83.5,1,0,0
LAP-14819,Telangana,TEL-3,Highway,Government,4.7,10,5,222,Not Started,7,Partial Possession,1,0,0,100,7.5,24.0,0,5,100.0,0,0,0
LAP-14820,Uttar Pradesh,UTT-4,Power Transmission,Tribal,36.9,34,6,1141,Not Started,3,Partial Possession,2,1,0,100,5.9,43.9,0,5,60.4,0,1,325
LAP-14821,Chhattisgarh,CHH-3,Highway,Tribal,7.3,23,1,792,Partially Disbursed,43,Award Declared,2,1,0,100,7.1,45.6,2,4,13.0,0,0,0
LAP-14822,Karnataka,KAR-1,Highway,Mixed,102.2,73,5,1417,Partially Disbursed,15,Full Possession,1,0,0,100,5.6,49.0,2,6,19.7,0,1,7
LAP-14823,Tamil Nadu,TAM-4,Railway,Tribal,32.4,228,4,475,Not Started,4,Survey Complete,3,0,1,46,7.7,42.9,2,4,65.6,0,1,238
LAP-14824,Bihar,BIH-5,Urban Development,Tribal,38.4,211,2,228,Partially Disbursed,57,Survey Complete,4,0,1,26,4.8,43.0,1,7,53.0,0,0,0
LAP-14825,Maharashtra,MAH-4,Urban Development,Mixed,15.6,56,4,646,Not Started,5,Partial Possession,1,1,0,100,9.4,44.2,0,4,50.2,1,0,0
LAP-14826,Punjab,PUN-2,Irrigation,Mixed,408.5,38,5,1308,Fully Disbursed,98,Not Started,1,1,0,100,7.1,100.0,1,5,57.7,0,0,0
LAP-14827,Telangana,TEL-2,Highway,Tribal,45.2,20,6,225,Fully Disbursed,97,Survey Complete,5,1,1,97,7.8,78.1,3,2,83.2,1,0,0
LAP-14828,Uttar Pradesh,UTT-5,Industrial Corridor,Private Agricultural,39.7,31,1,1433,Not Started,1,Full Possession,1,1,1,23,4.7,71.3,4,8,55.9,1,0,0
LAP-14829,Punjab,PUN-3,Highway,Private Agricultural,81.1,154,6,220,Fully Disbursed,89,Award Declared,0,0,1,77,4.9,50.8,2,1,39.5,0,0,0
LAP-14830,Rajasthan,RAJ-3,Power Transmission,Private Agricultural,67.4,82,3,1415,Partially Disbursed,44,Partial Possession,0,0,0,100,10.0,42.0,2,0,48.1,0,0,0
LAP-14831,Punjab,PUN-2,Power Transmission,Private Agricultural,37.4,30,5,1465,Partially Disbursed,39,Full Possession,1,1,1,55,5.4,71.1,6,3,41.1,0,0,0
LAP-14832,Punjab,PUN-1,Highway,Tribal,111.2,12,4,668,Fully Disbursed,93,Not Started,2,0,0,100,7.3,73.5,1,6,59.8,0,1,45
LAP-14833,Gujarat,GUJ-2,Power Transmission,Mixed,12.3,32,5,1088,Fully Disbursed,89,Partial Possession,1,0,0,100,6.5,73.9,1,2,78.8,1,0,0
LAP-14834,Tamil Nadu,TAM-2,Renewable Energy,Private Agricultural,19.2,146,2,1083,Partially Disbursed,77,Survey Complete,2,1,1,46,7.3,49.7,3,1,34.1,1,0,0
LAP-14835,Haryana,HAR-4,Renewable Energy,Government,6.4,11,6,389,Not Started,5,Survey Complete,0,0,0,100,6.3,80.6,7,5,35.9,0,1,352
LAP-14836,Jharkhand,JHA-2,Renewable Energy,Private Agricultural,25.7,74,6,638,Fully Disbursed,90,Survey Complete,0,0,0,100,4.8,88.2,3,5,35.2,0,0,0
LAP-14837,Odisha,ODI-1,Urban Development,Government,36.9,38,4,1188,Not Started,3,Full Possession,1,1,1,39,5.2,64.7,2,0,81.7,1,0,0
LAP-14838,Odisha,ODI-5,Irrigation,Forest,2.1,28,6,1329,Partially Disbursed,29,Partial Possession,2,1,1,0,8.2,57.0,2,3,71.5,0,1,55
LAP-14839,Bihar,BIH-4,Urban Development,Private Agricultural,92.6,42,4,282,Fully Disbursed,85,Partial Possession,1,1,0,100,10.0,18.6,2,6,30.6,0,1,64
LAP-14840,Bihar,BIH-1,Airport,Tribal,53.1,71,5,761,Not Started,2,Not Started,1,0,1,53,9.2,80.0,3,0,15.3,0,0,0
LAP-14841,Gujarat,GUJ-2,Highway,Government,24.1,36,5,903,Partially Disbursed,67,Survey Complete,0,0,1,75,2.1,54.0,3,5,37.9,0,0,0
LAP-14842,Madhya Pradesh,MAD-2,Renewable Energy,Government,65.0,155,1,856,Partially Disbursed,67,Partial Possession,0,0,0,100,6.5,45.9,3,3,63.5,0,0,0
LAP-14843,Uttar Pradesh,UTT-3,Industrial Corridor,Mixed,8.3,125,6,1107,Partially Disbursed,68,Partial Possession,1,0,0,100,7.8,61.1,5,6,49.6,1,0,0
LAP-14844,Odisha,ODI-1,Highway,Private Agricultural,5.8,23,2,652,Partially Disbursed,31,Award Declared,0,0,1,5,10.0,61.1,0,5,69.2,0,0,0
LAP-14845,Haryana,HAR-5,Highway,Private Agricultural,34.9,148,3,1366,Fully Disbursed,99,Award Declared,1,1,0,100,2.4,50.6,1,0,79.0,0,0,0
LAP-14846,Madhya Pradesh,MAD-3,Urban Development,Government,30.7,46,4,787,Not Started,0,Partial Possession,0,0,0,100,6.6,30.4,2,3,77.8,0,0,0
LAP-14847,Gujarat,GUJ-4,Airport,Mixed,19.3,275,6,489,Not Started,4,Partial Possession,0,0,0,100,6.9,72.0,2,2,50.4,0,0,0
LAP-14848,Punjab,PUN-6,Railway,Forest,28.4,189,5,456,Partially Disbursed,33,Partial Possession,1,0,0,100,8.2,51.4,1,7,15.8,0,0,0
LAP-14849,Gujarat,GUJ-4,Urban Development,Forest,106.7,827,5,21,Not Started,8,Full Possession,1,1,0,100,5.3,64.3,2,5,41.2,0,0,0
LAP-14850,Tamil Nadu,TAM-4,Irrigation,Forest,24.2,38,6,1453,Partially Disbursed,28,Partial Possession,3,1,0,100,4.7,56.6,2,4,30.3,1,0,0
LAP-14851,Telangana,TEL-2,Power Transmission,Government,44.7,173,2,312,Partially Disbursed,63,Award Declared,0,0,0,100,2.5,19.4,2,1,45.0,0,1,239
LAP-14852,Rajasthan,RAJ-3,Industrial Corridor,Private Agricultural,43.9,56,1,302,Fully Disbursed,85,Partial Possession,0,0,1,4,6.5,64.8,1,2,0.0,0,0,0
LAP-14853,Odisha,ODI-5,Power Transmission,Mixed,91.2,38,2,960,Fully Disbursed,88,Partial Possession,0,0,0,100,5.4,26.1,7,1,50.3,1,0,0
LAP-14854,Tamil Nadu,TAM-2,Urban Development,Government,12.8,149,6,926,Not Started,1,Not Started,1,1,0,100,8.5,51.2,1,4,66.7,1,0,0
LAP-14855,Punjab,PUN-1,Renewable Energy,Government,104.7,119,1,848,Partially Disbursed,35,Partial Possession,1,1,1,86,5.5,65.0,1,1,5.3,1,1,16
LAP-14856,Rajasthan,RAJ-1,Railway,Private Agricultural,12.0,59,2,1398,Not Started,8,Not Started,2,1,1,71,3.5,59.9,4,2,56.1,0,0,0
LAP-14857,Telangana,TEL-4,Industrial Corridor,Private Agricultural,16.4,46,6,494,Not Started,2,Partial Possession,0,0,0,100,4.6,59.3,2,6,67.5,0,0,0
LAP-14858,West Bengal,WES-6,Irrigation,Tribal,17.7,167,1,465,Fully Disbursed,90,Award Declared,2,1,1,24,5.5,58.2,2,0,81.2,0,0,0
LAP-14859,Uttar Pradesh,UTT-3,Irrigation,Private Agricultural,45.2,338,5,1325,Partially Disbursed,33,Survey Complete,1,1,1,68,6.7,40.1,0,1,40.2,1,0,0
LAP-14860,Uttar Pradesh,UTT-3,Irrigation,Private Agricultural,10.3,57,6,932,Fully Disbursed,98,Partial Possession,0,0,1,48,5.6,54.2,3,6,63.5,0,0,0
LAP-14861,Rajasthan,RAJ-5,Urban Development,Forest,95.7,73,1,190,Partially Disbursed,66,Survey Complete,2,1,0,100,5.2,33.2,2,2,37.4,0,0,0
LAP-14862,Bihar,BIH-1,Irrigation,Private Agricultural,10.3,346,5,1381,Fully Disbursed,100,Partial Possession,1,1,1,64,8.8,14.7,1,0,38.2,0,0,0
LAP-14863,Gujarat,GUJ-2,Highway,Private Agricultural,70.6,70,3,1431,Partially Disbursed,12,Award Declared,0,0,0,100,10.0,52.3,4,6,45.2,0,0,0
LAP-14864,Karnataka,KAR-5,Highway,Private Agricultural,75.1,9,4,288,Not Started,2,Full Possession,0,0,0,100,3.4,66.7,3,1,49.0,1,0,0
LAP-14865,Odisha,ODI-3,Urban Development,Private Agricultural,25.5,133,6,818,Partially Disbursed,20,Not Started,1,1,1,49,6.8,25.0,1,6,67.1,0,1,21
LAP-14866,Telangana,TEL-3,Renewable Energy,Private Agricultural,24.9,189,1,238,Fully Disbursed,86,Survey Complete,0,0,0,100,8.1,58.1,1,0,70.3,0,0,0
LAP-14867,Tamil Nadu,TAM-3,Irrigation,Government,65.8,56,2,369,Partially Disbursed,40,Partial Possession,3,0,1,96,5.2,70.7,2,1,43.4,0,0,0
LAP-14868,Gujarat,GUJ-6,Irrigation,Private Agricultural,25.3,64,2,1383,Not Started,1,Survey Complete,0,0,0,100,6.4,87.1,2,6,100.0,0,0,0
LAP-14869,Odisha,ODI-5,Irrigation,Private Agricultural,260.1,79,6,68,Partially Disbursed,40,Full Possession,0,0,1,79,5.6,51.8,3,8,42.2,1,0,0
LAP-14870,Punjab,PUN-5,Urban Development,Tribal,225.0,31,6,522,Partially Disbursed,35,Partial Possession,0,0,0,100,4.0,100.0,2,1,47.7,1,0,0
LAP-14871,Tamil Nadu,TAM-1,Airport,Private Agricultural,146.3,42,1,419,Not Started,7,Survey Complete,0,0,1,25,5.3,73.9,4,5,70.2,0,0,0
LAP-14872,Punjab,PUN-1,Industrial Corridor,Tribal,26.5,117,1,1444,Fully Disbursed,87,Survey Complete,0,0,1,19,6.8,60.7,5,0,76.0,1,0,0
LAP-14873,Telangana,TEL-2,Irrigation,Private Agricultural,8.7,34,4,792,Partially Disbursed,65,Award Declared,2,1,0,100,6.7,35.9,1,1,57.8,0,0,0
LAP-14874,Maharashtra,MAH-3,Power Transmission,Government,7.2,24,6,1008,Partially Disbursed,17,Survey Complete,0,0,1,96,8.6,47.5,3,5,55.3,0,0,0
LAP-14875,Madhya Pradesh,MAD-3,Railway,Tribal,36.8,27,5,820,Not Started,6,Award Declared,2,0,0,100,4.6,36.3,4,0,41.8,1,0,0
LAP-14876,Telangana,TEL-3,Railway,Forest,20.3,151,1,334,Not Started,4,Survey Complete,1,0,1,12,5.2,28.0,0,5,66.8,0,1,78
LAP-14877,Maharashtra,MAH-3,Industrial Corridor,Government,72.6,56,6,204,Not Started,6,Full Possession,0,0,0,100,9.2,42.8,2,3,100.0,0,0,0
LAP-14878,Gujarat,GUJ-1,Urban Development,Private Agricultural,17.1,120,1,615,Not Started,2,Partial Possession,1,1,0,100,4.4,62.4,1,1,62.3,1,1,39
LAP-14879,Jharkhand,JHA-5,Railway,Private Agricultural,14.9,57,4,585,Fully Disbursed,86,Survey Complete,1,1,0,100,6.8,46.7,0,2,19.1,0,0,0
LAP-14880,Jharkhand,JHA-2,Urban Development,Private Agricultural,49.4,18,3,1064,Partially Disbursed,14,Partial Possession,0,0,1,35,7.9,58.5,1,6,11.1,0,0,0
LAP-14881,Chhattisgarh,CHH-5,Industrial Corridor,Private Agricultural,159.5,10,6,118,Fully Disbursed,93,Partial Possession,1,1,1,59,5.7,77.4,4,0,50.7,1,0,0
LAP-14882,Madhya Pradesh,MAD-3,Industrial Corridor,Private Agricultural,11.1,75,4,290,Not Started,2,Full Possession,0,0,0,100,8.8,85.1,1,1,45.6,0,0,0
LAP-14883,Uttar Pradesh,UTT-2,Industrial Corridor,Private Agricultural,17.6,230,4,707,Not Started,3,Not Started,3,1,0,100,2.8,58.9,2,6,13.0,1,0,0
LAP-14884,Tamil Nadu,TAM-1,Railway,Tribal,19.3,9,2,1464,Not Started,6,Award Declared,1,0,1,91,7.9,35.1,0,3,69.2,0,0,0
LAP-14885,Tamil Nadu,TAM-3,Railway,Private Agricultural,24.7,41,2,342,Not Started,4,Award Declared,1,0,0,100,7.3,67.1,0,6,98.8,0,1,101
LAP-14886,Tamil Nadu,TAM-1,Urban Development,Forest,31.7,441,3,1283,Not Started,3,Survey Complete,0,0,0,100,5.9,98.0,4,7,51.9,1,1,64
LAP-14887,Jharkhand,JHA-2,Airport,Private Agricultural,8.9,38,3,1352,Partially Disbursed,35,Survey Complete,0,0,0,100,6.6,52.5,4,5,33.3,1,0,0
LAP-14888,Telangana,TEL-4,Highway,Private Agricultural,16.2,117,5,469,Partially Disbursed,35,Partial Possession,0,0,0,100,3.1,82.9,2,6,69.5,0,0,0
LAP-14889,Haryana,HAR-3,Irrigation,Government,4.4,418,4,860,Not Started,0,Survey Complete,2,1,0,100,4.9,85.6,1,8,64.3,0,1,99
LAP-14890,Uttar Pradesh,UTT-4,Railway,Government,4.0,502,2,481,Fully Disbursed,95,Partial Possession,0,0,0,100,3.8,87.0,2,6,43.5,1,1,155
LAP-14891,Odisha,ODI-3,Railway,Mixed,5.4,44,5,468,Fully Disbursed,100,Award Declared,2,1,0,100,4.3,77.7,2,6,30.0,1,1,110
LAP-14892,Uttar Pradesh,UTT-3,Industrial Corridor,Government,156.0,29,6,1400,Partially Disbursed,30,Not Started,0,0,0,100,8.0,69.7,1,1,44.8,1,0,0
LAP-14893,Madhya Pradesh,MAD-5,Highway,Private Agricultural,5.7,16,6,1446,Partially Disbursed,56,Award Declared,0,0,1,43,3.0,34.6,5,8,71.2,1,1,156
LAP-14894,Telangana,TEL-1,Urban Development,Mixed,50.9,31,1,594,Not Started,5,Survey Complete,0,0,1,61,8.4,39.9,4,4,67.6,1,1,9
LAP-14895,Chhattisgarh,CHH-6,Urban Development,Forest,29.1,44,2,1492,Not Started,8,Award Declared,3,0,1,98,6.7,60.4,2,1,59.1,1,0,0
LAP-14896,Chhattisgarh,CHH-6,Irrigation,Private Agricultural,24.1,119,3,697,Partially Disbursed,18,Award Declared,0,0,0,100,8.7,52.6,2,1,27.0,0,0,0
LAP-14897,Uttar Pradesh,UTT-6,Irrigation,Tribal,24.9,60,6,1484,Fully Disbursed,96,Partial Possession,2,0,1,71,6.3,78.6,0,7,28.1,1,1,41
LAP-14898,Jharkhand,JHA-3,Power Transmission,Tribal,20.5,20,6,1230,Not Started,3,Full Possession,3,1,0,100,4.3,60.0,4,7,25.0,0,1,120
LAP-14899,Bihar,BIH-6,Urban Development,Private Agricultural,4.2,104,6,1218,Not Started,8,Award Declared,0,0,0,100,3.3,5.0,1,2,76.1,0,0,0
LAP-14900,Rajasthan,RAJ-4,Urban Development,Private Agricultural,1.4,11,2,27,Partially Disbursed,33,Full Possession,0,0,0,100,6.3,89.6,1,8,98.5,0,0,0
LAP-14901,Jharkhand,JHA-2,Urban Development,Government,10.9,9,4,1185,Fully Disbursed,85,Not Started,0,0,0,100,7.3,73.4,2,6,78.3,1,0,0
LAP-14902,Madhya Pradesh,MAD-5,Irrigation,Private Agricultural,28.7,89,4,431,Not Started,7,Award Declared,0,0,1,79,4.4,89.7,0,4,67.3,0,0,0
LAP-14903,Rajasthan,RAJ-2,Highway,Private Agricultural,101.8,468,1,1181,Partially Disbursed,20,Award Declared,0,0,0,100,4.6,59.5,0,5,82.2,0,0,0
LAP-14904,Madhya Pradesh,MAD-3,Highway,Private Agricultural,28.1,208,5,545,Not Started,7,Full Possession,1,1,0,100,3.1,63.4,2,2,55.9,0,0,0
LAP-14905,Punjab,PUN-3,Renewable Energy,Tribal,5.0,19,4,203,Partially Disbursed,51,Award Declared,1,0,1,92,7.7,58.3,2,4,78.8,0,0,0
LAP-14906,Tamil Nadu,TAM-2,Industrial Corridor,Tribal,351.0,30,2,310,Partially Disbursed,24,Not Started,0,0,1,16,5.6,48.4,3,2,48.6,0,0,0
LAP-14907,Tamil Nadu,TAM-5,Industrial Corridor,Mixed,2.4,46,4,643,Partially Disbursed,53,Full Possession,2,1,0,100,8.1,98.2,1,0,71.8,0,0,0
LAP-14908,Haryana,HAR-1,Airport,Private Agricultural,4.1,39,4,899,Fully Disbursed,95,Award Declared,1,0,1,39,5.3,42.0,1,2,100.0,0,0,0
LAP-14909,Rajasthan,RAJ-3,Highway,Private Agricultural,51.6,194,1,739,Fully Disbursed,92,Award Declared,0,0,1,0,9.3,73.3,0,3,79.9,0,0,0
LAP-14910,Uttar Pradesh,UTT-6,Urban Development,Forest,67.5,246,1,1349,Fully Disbursed,87,Not Started,2,1,0,100,6.9,45.3,0,8,61.9,1,1,96
LAP-14911,Punjab,PUN-6,Industrial Corridor,Private Agricultural,22.4,55,4,941,Not Started,1,Partial Possession,1,1,0,100,8.6,71.5,2,1,12.6,0,0,0
LAP-14912,West Bengal,WES-3,Highway,Tribal,26.0,110,6,705,Fully Disbursed,89,Partial Possession,1,0,0,100,7.8,39.6,0,7,71.1,1,0,0
LAP-14913,Karnataka,KAR-5,Urban Development,Private Agricultural,18.8,47,2,320,Not Started,8,Not Started,1,1,1,19,6.6,65.6,3,5,45.2,0,1,39
LAP-14914,Uttar Pradesh,UTT-6,Industrial Corridor,Government,1.2,12,3,515,Not Started,6,Not Started,0,0,0,100,6.2,33.0,3,4,80.9,0,0,0
LAP-14915,Rajasthan,RAJ-1,Highway,Forest,65.4,66,1,353,Not Started,6,Partial Possession,0,0,1,70,5.4,76.7,1,8,62.5,1,0,0
LAP-14916,Karnataka,KAR-4,Urban Development,Private Agricultural,27.1,10,3,1256,Not Started,6,Not Started,2,1,0,100,6.0,62.3,2,6,61.8,0,1,498
LAP-14917,Chhattisgarh,CHH-1,Urban Development,Private Agricultural,44.3,153,1,114,Partially Disbursed,81,Not Started,1,1,0,100,5.3,47.2,4,0,22.2,0,0,0
LAP-14918,Karnataka,KAR-4,Renewable Energy,Tribal,6.1,270,3,630,Fully Disbursed,99,Partial Possession,4,1,0,100,8.6,76.8,3,7,50.8,0,1,52
LAP-14919,West Bengal,WES-3,Industrial Corridor,Forest,78.4,42,6,1213,Partially Disbursed,61,Partial Possession,0,0,1,18,4.3,31.2,2,7,99.3,1,1,521
LAP-14920,Haryana,HAR-6,Highway,Private Agricultural,36.4,102,4,792,Not Started,1,Partial Possession,0,0,1,78,8.6,71.8,2,1,32.9,1,0,0
LAP-14921,Uttar Pradesh,UTT-1,Power Transmission,Private Agricultural,6.7,22,2,59,Not Started,0,Survey Complete,0,0,1,63,5.8,65.0,2,4,51.6,1,0,0
LAP-14922,Tamil Nadu,TAM-2,Power Transmission,Private Agricultural,4.7,111,3,137,Not Started,7,Not Started,0,0,1,77,9.0,63.7,2,8,42.4,0,0,0
LAP-14923,Karnataka,KAR-5,Power Transmission,Private Agricultural,44.7,25,1,1087,Not Started,5,Partial Possession,1,1,0,100,6.6,28.4,0,3,100.0,0,1,47
LAP-14924,Tamil Nadu,TAM-4,Renewable Energy,Tribal,1.7,65,5,340,Not Started,1,Survey Complete,1,1,1,77,6.5,31.3,2,6,51.3,0,1,123
LAP-14925,Chhattisgarh,CHH-1,Irrigation,Private Agricultural,66.9,216,3,165,Partially Disbursed,81,Survey Complete,1,0,1,78,7.0,61.3,1,4,12.8,0,0,0
LAP-14926,Jharkhand,JHA-2,Irrigation,Private Agricultural,117.7,22,1,1306,Fully Disbursed,89,Not Started,1,1,0,100,7.5,88.5,5,0,64.0,1,0,0
LAP-14927,Telangana,TEL-6,Urban Development,Private Agricultural,11.8,7,6,61,Not Started,9,Full Possession,1,1,0,100,5.9,79.4,1,4,33.8,0,0,0
LAP-14928,West Bengal,WES-2,Renewable Energy,Forest,3.2,147,3,1322,Fully Disbursed,88,Award Declared,0,0,0,100,6.3,66.4,3,7,29.9,0,1,22
LAP-14929,Gujarat,GUJ-2,Power Transmission,Private Agricultural,101.1,30,4,984,Fully Disbursed,88,Full Possession,1,1,1,98,8.6,26.1,3,0,54.9,0,0,0
LAP-14930,Chhattisgarh,CHH-1,Highway,Government,101.5,39,4,70,Not Started,1,Not Started,1,0,0,100,4.2,40.2,1,1,50.4,0,1,28
LAP-14931,Madhya Pradesh,MAD-5,Railway,Private Agricultural,3.6,123,6,495,Not Started,9,Award Declared,0,0,1,42,6.7,43.8,1,0,66.3,0,0,0
LAP-14932,Odisha,ODI-6,Irrigation,Forest,119.8,63,4,968,Fully Disbursed,95,Partial Possession,1,0,0,100,7.3,40.7,1,7,76.3,0,1,71
LAP-14933,Jharkhand,JHA-4,Highway,Tribal,92.4,246,6,122,Fully Disbursed,90,Partial Possession,1,1,1,71,4.8,60.2,1,1,43.3,1,0,0
LAP-14934,Chhattisgarh,CHH-4,Industrial Corridor,Private Agricultural,139.9,21,3,797,Not Started,5,Survey Complete,1,1,0,100,6.0,31.9,6,1,75.7,1,0,0
LAP-14935,Madhya Pradesh,MAD-2,Railway,Private Agricultural,27.6,42,5,1377,Not Started,4,Award Declared,0,0,0,100,5.7,81.8,1,8,49.6,0,0,0
LAP-14936,Karnataka,KAR-5,Urban Development,Private Agricultural,29.1,157,4,465,Partially Disbursed,44,Award Declared,0,0,1,65,5.0,94.1,1,6,49.1,0,0,0
LAP-14937,Jharkhand,JHA-1,Renewable Energy,Government,32.6,12,6,484,Not Started,3,Partial Possession,1,0,0,100,4.4,69.9,3,8,68.6,0,0,0
LAP-14938,Punjab,PUN-6,Railway,Private Agricultural,13.8,31,3,748,Partially Disbursed,68,Partial Possession,0,0,1,32,4.4,77.2,0,0,62.2,0,0,0
LAP-14939,Bihar,BIH-1,Urban Development,Private Agricultural,43.6,62,4,561,Not Started,0,Not Started,1,1,0,100,4.7,76.4,4,5,0.0,0,0,0
LAP-14940,Jharkhand,JHA-1,Urban Development,Private Agricultural,240.9,188,1,962,Partially Disbursed,37,Survey Complete,0,0,1,95,5.4,37.0,3,1,67.3,1,0,0
LAP-14941,Odisha,ODI-4,Highway,Tribal,84.6,140,5,355,Not Started,6,Not Started,2,0,0,100,8.0,60.6,4,5,17.4,0,0,0
LAP-14942,Bihar,BIH-1,Highway,Private Agricultural,17.0,24,6,167,Not Started,8,Survey Complete,0,0,1,77,5.8,58.5,0,5,31.4,0,0,0
LAP-14943,Madhya Pradesh,MAD-1,Highway,Mixed,44.3,24,3,1477,Fully Disbursed,92,Survey Complete,1,1,0,100,5.9,87.2,5,1,85.6,0,0,0
LAP-14944,Punjab,PUN-3,Highway,Forest,6.3,3,6,189,Fully Disbursed,93,Partial Possession,0,0,1,79,5.3,48.4,2,1,51.7,0,0,0
LAP-14945,West Bengal,WES-6,Industrial Corridor,Private Agricultural,6.9,209,4,269,Not Started,4,Not Started,1,0,1,58,6.6,40.2,3,2,28.2,0,0,0
LAP-14946,Gujarat,GUJ-2,Irrigation,Forest,20.1,25,2,1001,Partially Disbursed,59,Survey Complete,4,1,0,100,6.0,56.9,2,8,87.8,0,0,0
LAP-14947,Telangana,TEL-1,Irrigation,Private Agricultural,149.8,37,1,586,Partially Disbursed,42,Partial Possession,2,0,1,69,7.8,56.4,5,7,70.0,0,1,111
LAP-14948,Haryana,HAR-2,Railway,Forest,37.7,421,5,793,Fully Disbursed,98,Not Started,1,0,0,100,6.4,77.8,1,0,46.0,1,0,0
LAP-14949,West Bengal,WES-5,Highway,Private Agricultural,6.8,13,6,1182,Partially Disbursed,46,Not Started,3,1,1,98,6.8,42.0,2,7,18.8,0,1,102
LAP-14950,Odisha,ODI-6,Power Transmission,Mixed,92.3,32,3,16,Partially Disbursed,12,Partial Possession,1,1,0,100,3.9,84.0,2,1,26.2,0,0,0
LAP-14951,Bihar,BIH-1,Urban Development,Private Agricultural,6.8,11,6,1030,Partially Disbursed,32,Partial Possession,0,0,0,100,3.5,53.1,1,7,82.1,0,0,0
LAP-14952,Gujarat,GUJ-6,Highway,Forest,9.3,42,3,153,Partially Disbursed,51,Award Declared,1,0,0,100,6.6,100.0,4,1,26.2,0,0,0
LAP-14953,Maharashtra,MAH-1,Irrigation,Private Agricultural,71.8,60,1,238,Not Started,0,Award Declared,0,0,0,100,3.2,64.8,2,1,89.5,0,0,0
LAP-14954,Maharashtra,MAH-3,Airport,Private Agricultural,27.4,22,1,1272,Not Started,9,Survey Complete,1,0,1,71,4.5,60.7,0,5,12.4,1,0,0
LAP-14955,Telangana,TEL-1,Highway,Government,25.9,35,3,800,Partially Disbursed,34,Partial Possession,1,1,0,100,6.8,22.9,1,5,45.3,1,0,0
LAP-14956,Rajasthan,RAJ-4,Industrial Corridor,Government,6.3,9,3,414,Not Started,8,Full Possession,1,1,0,100,7.2,56.9,4,0,20.6,1,0,0
LAP-14957,Tamil Nadu,TAM-1,Urban Development,Private Agricultural,15.4,17,6,407,Partially Disbursed,36,Survey Complete,0,0,0,100,8.3,66.6,3,1,60.5,1,0,0
LAP-14958,Odisha,ODI-2,Power Transmission,Mixed,1.0,14,4,602,Partially Disbursed,42,Survey Complete,2,1,0,100,5.5,67.7,6,1,39.8,1,1,30
LAP-14959,Uttar Pradesh,UTT-4,Urban Development,Private Agricultural,211.6,22,1,902,Partially Disbursed,16,Partial Possession,0,0,1,18,9.0,57.4,3,2,12.0,0,0,0
LAP-14960,Haryana,HAR-6,Irrigation,Private Agricultural,48.8,98,2,834,Not Started,1,Award Declared,0,0,0,100,7.1,92.9,1,3,71.4,0,0,0
LAP-14961,Bihar,BIH-5,Industrial Corridor,Private Agricultural,10.2,141,2,588,Not Started,1,Partial Possession,0,0,0,100,2.3,71.8,3,6,51.6,0,0,0
LAP-14962,Haryana,HAR-6,Highway,Private Agricultural,23.3,6,1,1211,Not Started,5,Survey Complete,3,0,0,100,1.9,61.5,5,1,32.2,0,1,52
LAP-14963,Jharkhand,JHA-5,Irrigation,Tribal,31.1,19,2,23,Partially Disbursed,55,Not Started,0,0,0,100,5.7,63.0,1,1,11.1,1,0,0
LAP-14964,Karnataka,KAR-6,Irrigation,Tribal,3.3,349,3,752,Fully Disbursed,94,Survey Complete,1,1,1,22,2.7,35.2,1,7,39.2,1,1,74
LAP-14965,Tamil Nadu,TAM-4,Urban Development,Tribal,9.4,22,4,67,Not Started,3,Partial Possession,1,0,0,100,5.6,44.9,2,1,61.0,0,0,0
LAP-14966,West Bengal,WES-3,Railway,Private Agricultural,3.8,106,1,99,Partially Disbursed,16,Survey Complete,1,1,1,8,9.5,90.2,2,3,10.3,0,0,0
LAP-14967,Maharashtra,MAH-2,Industrial Corridor,Private Agricultural,175.8,3,2,575,Fully Disbursed,93,Full Possession,0,0,1,50,6.6,72.4,2,2,52.7,0,0,0
LAP-14968,Punjab,PUN-3,Urban Development,Private Agricultural,12.1,127,1,1317,Partially Disbursed,38,Survey Complete,1,1,0,100,7.4,47.1,1,3,22.7,1,0,0
LAP-14969,Bihar,BIH-2,Power Transmission,Government,42.5,112,1,1456,Not Started,8,Not Started,2,1,0,100,3.9,65.3,4,2,85.8,0,0,0
LAP-14970,Karnataka,KAR-1,Airport,Forest,50.0,26,5,1160,Partially Disbursed,36,Survey Complete,3,1,1,96,6.9,96.7,2,1,43.6,0,0,0
LAP-14971,Rajasthan,RAJ-4,Highway,Private Agricultural,30.5,80,5,1351,Fully Disbursed,100,Award Declared,1,1,0,100,6.1,100.0,2,5,43.0,0,0,0
LAP-14972,Punjab,PUN-1,Power Transmission,Government,8.4,61,6,1382,Not Started,3,Full Possession,0,0,0,100,10.0,76.4,4,3,74.3,1,0,0
LAP-14973,Tamil Nadu,TAM-5,Irrigation,Tribal,151.4,45,2,799,Not Started,7,Full Possession,1,0,1,28,5.6,43.2,3,6,41.2,1,0,0
LAP-14974,Tamil Nadu,TAM-5,Urban Development,Private Agricultural,1.8,150,2,859,Partially Disbursed,17,Not Started,0,0,1,11,6.8,61.2,4,4,62.9,0,0,0
LAP-14975,Bihar,BIH-4,Power Transmission,Private Agricultural,7.6,49,2,388,Partially Disbursed,36,Full Possession,1,1,1,100,10.0,33.1,5,6,30.8,1,1,130
LAP-14976,Telangana,TEL-4,Irrigation,Private Agricultural,217.6,91,1,1167,Fully Disbursed,89,Award Declared,0,0,0,100,6.6,69.2,1,8,53.2,1,0,0
LAP-14977,Odisha,ODI-4,Railway,Private Agricultural,91.7,17,6,1146,Partially Disbursed,17,Not Started,1,1,0,100,5.0,37.4,1,2,66.2,0,0,0
LAP-14978,Telangana,TEL-1,Power Transmission,Forest,18.2,26,2,424,Partially Disbursed,72,Not Started,3,1,0,100,6.5,85.6,4,8,54.7,0,1,6
LAP-14979,Odisha,ODI-3,Highway,Forest,49.6,26,4,455,Partially Disbursed,33,Partial Possession,1,1,0,100,10.0,32.3,2,2,84.5,0,0,0
LAP-14980,Bihar,BIH-4,Renewable Energy,Tribal,3.7,19,6,842,Partially Disbursed,23,Award Declared,0,0,0,100,6.9,63.2,3,3,42.4,1,0,0
LAP-14981,Chhattisgarh,CHH-3,Highway,Forest,32.7,175,4,1039,Not Started,2,Survey Complete,0,0,0,100,7.8,50.4,0,5,60.1,0,0,0
LAP-14982,Rajasthan,RAJ-5,Airport,Tribal,5.6,69,2,267,Not Started,6,Partial Possession,2,0,1,33,6.7,83.6,0,7,89.6,0,1,123
LAP-14983,Maharashtra,MAH-3,Power Transmission,Private Agricultural,19.0,55,6,1082,Fully Disbursed,95,Full Possession,0,0,1,51,8.5,54.7,3,8,81.2,0,1,246
LAP-14984,Telangana,TEL-4,Highway,Private Agricultural,7.6,11,3,1479,Not Started,7,Not Started,1,0,1,54,5.0,73.2,5,7,36.3,0,0,0
LAP-14985,Bihar,BIH-3,Industrial Corridor,Private Agricultural,44.6,29,2,673,Partially Disbursed,60,Not Started,0,0,1,99,10.0,47.5,1,7,58.2,0,0,0
LAP-14986,Karnataka,KAR-3,Railway,Forest,35.0,23,6,186,Partially Disbursed,83,Award Declared,1,1,1,5,6.6,40.9,2,1,39.5,0,1,421
LAP-14987,Gujarat,GUJ-6,Power Transmission,Forest,35.2,67,4,274,Partially Disbursed,23,Not Started,1,1,0,100,6.5,65.4,3,4,27.3,1,0,0
LAP-14988,Haryana,HAR-6,Urban Development,Mixed,10.5,26,1,808,Not Started,2,Survey Complete,0,0,0,100,5.9,53.7,2,8,68.4,0,0,0
LAP-14989,Maharashtra,MAH-4,Railway,Forest,18.1,24,4,385,Partially Disbursed,35,Partial Possession,1,0,0,100,6.8,76.2,2,1,79.4,0,0,0
LAP-14990,Madhya Pradesh,MAD-6,Power Transmission,Forest,25.5,79,1,315,Partially Disbursed,56,Full Possession,0,0,0,100,7.3,83.2,0,8,100.0,0,0,0
LAP-14991,Gujarat,GUJ-5,Railway,Private Agricultural,13.7,32,3,1498,Not Started,7,Award Declared,0,0,1,83,5.0,84.0,3,1,53.6,0,0,0
LAP-14992,Rajasthan,RAJ-4,Urban Development,Government,22.3,16,6,145,Fully Disbursed,87,Full Possession,0,0,1,9,8.8,48.3,1,4,71.8,0,0,0
LAP-14993,Gujarat,GUJ-4,Airport,Government,21.1,326,4,1433,Partially Disbursed,11,Full Possession,1,1,0,100,5.9,60.9,1,6,71.5,0,1,122
LAP-14994,Telangana,TEL-5,Urban Development,Tribal,52.7,32,1,471,Not Started,2,Not Started,1,1,1,26,8.8,54.0,1,3,88.0,0,0,0
LAP-14995,Maharashtra,MAH-5,Renewable Energy,Private Agricultural,29.7,97,1,1401,Partially Disbursed,42,Award Declared,0,0,0,100,6.5,89.2,1,4,79.1,1,0,0
LAP-14996,Maharashtra,MAH-5,Power Transmission,Private Agricultural,57.2,57,2,1463,Partially Disbursed,37,Partial Possession,1,1,0,100,8.5,54.5,0,5,0.0,1,0,0
LAP-14997,Chhattisgarh,CHH-3,Industrial Corridor,Government,35.4,110,6,1457,Partially Disbursed,62,Partial Possession,0,0,0,100,10.0,91.1,2,7,63.2,0,0,0
LAP-14998,Odisha,ODI-1,Industrial Corridor,Tribal,68.2,4,2,117,Partially Disbursed,32,Not Started,0,0,1,48,4.3,73.9,4,4,40.3,0,0,0
LAP-14999,Odisha,ODI-5,Highway,Private Agricultural,12.0,121,5,359,Fully Disbursed,95,Survey Complete,0,0,0,100,6.4,31.8,4,0,76.9,0,0,0
LAP-15000,Haryana,HAR-3,Highway,Tribal,21.5,29,5,288,Not Started,7,Award Declared,0,0,1,50,3.9,67.6,2,3,24.7,1,0,0
LAP-15001,Rajasthan,RAJ-2,Railway,Tribal,14.8,282,5,1338,Partially Disbursed,55,Survey Complete,3,1,0,100,6.2,86.6,2,5,73.6,0,1,344
LAP-15002,Rajasthan,RAJ-2,Highway,Private Agricultural,12.1,175,3,95,Fully Disbursed,94,Award Declared,1,0,0,100,6.7,54.9,0,5,67.8,1,0,0
LAP-15003,Madhya Pradesh,MAD-6,Power Transmission,Private Agricultural,109.2,58,6,1480,Fully Disbursed,88,Award Declared,0,0,1,14,6.4,33.0,0,8,70.1,0,0,0
LAP-15004,Telangana,TEL-1,Industrial Corridor,Mixed,20.5,9,3,300,Not Started,4,Not Started,0,0,0,100,5.3,48.4,3,3,71.2,0,0,0
LAP-15005,Tamil Nadu,TAM-5,Power Transmission,Forest,37.7,18,6,302,Partially Disbursed,80,Survey Complete,1,0,0,100,7.0,100.0,3,8,32.8,1,0,0
LAP-15006,Punjab,PUN-1,Irrigation,Forest,4.1,113,4,1363,Not Started,7,Partial Possession,2,1,0,100,6.5,92.9,2,6,46.8,0,0,0
LAP-15007,Maharashtra,MAH-5,Power Transmission,Mixed,20.6,178,2,595,Fully Disbursed,96,Survey Complete,1,1,0,100,7.9,64.8,1,7,49.0,1,0,0
LAP-15008,Uttar Pradesh,UTT-1,Irrigation,Private Agricultural,124.5,110,4,380,Not Started,5,Full Possession,0,0,1,17,4.7,61.5,3,7,53.9,0,1,111
LAP-15009,Maharashtra,MAH-6,Industrial Corridor,Private Agricultural,7.5,70,2,100,Partially Disbursed,46,Full Possession,0,0,1,67,6.5,40.0,5,8,18.9,0,0,0
LAP-15010,West Bengal,WES-1,Highway,Private Agricultural,34.1,103,5,855,Not Started,5,Not Started,0,0,1,93,3.5,64.3,2,5,45.6,1,0,0
LAP-15011,Tamil Nadu,TAM-3,Highway,Mixed,175.5,13,4,199,Not Started,5,Award Declared,2,1,0,100,7.7,91.7,4,1,37.7,1,0,0
LAP-15012,Punjab,PUN-3,Urban Development,Government,52.6,39,1,331,Partially Disbursed,72,Not Started,2,1,0,100,5.7,68.0,0,4,75.3,0,1,110
LAP-15013,Haryana,HAR-5,Highway,Private Agricultural,54.0,135,5,312,Partially Disbursed,48,Survey Complete,1,1,1,14,3.6,47.0,1,4,61.5,0,0,0
LAP-15014,Rajasthan,RAJ-6,Industrial Corridor,Tribal,106.3,26,3,703,Fully Disbursed,90,Survey Complete,0,0,0,100,4.0,63.8,5,6,89.4,0,0,0
LAP-15015,Odisha,ODI-3,Highway,Private Agricultural,11.9,37,5,57,Fully Disbursed,92,Award Declared,4,1,1,14,7.3,72.1,1,2,25.5,0,0,0
LAP-15016,Odisha,ODI-1,Irrigation,Private Agricultural,7.0,472,1,1190,Not Started,5,Partial Possession,1,1,0,100,6.4,29.1,4,4,65.3,1,0,0
LAP-15017,Uttar Pradesh,UTT-5,Highway,Mixed,224.4,131,1,630,Not Started,2,Survey Complete,1,0,0,100,7.5,73.7,0,1,10.2,0,0,0
LAP-15018,West Bengal,WES-3,Railway,Private Agricultural,27.7,83,5,845,Not Started,2,Award Declared,1,0,1,27,7.7,70.1,2,0,44.1,0,1,231
LAP-15019,Haryana,HAR-2,Highway,Private Agricultural,21.6,56,3,1391,Not Started,3,Not Started,0,0,0,100,7.5,43.8,1,3,76.8,1,0,0
LAP-15020,Gujarat,GUJ-6,Urban Development,Private Agricultural,254.3,66,3,674,Not Started,2,Partial Possession,0,0,0,100,5.6,50.2,1,6,59.6,0,1,178
LAP-15021,West Bengal,WES-4,Irrigation,Private Agricultural,9.4,70,5,711,Not Started,3,Full Possession,0,0,1,31,5.0,37.5,1,3,75.7,1,0,0
LAP-15022,Maharashtra,MAH-5,Railway,Private Agricultural,46.8,165,6,230,Not Started,9,Not Started,2,0,0,100,9.5,96.5,3,3,3.0,0,0,0
LAP-15023,Uttar Pradesh,UTT-5,Irrigation,Forest,18.2,8,1,20,Partially Disbursed,12,Not Started,1,0,0,100,6.1,38.7,0,5,14.0,0,0,0
LAP-15024,Haryana,HAR-5,Renewable Energy,Private Agricultural,40.4,26,4,991,Not Started,0,Full Possession,0,0,1,61,8.3,43.2,1,5,77.3,0,0,0
LAP-15025,Odisha,ODI-5,Irrigation,Government,28.5,31,1,1232,Partially Disbursed,80,Partial Possession,2,1,1,2,7.1,94.3,3,4,53.0,0,0,0
LAP-15026,Karnataka,KAR-5,Airport,Tribal,15.7,55,6,1001,Partially Disbursed,40,Partial Possession,1,1,1,58,4.6,36.7,3,5,75.9,1,0,0
LAP-15027,Telangana,TEL-3,Urban Development,Mixed,79.3,15,5,957,Partially Disbursed,20,Survey Complete,1,1,0,100,6.0,69.2,2,4,92.9,1,0,0
LAP-15028,Odisha,ODI-6,Power Transmission,Private Agricultural,236.0,281,6,1245,Fully Disbursed,87,Award Declared,0,0,0,100,9.3,32.1,2,8,84.5,1,0,0
LAP-15029,Madhya Pradesh,MAD-4,Highway,Tribal,12.8,31,4,111,Not Started,0,Full Possession,1,1,1,14,7.4,34.0,0,6,77.7,0,0,0
LAP-15030,Haryana,HAR-2,Highway,Private Agricultural,7.6,118,3,1431,Not Started,5,Survey Complete,1,0,0,100,8.1,94.5,0,4,54.7,0,0,0
LAP-15031,Gujarat,GUJ-1,Airport,Private Agricultural,99.5,428,4,526,Fully Disbursed,92,Full Possession,0,0,1,18,4.7,42.7,3,4,63.3,0,0,0
LAP-15032,Uttar Pradesh,UTT-5,Railway,Private Agricultural,49.8,107,1,1204,Fully Disbursed,87,Partial Possession,0,0,0,100,5.1,74.4,2,0,0.0,0,0,0
LAP-15033,Uttar Pradesh,UTT-5,Highway,Private Agricultural,41.1,21,3,1489,Fully Disbursed,94,Full Possession,1,1,1,3,3.7,38.7,2,8,86.6,0,1,198
LAP-15034,Madhya Pradesh,MAD-4,Irrigation,Private Agricultural,12.5,18,3,830,Not Started,8,Survey Complete,0,0,1,100,3.3,60.1,2,3,52.1,1,0,0
LAP-15035,Uttar Pradesh,UTT-5,Highway,Forest,64.1,5,2,1094,Fully Disbursed,86,Not Started,2,0,0,100,7.3,39.6,2,3,54.6,1,1,76
LAP-15036,Jharkhand,JHA-6,Airport,Private Agricultural,15.2,188,2,268,Fully Disbursed,85,Not Started,1,1,0,100,7.3,58.9,3,4,68.0,0,0,0
LAP-15037,Punjab,PUN-5,Urban Development,Tribal,5.6,12,3,704,Partially Disbursed,30,Partial Possession,0,0,0,100,7.5,45.8,2,8,4.4,0,0,0
LAP-15038,Haryana,HAR-2,Power Transmission,Private Agricultural,54.4,29,1,1261,Fully Disbursed,96,Partial Possession,0,0,0,100,3.7,58.0,2,4,65.7,1,0,0
LAP-15039,Telangana,TEL-5,Industrial Corridor,Tribal,117.2,84,6,1318,Not Started,9,Partial Possession,0,0,1,85,7.3,80.3,3,3,100.0,1,0,0
LAP-15040,Maharashtra,MAH-1,Irrigation,Private Agricultural,46.6,73,1,809,Fully Disbursed,100,Partial Possession,1,1,1,34,9.4,34.9,1,6,49.3,1,0,0
LAP-15041,Maharashtra,MAH-5,Urban Development,Tribal,112.0,109,6,1197,Partially Disbursed,56,Award Declared,1,1,1,63,5.5,38.9,1,8,100.0,1,1,355
LAP-15042,Karnataka,KAR-1,Airport,Tribal,11.0,69,3,426,Partially Disbursed,18,Award Declared,1,1,1,40,7.4,60.0,2,8,63.3,0,1,146
LAP-15043,West Bengal,WES-3,Airport,Private Agricultural,6.1,93,5,733,Partially Disbursed,63,Survey Complete,1,0,0,100,6.8,74.4,2,6,71.3,0,0,0
LAP-15044,Chhattisgarh,CHH-2,Industrial Corridor,Forest,26.5,46,1,624,Not Started,4,Not Started,2,1,1,59,7.1,54.2,2,2,15.4,0,1,123
LAP-15045,West Bengal,WES-2,Highway,Government,31.7,61,4,316,Not Started,7,Partial Possession,1,1,0,100,5.8,37.7,2,5,56.4,0,0,0
LAP-15046,Jharkhand,JHA-4,Industrial Corridor,Private Agricultural,79.4,32,3,1207,Partially Disbursed,46,Survey Complete,0,0,1,86,5.5,49.4,3,2,68.2,0,0,0
LAP-15047,Uttar Pradesh,UTT-5,Power Transmission,Government,19.0,10,1,1382,Partially Disbursed,42,Award Declared,1,1,1,8,8.3,53.5,1,7,27.3,0,1,219
LAP-15048,Karnataka,KAR-2,Railway,Private Agricultural,12.5,63,3,1472,Partially Disbursed,44,Survey Complete,1,1,1,19,9.2,97.2,1,8,21.0,1,1,399
LAP-15049,Telangana,TEL-6,Irrigation,Tribal,9.7,206,5,270,Not Started,2,Partial Possession,3,0,0,100,7.3,64.6,1,0,53.7,1,0,0
LAP-15050,Bihar,BIH-6,Highway,Forest,81.6,517,6,593,Partially Disbursed,17,Survey Complete,0,0,0,100,6.7,31.5,0,1,72.2,0,0,0
LAP-15051,Maharashtra,MAH-6,Urban Development,Government,13.1,35,5,228,Not Started,2,Full Possession,1,0,0,100,9.1,100.0,2,4,47.3,0,0,0
LAP-15052,Uttar Pradesh,UTT-6,Irrigation,Private Agricultural,13.6,40,3,81,Partially Disbursed,35,Partial Possession,0,0,0,100,2.7,50.3,4,5,36.9,0,0,0
LAP-15053,Madhya Pradesh,MAD-4,Renewable Energy,Private Agricultural,494.1,66,1,1403,Partially Disbursed,82,Full Possession,2,1,0,100,7.7,55.0,1,1,73.5,0,0,0
LAP-15054,Uttar Pradesh,UTT-4,Renewable Energy,Private Agricultural,121.8,300,5,915,Partially Disbursed,53,Award Declared,1,1,0,100,1.2,54.5,2,1,75.3,1,0,0
LAP-15055,Tamil Nadu,TAM-2,Renewable Energy,Tribal,15.9,108,1,853,Partially Disbursed,49,Partial Possession,3,1,1,29,6.9,48.3,0,2,30.3,1,1,241
LAP-15056,Odisha,ODI-3,Highway,Private Agricultural,21.7,255,6,579,Fully Disbursed,97,Survey Complete,0,0,1,23,5.9,35.1,1,2,58.2,0,0,0
LAP-15057,Rajasthan,RAJ-2,Highway,Forest,13.1,35,2,267,Not Started,7,Partial Possession,1,1,1,24,3.3,26.9,2,6,18.5,0,1,282
LAP-15058,Jharkhand,JHA-6,Highway,Private Agricultural,3.8,62,1,471,Not Started,9,Survey Complete,1,0,1,88,6.1,98.8,2,1,79.6,1,0,0
LAP-15059,West Bengal,WES-4,Irrigation,Forest,78.7,23,3,1000,Partially Disbursed,47,Not Started,1,0,1,56,6.1,38.5,2,3,35.0,1,1,67
LAP-15060,Punjab,PUN-6,Urban Development,Mixed,10.2,83,2,324,Partially Disbursed,50,Full Possession,0,0,0,100,4.4,50.9,2,3,42.8,1,0,0
LAP-15061,Telangana,TEL-2,Industrial Corridor,Government,252.7,59,6,584,Partially Disbursed,44,Survey Complete,1,1,1,43,9.2,93.2,5,7,42.0,0,0,0
LAP-15062,Chhattisgarh,CHH-4,Industrial Corridor,Private Agricultural,7.7,37,3,1106,Not Started,3,Award Declared,1,1,0,100,9.1,25.5,1,2,34.8,0,0,0
LAP-15063,Uttar Pradesh,UTT-6,Highway,Mixed,58.5,609,6,734,Not Started,4,Full Possession,0,0,0,100,7.8,64.1,3,1,50.1,0,0,0
LAP-15064,Jharkhand,JHA-4,Airport,Government,4.5,36,1,487,Not Started,4,Not Started,0,0,1,62,5.5,56.5,5,0,48.4,0,0,0
LAP-15065,Gujarat,GUJ-2,Industrial Corridor,Private Agricultural,96.1,7,6,1374,Not Started,3,Survey Complete,1,1,1,87,5.9,39.3,1,3,57.5,0,0,0
LAP-15066,Maharashtra,MAH-6,Railway,Forest,126.8,345,3,853,Fully Disbursed,90,Survey Complete,2,0,0,100,7.0,25.6,2,1,46.9,0,0,0
LAP-15067,Odisha,ODI-3,Industrial Corridor,Forest,4.2,9,4,1211,Fully Disbursed,90,Partial Possession,2,1,0,100,7.3,39.3,4,4,39.6,0,0,0
LAP-15068,Jharkhand,JHA-4,Urban Development,Private Agricultural,52.9,18,4,264,Not Started,4,Award Declared,0,0,0,100,3.9,61.2,4,8,70.8,0,0,0
LAP-15069,West Bengal,WES-5,Irrigation,Government,5.8,32,5,902,Not Started,3,Survey Complete,0,0,0,100,5.5,24.5,2,7,19.5,0,0,0
LAP-15070,Odisha,ODI-6,Highway,Mixed,32.0,154,6,220,Partially Disbursed,45,Award Declared,0,0,0,100,6.0,75.5,2,7,43.5,0,0,0
LAP-15071,Madhya Pradesh,MAD-2,Renewable Energy,Tribal,75.2,7,5,1163,Partially Disbursed,69,Survey Complete,0,0,0,100,4.4,60.0,2,2,20.4,1,0,0
LAP-15072,Bihar,BIH-6,Urban Development,Government,22.1,90,6,1046,Not Started,9,Award Declared,1,1,0,100,6.7,64.1,4,6,70.9,1,1,73
LAP-15073,Chhattisgarh,CHH-3,Highway,Mixed,19.3,41,3,1008,Partially Disbursed,15,Award Declared,1,1,1,67,4.9,55.2,1,4,62.0,0,0,0
LAP-15074,Chhattisgarh,CHH-3,Irrigation,Forest,173.0,30,5,1224,Partially Disbursed,26,Full Possession,1,1,0,100,5.5,94.9,2,2,28.5,0,1,60
LAP-15075,Telangana,TEL-5,Railway,Forest,67.4,331,4,533,Not Started,0,Partial Possession,1,1,0,100,5.9,48.0,1,7,28.9,1,0,0
LAP-15076,Rajasthan,RAJ-6,Industrial Corridor,Tribal,18.4,27,2,1410,Fully Disbursed,89,Award Declared,0,0,1,12,2.2,74.8,4,6,0.0,0,1,80
LAP-15077,Chhattisgarh,CHH-4,Industrial Corridor,Private Agricultural,1.7,135,1,1237,Partially Disbursed,60,Not Started,0,0,0,100,5.6,55.0,1,8,71.5,1,1,111
LAP-15078,Maharashtra,MAH-4,Renewable Energy,Private Agricultural,28.4,16,3,525,Not Started,1,Partial Possession,0,0,0,100,8.1,65.0,1,3,54.0,0,0,0
LAP-15079,Haryana,HAR-5,Irrigation,Mixed,325.1,15,3,1418,Fully Disbursed,95,Survey Complete,0,0,0,100,8.7,66.8,4,5,41.6,0,1,263
LAP-15080,Odisha,ODI-4,Highway,Private Agricultural,25.5,174,2,979,Partially Disbursed,20,Not Started,0,0,0,100,4.8,56.0,2,3,50.8,0,0,0
LAP-15081,Maharashtra,MAH-1,Urban Development,Private Agricultural,5.2,105,3,164,Not Started,6,Survey Complete,0,0,0,100,6.1,29.0,0,5,22.4,0,0,0
LAP-15082,Karnataka,KAR-3,Irrigation,Private Agricultural,5.1,228,6,463,Partially Disbursed,23,Partial Possession,1,1,1,76,4.4,87.8,3,0,30.8,0,0,0
LAP-15083,Odisha,ODI-1,Highway,Private Agricultural,347.3,6,1,266,Fully Disbursed,88,Survey Complete,0,0,1,65,3.9,25.1,1,3,69.2,0,1,127
LAP-15084,Telangana,TEL-6,Urban Development,Mixed,138.7,33,5,597,Not Started,7,Award Declared,0,0,1,72,4.0,56.7,1,4,63.8,0,0,0
LAP-15085,Maharashtra,MAH-3,Urban Development,Government,25.6,16,1,772,Fully Disbursed,97,Partial Possession,1,0,1,89,5.5,40.6,1,5,68.3,0,1,95
LAP-15086,Madhya Pradesh,MAD-6,Industrial Corridor,Government,25.7,50,6,1359,Fully Disbursed,100,Survey Complete,1,1,0,100,8.1,60.1,1,4,54.5,0,0,0
LAP-15087,West Bengal,WES-1,Urban Development,Tribal,29.6,47,2,498,Partially Disbursed,39,Not Started,2,1,1,27,5.5,48.8,3,2,81.4,1,0,0
LAP-15088,Telangana,TEL-6,Renewable Energy,Private Agricultural,15.0,18,3,1005,Partially Disbursed,58,Award Declared,2,1,1,46,9.8,100.0,0,0,47.4,0,0,0
LAP-15089,Odisha,ODI-1,Industrial Corridor,Government,17.3,162,1,908,Not Started,0,Partial Possession,0,0,1,78,5.6,61.5,2,4,90.5,0,0,0
LAP-15090,Uttar Pradesh,UTT-2,Urban Development,Government,6.9,20,1,47,Not Started,7,Survey Complete,1,1,0,100,4.9,28.8,3,7,14.6,0,0,0
LAP-15091,Odisha,ODI-3,Urban Development,Tribal,6.5,3,3,783,Not Started,6,Partial Possession,2,1,0,100,4.7,62.0,0,8,100.0,1,1,118
LAP-15092,Odisha,ODI-2,Urban Development,Private Agricultural,18.1,17,5,413,Fully Disbursed,96,Award Declared,0,0,1,10,5.7,51.1,5,1,69.7,1,0,0
LAP-15093,Rajasthan,RAJ-6,Irrigation,Private Agricultural,7.8,53,3,926,Fully Disbursed,99,Partial Possession,0,0,1,41,4.6,60.3,1,4,17.4,0,1,70
LAP-15094,Rajasthan,RAJ-1,Irrigation,Private Agricultural,27.4,68,4,1421,Partially Disbursed,81,Full Possession,2,0,0,100,9.0,48.8,2,3,69.2,1,1,182
LAP-15095,West Bengal,WES-5,Highway,Government,147.8,23,6,1463,Partially Disbursed,62,Full Possession,0,0,1,70,5.1,54.5,6,4,34.1,0,0,0
LAP-15096,Maharashtra,MAH-5,Renewable Energy,Private Agricultural,9.8,113,4,214,Not Started,8,Not Started,1,0,0,100,5.7,49.9,2,6,61.1,0,1,75
LAP-15097,Rajasthan,RAJ-4,Airport,Mixed,25.1,19,6,1222,Not Started,0,Survey Complete,0,0,1,55,8.5,48.3,3,6,37.3,1,1,63
LAP-15098,Jharkhand,JHA-3,Industrial Corridor,Government,185.1,16,2,849,Fully Disbursed,95,Not Started,1,0,1,59,6.0,25.0,1,4,55.2,1,0,0
LAP-15099,Tamil Nadu,TAM-2,Power Transmission,Tribal,38.5,158,5,1371,Not Started,3,Award Declared,0,0,0,100,2.3,88.2,2,3,96.2,0,1,159
LAP-15100,Telangana,TEL-5,Industrial Corridor,Private Agricultural,26.4,7,4,715,Fully Disbursed,99,Survey Complete,2,1,1,30,7.3,5.0,1,0,84.3,0,0,0
LAP-15101,Odisha,ODI-6,Railway,Private Agricultural,16.6,79,3,1367,Not Started,1,Partial Possession,0,0,1,42,2.7,68.4,5,3,81.2,0,0,0
LAP-15102,Uttar Pradesh,UTT-6,Power Transmission,Mixed,204.8,29,1,295,Not Started,5,Survey Complete,0,0,1,76,5.0,92.1,3,5,79.6,0,0,0
LAP-15103,Rajasthan,RAJ-2,Highway,Tribal,57.2,32,5,1344,Not Started,5,Award Declared,2,0,1,68,5.7,77.4,1,6,52.4,0,0,0
LAP-15104,Karnataka,KAR-6,Railway,Mixed,45.1,11,4,252,Partially Disbursed,53,Survey Complete,0,0,1,96,8.5,63.1,0,0,92.5,1,0,0
LAP-15105,Rajasthan,RAJ-2,Urban Development,Private Agricultural,15.6,47,2,579,Not Started,1,Award Declared,1,1,0,100,7.3,71.8,2,0,55.3,0,0,0
LAP-15106,Maharashtra,MAH-1,Irrigation,Private Agricultural,2.3,747,3,1175,Partially Disbursed,68,Full Possession,0,0,0,100,3.7,49.1,2,1,67.1,1,0,0
LAP-15107,Gujarat,GUJ-5,Railway,Mixed,14.2,29,3,233,Not Started,6,Partial Possession,0,0,0,100,3.3,57.0,1,7,53.7,0,0,0
LAP-15108,Odisha,ODI-5,Industrial Corridor,Private Agricultural,22.9,144,5,329,Partially Disbursed,40,Full Possession,1,1,1,82,5.9,69.1,3,6,30.0,1,0,0
LAP-15109,West Bengal,WES-6,Railway,Private Agricultural,6.9,202,3,1358,Not Started,1,Partial Possession,1,1,0,100,5.4,50.6,2,7,83.9,0,0,0
LAP-15110,Chhattisgarh,CHH-4,Railway,Private Agricultural,97.6,24,6,370,Not Started,7,Not Started,3,0,1,96,7.4,98.5,4,2,84.8,1,0,0
LAP-15111,Uttar Pradesh,UTT-6,Power Transmission,Forest,6.8,33,4,1413,Partially Disbursed,80,Not Started,3,0,0,100,6.1,58.7,0,0,43.4,0,1,133
LAP-15112,Madhya Pradesh,MAD-2,Industrial Corridor,Private Agricultural,33.8,246,5,1008,Partially Disbursed,70,Full Possession,0,0,1,2,6.3,64.6,1,2,39.5,1,0,0
LAP-15113,Madhya Pradesh,MAD-1,Urban Development,Private Agricultural,60.8,14,5,185,Partially Disbursed,47,Award Declared,0,0,1,48,4.9,57.5,1,0,15.5,0,0,0
LAP-15114,Chhattisgarh,CHH-3,Irrigation,Tribal,10.3,172,2,784,Fully Disbursed,92,Full Possession,2,1,1,74,5.4,68.0,2,2,88.8,1,0,0
LAP-15115,Jharkhand,JHA-5,Industrial Corridor,Private Agricultural,16.6,108,2,661,Partially Disbursed,57,Survey Complete,1,0,1,53,6.7,74.5,1,0,49.7,0,0,0
LAP-15116,Karnataka,KAR-6,Highway,Forest,33.7,7,2,1230,Fully Disbursed,96,Survey Complete,1,1,0,100,10.0,56.7,1,3,37.0,0,0,0
LAP-15117,Tamil Nadu,TAM-3,Airport,Government,34.6,641,6,873,Partially Disbursed,36,Partial Possession,0,0,0,100,5.4,86.1,5,1,57.9,0,0,0
LAP-15118,Maharashtra,MAH-4,Power Transmission,Government,9.8,39,4,39,Fully Disbursed,87,Award Declared,0,0,0,100,8.7,30.1,6,0,50.6,0,0,0
LAP-15119,Uttar Pradesh,UTT-2,Railway,Private Agricultural,16.9,998,3,1396,Fully Disbursed,98,Survey Complete,2,1,0,100,4.2,35.7,1,6,57.8,0,0,0
LAP-15120,Gujarat,GUJ-3,Railway,Government,38.9,10,5,743,Not Started,5,Full Possession,0,0,0,100,5.4,38.5,1,0,54.1,0,0,0
LAP-15121,Odisha,ODI-3,Urban Development,Mixed,15.4,15,1,328,Partially Disbursed,25,Full Possession,0,0,0,100,8.4,58.1,4,4,69.2,0,0,0
LAP-15122,Odisha,ODI-3,Industrial Corridor,Private Agricultural,13.5,24,6,607,Not Started,6,Partial Possession,1,1,1,5,6.7,65.5,2,5,64.7,1,0,0
LAP-15123,Odisha,ODI-4,Power Transmission,Private Agricultural,50.3,423,1,636,Not Started,6,Award Declared,0,0,0,100,6.5,58.2,2,1,51.7,1,0,0
LAP-15124,Tamil Nadu,TAM-3,Industrial Corridor,Private Agricultural,23.7,175,6,753,Fully Disbursed,85,Survey Complete,2,1,0,100,6.6,90.0,1,5,58.4,0,0,0
LAP-15125,Rajasthan,RAJ-2,Irrigation,Tribal,47.1,103,5,750,Partially Disbursed,53,Survey Complete,2,1,1,49,9.8,57.2,1,5,80.5,0,1,96
LAP-15126,Rajasthan,RAJ-1,Highway,Government,69.1,108,4,337,Not Started,1,Award Declared,2,1,0,100,6.4,73.0,1,0,66.3,1,0,0
LAP-15127,Tamil Nadu,TAM-2,Highway,Tribal,76.8,6,6,421,Fully Disbursed,85,Not Started,1,0,1,21,1.0,70.3,1,5,86.2,0,1,169
LAP-15128,Odisha,ODI-6,Irrigation,Private Agricultural,11.2,23,2,1306,Partially Disbursed,53,Award Declared,1,0,0,100,3.2,36.6,0,4,67.0,0,0,0
LAP-15129,Tamil Nadu,TAM-6,Railway,Private Agricultural,12.4,211,4,1127,Not Started,8,Not Started,1,1,1,76,3.9,12.3,4,6,40.1,0,1,157
LAP-15130,Tamil Nadu,TAM-3,Irrigation,Private Agricultural,9.6,37,4,560,Partially Disbursed,62,Partial Possession,1,1,0,100,8.5,45.6,2,8,39.0,1,0,0
LAP-15131,Madhya Pradesh,MAD-3,Irrigation,Forest,48.0,55,4,350,Not Started,8,Not Started,1,1,0,100,2.5,100.0,4,2,75.0,0,0,0
LAP-15132,Odisha,ODI-5,Highway,Private Agricultural,2.9,35,1,1364,Partially Disbursed,44,Survey Complete,1,1,1,68,4.7,35.1,1,4,48.2,0,1,14
LAP-15133,Bihar,BIH-4,Irrigation,Tribal,9.8,56,2,475,Not Started,1,Full Possession,3,1,1,41,6.2,19.7,2,0,10.5,0,0,0
LAP-15134,Uttar Pradesh,UTT-2,Highway,Private Agricultural,17.1,240,1,656,Partially Disbursed,15,Award Declared,0,0,1,3,7.2,73.3,1,7,31.9,0,0,0
LAP-15135,Tamil Nadu,TAM-5,Urban Development,Forest,8.0,97,4,609,Partially Disbursed,74,Award Declared,0,0,0,100,9.4,29.2,3,5,44.9,0,0,0
LAP-15136,Bihar,BIH-4,Highway,Forest,48.0,1712,5,231,Partially Disbursed,22,Award Declared,4,1,0,100,4.3,59.7,2,7,89.7,0,0,0
LAP-15137,Bihar,BIH-6,Highway,Government,58.4,41,1,477,Fully Disbursed,99,Full Possession,0,0,0,100,5.0,59.7,1,5,62.7,0,1,71
LAP-15138,West Bengal,WES-4,Highway,Government,46.7,25,1,1289,Not Started,1,Not Started,0,0,0,100,10.0,36.6,5,3,31.8,1,0,0
LAP-15139,Gujarat,GUJ-6,Highway,Private Agricultural,31.3,44,5,1130,Fully Disbursed,90,Survey Complete,0,0,1,57,8.9,67.4,0,7,65.4,1,1,242
LAP-15140,Tamil Nadu,TAM-2,Renewable Energy,Tribal,22.8,53,5,414,Partially Disbursed,42,Survey Complete,4,1,1,94,6.4,40.6,2,8,41.9,1,1,212
LAP-15141,Karnataka,KAR-6,Highway,Private Agricultural,35.3,68,4,703,Partially Disbursed,75,Award Declared,0,0,0,100,3.3,89.9,2,6,33.8,0,0,0
LAP-15142,Odisha,ODI-6,Power Transmission,Forest,6.8,18,4,46,Partially Disbursed,72,Survey Complete,0,0,0,100,4.3,48.2,2,5,54.8,1,0,0
LAP-15143,Punjab,PUN-6,Highway,Private Agricultural,22.7,59,4,883,Partially Disbursed,55,Full Possession,0,0,1,82,2.6,88.8,2,7,86.6,1,0,0
LAP-15144,Bihar,BIH-4,Airport,Private Agricultural,18.1,16,2,1466,Fully Disbursed,91,Not Started,0,0,1,19,7.5,46.5,2,6,35.1,0,0,0
LAP-15145,Karnataka,KAR-3,Airport,Tribal,10.2,59,5,1190,Partially Disbursed,19,Award Declared,2,0,0,100,7.4,86.8,3,2,77.9,0,0,0
LAP-15146,Gujarat,GUJ-5,Highway,Forest,122.4,63,5,286,Partially Disbursed,45,Award Declared,0,0,0,100,8.2,42.7,2,0,53.4,0,0,0
LAP-15147,Maharashtra,MAH-2,Highway,Private Agricultural,6.9,130,2,1086,Partially Disbursed,80,Award Declared,0,0,1,29,6.2,67.8,2,0,42.8,0,0,0
LAP-15148,Telangana,TEL-6,Irrigation,Private Agricultural,93.6,27,6,716,Partially Disbursed,36,Full Possession,0,0,0,100,5.9,61.3,2,3,48.8,1,1,163
LAP-15149,Chhattisgarh,CHH-5,Highway,Tribal,45.5,160,1,788,Partially Disbursed,30,Not Started,1,1,1,74,3.8,82.5,2,0,45.2,0,0,0
LAP-15150,Gujarat,GUJ-2,Irrigation,Mixed,44.6,17,2,1094,Partially Disbursed,77,Not Started,1,1,1,26,8.3,77.7,2,6,86.5,1,0,0
LAP-15151,Chhattisgarh,CHH-3,Irrigation,Tribal,76.8,167,6,240,Partially Disbursed,12,Award Declared,4,1,1,26,7.5,52.9,0,0,77.3,0,1,46
LAP-15152,Tamil Nadu,TAM-3,Industrial Corridor,Mixed,47.1,304,5,339,Not Started,4,Partial Possession,0,0,0,100,4.3,57.2,0,2,0.0,1,0,0
LAP-15153,Odisha,ODI-4,Industrial Corridor,Private Agricultural,11.1,29,5,935,Partially Disbursed,48,Not Started,0,0,0,100,6.8,40.6,0,3,70.0,0,1,86
LAP-15154,Odisha,ODI-2,Irrigation,Private Agricultural,14.0,67,4,1098,Not Started,1,Not Started,0,0,1,88,2.9,46.3,1,5,62.0,1,1,56
LAP-15155,Maharashtra,MAH-3,Renewable Energy,Private Agricultural,18.4,35,5,1439,Partially Disbursed,76,Not Started,2,1,0,100,4.3,24.4,3,1,57.1,0,1,150
LAP-15156,West Bengal,WES-5,Highway,Private Agricultural,6.3,84,6,1132,Not Started,8,Survey Complete,0,0,1,10,5.8,40.0,0,8,71.5,1,1,48
LAP-15157,Tamil Nadu,TAM-6,Highway,Private Agricultural,55.8,51,6,973,Not Started,5,Full Possession,0,0,1,87,8.3,95.8,1,2,27.3,0,0,0
LAP-15158,Bihar,BIH-4,Urban Development,Private Agricultural,32.8,62,6,731,Not Started,8,Partial Possession,1,1,0,100,3.4,63.7,1,8,15.8,0,1,261
LAP-15159,Uttar Pradesh,UTT-3,Renewable Energy,Government,14.4,23,5,1018,Fully Disbursed,88,Full Possession,0,0,1,28,7.1,88.7,2,0,40.4,0,0,0
LAP-15160,Bihar,BIH-2,Power Transmission,Private Agricultural,11.5,162,3,167,Partially Disbursed,80,Partial Possession,0,0,1,59,5.2,52.2,2,8,66.4,1,1,150
LAP-15161,Gujarat,GUJ-1,Highway,Government,38.1,11,3,1279,Partially Disbursed,63,Full Possession,1,1,0,100,4.6,11.3,4,5,60.7,0,1,211
LAP-15162,Madhya Pradesh,MAD-5,Industrial Corridor,Private Agricultural,12.1,16,6,323,Not Started,3,Award Declared,0,0,1,95,3.3,61.7,2,7,1.9,1,0,0
LAP-15163,Telangana,TEL-6,Airport,Private Agricultural,29.3,153,3,941,Partially Disbursed,45,Full Possession,0,0,1,92,4.3,89.1,1,3,5.9,1,0,0
LAP-15164,Odisha,ODI-5,Airport,Tribal,4.9,2,2,1022,Not Started,4,Full Possession,0,0,0,100,7.1,56.6,0,7,39.6,1,0,0
LAP-15165,Rajasthan,RAJ-3,Power Transmission,Private Agricultural,13.0,22,1,1142,Fully Disbursed,91,Survey Complete,1,0,1,48,2.3,43.0,3,2,52.9,1,0,0
LAP-15166,Chhattisgarh,CHH-4,Renewable Energy,Mixed,21.5,170,3,1415,Fully Disbursed,93,Partial Possession,1,1,0,100,8.0,49.3,5,1,50.7,0,0,0
LAP-15167,Chhattisgarh,CHH-4,Industrial Corridor,Private Agricultural,3.7,66,1,1093,Not Started,1,Award Declared,1,1,1,80,7.9,68.1,0,8,83.1,0,1,71
LAP-15168,Punjab,PUN-5,Urban Development,Forest,7.5,72,3,1280,Not Started,8,Award Declared,1,1,0,100,8.9,45.2,5,0,20.7,1,1,17
LAP-15169,Punjab,PUN-1,Industrial Corridor,Private Agricultural,64.1,505,4,365,Partially Disbursed,54,Award Declared,0,0,1,56,6.8,50.2,4,2,87.4,0,0,0
LAP-15170,Rajasthan,RAJ-6,Irrigation,Tribal,34.3,207,4,1292,Not Started,8,Partial Possession,2,1,1,35,9.7,60.2,3,2,47.8,0,1,171
LAP-15171,Rajasthan,RAJ-6,Urban Development,Private Agricultural,223.9,122,5,1393,Not Started,7,Full Possession,2,1,1,84,4.0,58.8,2,6,39.0,0,0,0
LAP-15172,West Bengal,WES-5,Railway,Private Agricultural,160.7,11,6,378,Not Started,7,Award Declared,1,0,1,70,9.0,89.0,0,6,41.6,1,0,0
LAP-15173,Maharashtra,MAH-1,Highway,Forest,498.6,28,5,392,Partially Disbursed,77,Partial Possession,2,1,1,44,9.0,72.9,1,4,67.4,0,0,0
LAP-15174,Chhattisgarh,CHH-6,Highway,Tribal,21.5,48,3,553,Fully Disbursed,92,Award Declared,2,1,0,100,3.5,62.0,8,1,63.1,1,0,0
LAP-15175,Punjab,PUN-5,Renewable Energy,Tribal,29.5,37,2,44,Not Started,6,Survey Complete,0,0,1,12,3.8,47.9,2,5,45.9,0,0,0
LAP-15176,Uttar Pradesh,UTT-4,Irrigation,Private Agricultural,28.9,448,3,213,Fully Disbursed,88,Survey Complete,1,0,0,100,4.4,69.0,2,0,71.5,1,1,87
LAP-15177,West Bengal,WES-4,Highway,Private Agricultural,21.8,62,5,226,Not Started,6,Not Started,0,0,1,54,8.5,76.9,2,3,100.0,1,0,0
LAP-15178,Rajasthan,RAJ-1,Urban Development,Tribal,5.9,7,4,334,Fully Disbursed,85,Survey Complete,2,1,1,78,3.4,60.1,3,3,46.5,0,1,261
LAP-15179,Rajasthan,RAJ-6,Renewable Energy,Tribal,5.7,46,3,1026,Partially Disbursed,82,Partial Possession,0,0,0,100,6.1,5.0,4,6,79.5,0,1,42
LAP-15180,Uttar Pradesh,UTT-2,Irrigation,Tribal,8.6,25,3,151,Partially Disbursed,81,Not Started,1,0,1,32,7.2,100.0,0,7,52.0,1,0,0
LAP-15181,Uttar Pradesh,UTT-2,Highway,Mixed,27.0,27,1,1424,Partially Disbursed,67,Not Started,1,1,0,100,7.0,60.3,2,5,17.9,0,1,139
LAP-15182,Chhattisgarh,CHH-6,Highway,Private Agricultural,11.0,6,1,1075,Not Started,2,Not Started,2,1,0,100,8.4,69.4,0,1,80.6,0,0,0
LAP-15183,Telangana,TEL-6,Highway,Private Agricultural,15.5,276,3,1325,Not Started,8,Full Possession,0,0,0,100,4.3,81.1,4,5,67.0,1,0,0
LAP-15184,West Bengal,WES-4,Industrial Corridor,Tribal,18.2,11,5,972,Not Started,3,Award Declared,1,1,1,69,2.1,32.6,2,1,100.0,1,0,0
LAP-15185,Gujarat,GUJ-5,Highway,Private Agricultural,9.2,7,3,99,Fully Disbursed,97,Partial Possession,2,1,1,66,3.8,71.7,1,8,0.9,0,1,78
LAP-15186,Bihar,BIH-4,Renewable Energy,Tribal,38.5,102,5,1283,Not Started,3,Survey Complete,1,0,1,68,7.7,52.4,3,0,78.7,1,1,49
LAP-15187,Haryana,HAR-1,Power Transmission,Government,10.1,103,5,1158,Not Started,5,Partial Possession,3,1,1,94,8.8,46.4,3,8,48.9,1,0,0
LAP-15188,Jharkhand,JHA-2,Railway,Mixed,9.9,61,6,1353,Partially Disbursed,61,Partial Possession,1,1,0,100,5.2,75.8,2,2,67.7,1,1,46
LAP-15189,Maharashtra,MAH-4,Airport,Mixed,3.4,65,2,922,Partially Disbursed,73,Award Declared,1,0,0,100,8.4,47.2,2,3,33.0,0,1,20
LAP-15190,Jharkhand,JHA-3,Irrigation,Private Agricultural,15.6,140,2,258,Fully Disbursed,91,Full Possession,0,0,0,100,4.7,40.8,2,4,48.2,0,0,0
LAP-15191,Haryana,HAR-2,Industrial Corridor,Mixed,31.6,308,3,247,Not Started,4,Award Declared,1,1,1,25,5.3,51.7,5,1,44.1,0,1,183
LAP-15192,Madhya Pradesh,MAD-2,Urban Development,Private Agricultural,60.9,74,6,1220,Partially Disbursed,29,Not Started,0,0,1,54,4.5,43.7,1,2,85.1,0,1,66
LAP-15193,Madhya Pradesh,MAD-3,Renewable Energy,Forest,33.3,70,3,1207,Partially Disbursed,54,Survey Complete,1,1,1,55,4.1,51.3,3,3,57.2,0,0,0
LAP-15194,Punjab,PUN-4,Irrigation,Tribal,19.7,24,1,1471,Partially Disbursed,60,Survey Complete,1,1,1,86,7.1,79.3,0,7,54.5,1,0,0
LAP-15195,Punjab,PUN-4,Irrigation,Private Agricultural,42.9,77,4,495,Partially Disbursed,73,Partial Possession,0,0,0,100,9.8,64.2,2,1,84.3,0,0,0
LAP-15196,Rajasthan,RAJ-5,Industrial Corridor,Mixed,23.7,41,5,416,Not Started,9,Survey Complete,1,1,0,100,6.4,69.4,0,2,69.0,0,1,119
LAP-15197,Tamil Nadu,TAM-6,Highway,Forest,36.2,23,4,349,Not Started,9,Survey Complete,1,0,0,100,4.0,62.5,1,4,76.0,0,0,0
LAP-15198,Rajasthan,RAJ-2,Industrial Corridor,Private Agricultural,31.8,96,6,1123,Not Started,3,Award Declared,1,1,1,60,7.4,81.8,3,2,30.6,0,0,0
LAP-15199,Uttar Pradesh,UTT-6,Irrigation,Private Agricultural,28.4,51,3,519,Fully Disbursed,90,Partial Possession,1,1,1,44,6.2,47.8,2,7,0.0,0,0,0
LAP-15200,Telangana,TEL-6,Irrigation,Tribal,100.9,16,1,288,Not Started,3,Full Possession,1,1,1,97,9.0,37.4,8,8,71.6,1,0,0
LAP-15201,Madhya Pradesh,MAD-3,Airport,Private Agricultural,9.4,323,1,236,Partially Disbursed,75,Not Started,2,1,0,100,4.3,79.9,2,2,47.8,0,0,0
LAP-15202,Rajasthan,RAJ-5,Renewable Energy,Mixed,38.7,66,2,1202,Partially Disbursed,64,Award Declared,0,0,0,100,4.9,40.6,4,7,100.0,0,1,34
LAP-15203,West Bengal,WES-3,Highway,Tribal,90.6,135,1,821,Fully Disbursed,99,Not Started,0,0,1,74,5.6,66.3,5,1,46.5,0,0,0
LAP-15204,Chhattisgarh,CHH-2,Industrial Corridor,Forest,27.1,115,2,1321,Partially Disbursed,66,Partial Possession,2,1,0,100,3.3,54.1,2,8,67.9,0,1,272
LAP-15205,Rajasthan,RAJ-2,Urban Development,Private Agricultural,34.2,58,6,1291,Not Started,4,Partial Possession,2,1,1,85,8.6,59.1,4,0,46.4,1,0,0
LAP-15206,Uttar Pradesh,UTT-1,Industrial Corridor,Forest,23.8,750,3,1119,Partially Disbursed,67,Full Possession,3,1,0,100,5.5,27.0,0,1,53.2,0,1,92
LAP-15207,Uttar Pradesh,UTT-4,Irrigation,Private Agricultural,16.9,105,6,293,Not Started,5,Full Possession,1,1,1,55,3.0,55.2,4,2,69.7,0,0,0
LAP-15208,Rajasthan,RAJ-5,Renewable Energy,Private Agricultural,16.8,5,1,141,Partially Disbursed,41,Full Possession,0,0,0,100,4.6,87.5,1,2,0.0,0,0,0
LAP-15209,Bihar,BIH-2,Highway,Tribal,13.5,47,2,1257,Not Started,7,Survey Complete,0,0,1,45,9.8,79.8,3,3,38.9,0,0,0
LAP-15210,Bihar,BIH-5,Railway,Tribal,74.2,40,6,1140,Partially Disbursed,67,Partial Possession,0,0,1,3,6.4,80.1,3,4,87.3,0,0,0
LAP-15211,Karnataka,KAR-5,Renewable Energy,Private Agricultural,5.2,2,6,116,Partially Disbursed,36,Partial Possession,2,1,0,100,5.8,66.6,0,3,19.6,0,0,0
LAP-15212,Punjab,PUN-3,Power Transmission,Private Agricultural,2.1,20,1,273,Fully Disbursed,90,Survey Complete,2,1,1,24,7.9,66.5,6,2,96.6,0,1,236
LAP-15213,Chhattisgarh,CHH-3,Renewable Energy,Government,4.3,42,2,946,Not Started,4,Not Started,0,0,0,100,4.8,54.8,0,2,74.3,0,0,0
LAP-15214,Punjab,PUN-5,Industrial Corridor,Private Agricultural,43.6,83,1,1181,Partially Disbursed,73,Not Started,1,1,0,100,7.2,60.8,6,7,86.4,1,0,0
LAP-15215,Telangana,TEL-2,Urban Development,Government,21.2,145,6,447,Partially Disbursed,75,Partial Possession,1,1,0,100,6.1,83.3,6,0,93.6,0,0,0
LAP-15216,Maharashtra,MAH-4,Highway,Private Agricultural,6.0,122,4,890,Fully Disbursed,92,Partial Possession,0,0,1,71,9.5,49.6,1,7,65.3,0,0,0
LAP-15217,Chhattisgarh,CHH-1,Highway,Private Agricultural,13.5,211,2,467,Fully Disbursed,97,Survey Complete,0,0,1,89,9.9,49.4,2,8,85.6,0,0,0
LAP-15218,Gujarat,GUJ-2,Irrigation,Private Agricultural,35.5,151,6,510,Not Started,3,Not Started,0,0,1,80,4.6,38.0,2,0,67.7,0,0,0
LAP-15219,Punjab,PUN-3,Irrigation,Private Agricultural,35.2,101,1,333,Not Started,8,Award Declared,2,1,1,72,3.9,57.7,1,2,97.1,0,1,508
LAP-15220,Gujarat,GUJ-4,Renewable Energy,Private Agricultural,285.9,19,1,1215,Partially Disbursed,20,Survey Complete,0,0,1,57,5.8,60.9,1,3,39.3,1,0,0
LAP-15221,Odisha,ODI-6,Highway,Mixed,111.5,39,3,731,Fully Disbursed,89,Full Possession,0,0,0,100,5.2,48.7,4,4,55.2,1,0,0
LAP-15222,Rajasthan,RAJ-1,Railway,Forest,16.1,59,4,110,Not Started,4,Survey Complete,3,1,1,51,8.6,26.1,1,4,33.5,0,1,361
LAP-15223,Tamil Nadu,TAM-6,Industrial Corridor,Government,39.2,15,4,22,Fully Disbursed,99,Not Started,0,0,0,100,6.4,35.1,2,2,26.2,0,0,0
LAP-15224,Odisha,ODI-4,Industrial Corridor,Private Agricultural,31.3,95,3,1168,Not Started,0,Full Possession,1,1,0,100,4.3,33.0,4,0,83.9,0,0,0
LAP-15225,Chhattisgarh,CHH-5,Renewable Energy,Forest,129.9,99,3,239,Partially Disbursed,48,Survey Complete,1,0,0,100,7.5,40.9,3,3,59.0,1,0,0
LAP-15226,Madhya Pradesh,MAD-1,Highway,Government,7.8,328,3,980,Not Started,9,Not Started,2,1,0,100,5.8,74.3,2,2,65.3,0,0,0
LAP-15227,Chhattisgarh,CHH-6,Urban Development,Private Agricultural,4.2,241,3,542,Not Started,8,Award Declared,0,0,1,5,2.8,44.6,1,8,0.0,0,0,0
LAP-15228,Punjab,PUN-3,Irrigation,Forest,37.2,173,2,576,Not Started,2,Survey Complete,2,1,0,100,6.6,68.6,3,0,50.9,0,0,0
LAP-15229,Gujarat,GUJ-2,Irrigation,Private Agricultural,23.1,6,1,1439,Not Started,0,Survey Complete,1,0,1,10,2.8,64.4,2,4,43.1,0,1,11
LAP-15230,Punjab,PUN-6,Renewable Energy,Forest,9.5,22,3,1076,Not Started,5,Full Possession,2,0,0,100,9.7,78.9,2,0,70.2,0,0,0
LAP-15231,Uttar Pradesh,UTT-3,Railway,Mixed,92.5,334,2,512,Not Started,5,Survey Complete,1,1,1,13,5.3,68.3,2,4,73.7,0,0,0
LAP-15232,Madhya Pradesh,MAD-6,Power Transmission,Forest,66.3,567,4,839,Not Started,7,Award Declared,3,1,0,100,5.3,79.6,2,6,49.5,0,1,146
LAP-15233,Tamil Nadu,TAM-5,Urban Development,Tribal,21.5,68,4,457,Not Started,1,Full Possession,0,0,1,70,3.7,71.1,3,2,43.4,0,0,0
LAP-15234,Jharkhand,JHA-4,Highway,Private Agricultural,34.2,110,5,322,Not Started,9,Not Started,2,1,1,52,9.6,30.3,0,8,12.7,0,0,0
LAP-15235,Karnataka,KAR-5,Urban Development,Private Agricultural,30.7,256,4,18,Not Started,4,Survey Complete,0,0,1,17,8.9,61.3,4,3,60.2,0,0,0
LAP-15236,West Bengal,WES-1,Highway,Government,59.1,62,1,259,Fully Disbursed,98,Award Declared,0,0,0,100,7.2,60.6,1,5,35.7,0,1,162
LAP-15237,Madhya Pradesh,MAD-5,Industrial Corridor,Tribal,79.6,127,3,1423,Partially Disbursed,27,Award Declared,3,1,0,100,5.2,69.1,1,4,62.3,0,1,409
LAP-15238,West Bengal,WES-1,Urban Development,Government,154.1,503,5,133,Partially Disbursed,28,Full Possession,0,0,1,44,8.9,65.4,1,8,39.6,0,1,311
LAP-15239,Rajasthan,RAJ-5,Industrial Corridor,Mixed,2.3,46,2,333,Not Started,3,Award Declared,0,0,1,9,7.1,88.3,4,7,67.7,1,0,0
LAP-15240,Punjab,PUN-5,Highway,Forest,2.3,56,6,216,Partially Disbursed,63,Award Declared,3,1,0,100,6.9,63.9,1,8,0.0,0,1,167
LAP-15241,Karnataka,KAR-3,Railway,Private Agricultural,6.3,27,6,1276,Fully Disbursed,96,Award Declared,1,1,1,94,8.4,17.4,2,3,26.1,0,1,193
LAP-15242,Maharashtra,MAH-4,Railway,Forest,14.1,240,1,520,Partially Disbursed,52,Full Possession,0,0,0,100,9.6,81.6,4,6,93.0,0,0,0
LAP-15243,Karnataka,KAR-4,Urban Development,Tribal,94.0,240,1,1112,Partially Disbursed,59,Full Possession,1,1,0,100,2.7,42.3,2,8,63.3,0,1,85
LAP-15244,Gujarat,GUJ-5,Urban Development,Private Agricultural,51.0,21,2,503,Partially Disbursed,34,Survey Complete,1,1,0,100,4.2,58.1,1,1,31.1,1,0,0
LAP-15245,Jharkhand,JHA-2,Power Transmission,Tribal,4.4,184,3,989,Partially Disbursed,70,Not Started,3,0,0,100,6.3,100.0,4,1,63.6,0,0,0
LAP-15246,Odisha,ODI-6,Urban Development,Government,8.0,48,6,686,Not Started,1,Award Declared,0,0,0,100,9.9,82.1,2,4,54.8,0,0,0
LAP-15247,Uttar Pradesh,UTT-6,Highway,Forest,90.2,16,2,240,Not Started,4,Award Declared,2,0,0,100,8.6,100.0,3,3,94.0,0,0,0
LAP-15248,Odisha,ODI-3,Urban Development,Private Agricultural,29.7,400,6,164,Partially Disbursed,63,Full Possession,2,0,0,100,8.2,67.5,5,6,41.4,0,0,0
LAP-15249,Uttar Pradesh,UTT-2,Highway,Private Agricultural,75.1,185,1,1493,Fully Disbursed,88,Award Declared,0,0,1,33,6.0,41.9,0,7,66.1,0,0,0
LAP-15250,Madhya Pradesh,MAD-6,Railway,Private Agricultural,11.5,47,6,1369,Partially Disbursed,16,Partial Possession,2,0,1,87,1.2,61.6,4,8,0.0,0,1,178
LAP-15251,Bihar,BIH-3,Power Transmission,Tribal,16.8,59,5,128,Not Started,1,Survey Complete,1,1,1,50,3.0,84.2,0,6,87.8,0,0,0
LAP-15252,Tamil Nadu,TAM-4,Irrigation,Private Agricultural,14.8,86,3,799,Fully Disbursed,95,Not Started,2,1,1,84,4.1,82.8,3,4,60.1,1,0,0
LAP-15253,Karnataka,KAR-4,Urban Development,Private Agricultural,16.4,16,6,341,Fully Disbursed,88,Award Declared,0,0,0,100,5.7,63.0,3,7,45.6,0,0,0
LAP-15254,Bihar,BIH-3,Highway,Tribal,27.7,88,2,1052,Partially Disbursed,10,Survey Complete,2,0,1,82,4.1,29.9,3,2,55.1,1,1,48
LAP-15255,Tamil Nadu,TAM-1,Industrial Corridor,Tribal,7.3,120,1,684,Partially Disbursed,30,Partial Possession,0,0,0,100,3.8,70.7,2,8,57.8,0,1,30
LAP-15256,Uttar Pradesh,UTT-5,Railway,Mixed,20.9,24,6,1213,Fully Disbursed,86,Award Declared,0,0,0,100,9.8,60.4,3,5,48.3,0,0,0
LAP-15257,Punjab,PUN-6,Highway,Private Agricultural,52.2,9,3,831,Partially Disbursed,17,Not Started,4,0,1,7,1.5,77.8,2,2,34.9,0,0,0
LAP-15258,Odisha,ODI-3,Airport,Government,1.8,13,4,1132,Partially Disbursed,15,Award Declared,0,0,1,27,6.3,75.9,4,7,100.0,0,0,0
LAP-15259,Haryana,HAR-3,Highway,Private Agricultural,47.0,158,2,694,Partially Disbursed,44,Not Started,0,0,1,79,8.0,71.9,1,6,56.9,0,0,0
LAP-15260,Uttar Pradesh,UTT-2,Industrial Corridor,Government,1.3,92,5,797,Partially Disbursed,56,Survey Complete,0,0,0,100,7.6,63.3,1,7,70.6,1,0,0
LAP-15261,Uttar Pradesh,UTT-5,Renewable Energy,Private Agricultural,5.7,10,5,1072,Partially Disbursed,22,Full Possession,0,0,0,100,2.8,51.9,1,8,31.9,1,0,0
LAP-15262,Haryana,HAR-2,Highway,Private Agricultural,35.3,83,1,1198,Partially Disbursed,10,Full Possession,1,1,1,16,7.0,53.4,1,8,27.6,0,1,138
LAP-15263,Rajasthan,RAJ-5,Urban Development,Mixed,217.4,371,5,173,Not Started,4,Survey Complete,1,1,0,100,4.6,49.2,2,1,55.5,0,0,0
LAP-15264,Telangana,TEL-1,Industrial Corridor,Forest,25.0,5,4,378,Fully Disbursed,100,Not Started,0,0,0,100,4.8,79.3,3,0,0.0,0,0,0
LAP-15265,Tamil Nadu,TAM-2,Highway,Private Agricultural,41.8,65,2,869,Fully Disbursed,86,Partial Possession,1,1,1,15,3.9,77.2,2,2,48.3,1,0,0
LAP-15266,West Bengal,WES-6,Irrigation,Government,6.2,9,3,152,Fully Disbursed,91,Partial Possession,2,1,0,100,6.4,47.2,0,3,6.6,1,0,0
LAP-15267,Karnataka,KAR-5,Railway,Private Agricultural,59.9,55,6,29,Partially Disbursed,50,Survey Complete,1,0,1,47,5.5,81.9,0,3,46.8,1,0,0
LAP-15268,Madhya Pradesh,MAD-6,Irrigation,Private Agricultural,27.4,173,4,1453,Partially Disbursed,10,Survey Complete,1,1,0,100,4.0,64.5,0,1,96.8,0,1,148
LAP-15269,Maharashtra,MAH-4,Irrigation,Mixed,22.2,43,5,371,Fully Disbursed,94,Not Started,1,0,0,100,7.9,49.8,4,6,100.0,0,0,0
LAP-15270,Uttar Pradesh,UTT-6,Airport,Private Agricultural,33.4,15,4,1363,Fully Disbursed,86,Survey Complete,1,1,1,94,8.7,43.7,3,3,37.4,0,0,0
LAP-15271,Odisha,ODI-2,Power Transmission,Tribal,20.0,62,2,95,Not Started,1,Survey Complete,2,0,0,100,5.0,100.0,1,2,51.9,1,0,0
LAP-15272,Odisha,ODI-4,Urban Development,Private Agricultural,12.7,187,3,703,Partially Disbursed,61,Survey Complete,0,0,1,76,5.8,84.0,3,0,49.7,0,0,0
LAP-15273,West Bengal,WES-3,Urban Development,Government,6.8,84,5,1176,Not Started,9,Not Started,0,0,1,33,6.7,84.8,3,2,28.0,0,0,0
LAP-15274,Maharashtra,MAH-2,Railway,Private Agricultural,52.8,42,2,1241,Fully Disbursed,97,Survey Complete,1,1,0,100,10.0,38.6,2,4,26.7,1,1,65
LAP-15275,Bihar,BIH-1,Urban Development,Tribal,4.6,299,3,527,Not Started,8,Full Possession,0,0,1,18,6.8,75.6,2,3,59.7,1,0,0
LAP-15276,Gujarat,GUJ-1,Irrigation,Private Agricultural,22.8,94,1,165,Partially Disbursed,54,Not Started,0,0,1,8,6.6,71.6,2,8,14.8,1,0,0
LAP-15277,Madhya Pradesh,MAD-6,Railway,Forest,9.9,47,6,1413,Not Started,3,Not Started,0,0,1,60,3.4,35.6,2,8,100.0,0,0,0
LAP-15278,Uttar Pradesh,UTT-5,Industrial Corridor,Mixed,47.3,114,6,1217,Partially Disbursed,31,Award Declared,2,1,1,13,6.1,66.8,3,4,51.4,0,1,232
LAP-15279,Maharashtra,MAH-1,Highway,Forest,88.1,32,4,1469,Fully Disbursed,95,Partial Possession,0,0,0,100,5.0,47.8,2,5,37.2,0,0,0
LAP-15280,Haryana,HAR-4,Highway,Private Agricultural,47.1,4,3,920,Not Started,4,Survey Complete,1,0,0,100,6.7,38.1,1,0,64.6,0,0,0
LAP-15281,Uttar Pradesh,UTT-5,Railway,Private Agricultural,313.3,35,5,84,Fully Disbursed,86,Award Declared,2,1,0,100,6.5,44.2,1,5,33.6,0,1,124
LAP-15282,Maharashtra,MAH-1,Renewable Energy,Tribal,3.0,41,2,1274,Partially Disbursed,33,Not Started,1,1,1,27,5.4,72.6,2,8,89.6,0,1,276
LAP-15283,Punjab,PUN-2,Industrial Corridor,Private Agricultural,7.4,20,6,408,Fully Disbursed,99,Partial Possession,1,0,1,26,6.5,64.4,0,2,76.4,1,1,261
LAP-15284,Bihar,BIH-1,Urban Development,Private Agricultural,89.9,75,4,736,Partially Disbursed,16,Survey Complete,1,1,0,100,6.0,70.9,5,5,68.1,0,1,97
LAP-15285,Tamil Nadu,TAM-5,Urban Development,Private Agricultural,24.2,117,4,28,Not Started,3,Award Declared,0,0,0,100,4.8,57.3,1,2,48.4,0,0,0
LAP-15286,Uttar Pradesh,UTT-6,Highway,Private Agricultural,17.4,37,6,605,Fully Disbursed,85,Award Declared,0,0,1,83,2.9,51.7,2,2,15.2,0,0,0
LAP-15287,Maharashtra,MAH-3,Highway,Mixed,25.3,704,1,698,Fully Disbursed,93,Award Declared,1,1,0,100,5.1,33.7,4,3,96.9,0,0,0
LAP-15288,Karnataka,KAR-2,Highway,Private Agricultural,39.1,143,3,1221,Fully Disbursed,97,Survey Complete,2,0,1,67,7.7,27.6,3,5,100.0,1,0,0
LAP-15289,Tamil Nadu,TAM-5,Urban Development,Tribal,25.3,16,1,951,Not Started,6,Not Started,2,1,1,52,7.3,72.8,0,0,10.8,1,1,89
LAP-15290,Tamil Nadu,TAM-1,Highway,Forest,7.9,27,5,204,Fully Disbursed,93,Partial Possession,2,1,0,100,7.5,59.2,2,1,62.8,0,0,0
LAP-15291,Chhattisgarh,CHH-3,Renewable Energy,Tribal,4.0,101,1,344,Partially Disbursed,23,Partial Possession,1,0,1,19,3.9,66.5,1,3,87.6,1,0,0
LAP-15292,Chhattisgarh,CHH-3,Highway,Tribal,29.0,94,3,875,Not Started,4,Not Started,0,0,0,100,7.3,70.1,0,2,42.5,0,1,204
LAP-15293,Karnataka,KAR-6,Highway,Mixed,15.3,29,5,635,Partially Disbursed,57,Partial Possession,0,0,0,100,4.9,73.6,1,5,100.0,0,1,134
LAP-15294,West Bengal,WES-6,Irrigation,Private Agricultural,9.7,36,2,94,Fully Disbursed,88,Full Possession,1,0,1,43,4.7,53.2,2,2,75.9,0,0,0
LAP-15295,Uttar Pradesh,UTT-5,Irrigation,Tribal,28.3,3,6,701,Partially Disbursed,74,Not Started,0,0,1,21,8.5,37.4,1,6,89.2,0,1,112
LAP-15296,Gujarat,GUJ-3,Irrigation,Private Agricultural,294.2,389,2,1114,Partially Disbursed,58,Full Possession,0,0,1,75,4.0,23.1,2,1,43.5,0,1,9
LAP-15297,Bihar,BIH-2,Highway,Mixed,30.4,34,3,796,Not Started,4,Survey Complete,0,0,0,100,6.7,74.9,2,5,73.3,0,0,0
LAP-15298,Gujarat,GUJ-6,Highway,Private Agricultural,3.9,161,3,401,Fully Disbursed,86,Not Started,1,1,1,8,6.3,63.7,0,6,19.8,0,0,0
LAP-15299,Uttar Pradesh,UTT-4,Irrigation,Private Agricultural,8.0,60,6,992,Partially Disbursed,14,Partial Possession,1,1,0,100,7.9,80.7,3,5,75.4,0,0,0
LAP-15300,Punjab,PUN-5,Railway,Forest,24.1,56,1,719,Fully Disbursed,92,Partial Possession,0,0,0,100,7.1,59.4,2,7,44.1,0,0,0
LAP-15301,Gujarat,GUJ-4,Irrigation,Forest,11.6,210,4,1410,Partially Disbursed,62,Not Started,2,1,1,81,5.6,38.8,0,2,37.3,0,0,0
LAP-15302,Jharkhand,JHA-1,Airport,Government,6.1,58,1,171,Fully Disbursed,92,Partial Possession,1,1,0,100,2.6,61.3,3,0,38.5,0,0,0
LAP-15303,Jharkhand,JHA-2,Irrigation,Private Agricultural,24.8,17,4,1440,Partially Disbursed,54,Partial Possession,1,1,1,54,6.0,68.1,4,3,88.9,1,0,0
LAP-15304,Haryana,HAR-4,Irrigation,Private Agricultural,45.8,5,4,1102,Not Started,7,Survey Complete,1,1,0,100,5.3,43.6,3,1,57.7,0,0,0
LAP-15305,Karnataka,KAR-2,Industrial Corridor,Private Agricultural,26.4,1,2,1155,Not Started,1,Award Declared,1,1,1,4,4.7,36.2,1,7,76.7,1,0,0
LAP-15306,Punjab,PUN-1,Highway,Tribal,3.0,7,1,1063,Not Started,4,Not Started,1,1,0,100,5.4,65.4,2,7,69.7,0,0,0
LAP-15307,Gujarat,GUJ-6,Urban Development,Tribal,23.3,10,1,18,Not Started,5,Award Declared,0,0,0,100,3.5,77.8,2,5,51.0,0,0,0
LAP-15308,Maharashtra,MAH-5,Urban Development,Private Agricultural,18.6,13,2,378,Fully Disbursed,88,Award Declared,0,0,1,59,8.0,72.1,0,1,52.9,0,0,0
LAP-15309,Odisha,ODI-2,Highway,Private Agricultural,56.8,63,3,1478,Fully Disbursed,99,Partial Possession,0,0,1,25,10.0,57.5,1,0,95.3,1,0,0
LAP-15310,Maharashtra,MAH-1,Railway,Private Agricultural,60.4,76,6,1119,Not Started,4,Full Possession,2,0,1,33,8.5,39.8,2,5,27.7,0,0,0
LAP-15311,Rajasthan,RAJ-2,Irrigation,Forest,13.6,18,6,1100,Not Started,2,Not Started,3,0,0,100,9.6,42.7,4,2,63.3,1,1,456
LAP-15312,Jharkhand,JHA-2,Irrigation,Mixed,44.2,407,3,651,Fully Disbursed,87,Partial Possession,0,0,0,100,5.2,51.0,2,6,71.2,1,0,0
LAP-15313,Odisha,ODI-3,Power Transmission,Private Agricultural,3.4,106,2,1291,Fully Disbursed,97,Award Declared,0,0,0,100,5.7,37.0,4,1,14.1,0,0,0
LAP-15314,Gujarat,GUJ-1,Industrial Corridor,Forest,22.4,36,2,100,Partially Disbursed,66,Award Declared,2,1,0,100,7.0,43.6,0,2,54.3,0,0,0
LAP-15315,Haryana,HAR-5,Highway,Government,15.3,1,1,909,Not Started,1,Partial Possession,1,1,0,100,3.8,38.0,0,0,39.1,1,1,18
LAP-15316,West Bengal,WES-5,Highway,Private Agricultural,17.6,8,3,807,Not Started,9,Award Declared,1,1,0,100,10.0,79.1,6,1,82.6,0,1,127
LAP-15317,Telangana,TEL-3,Industrial Corridor,Private Agricultural,18.2,7,4,836,Partially Disbursed,17,Award Declared,0,0,0,100,4.3,44.6,6,4,15.6,0,1,100
LAP-15318,Haryana,HAR-4,Urban Development,Private Agricultural,24.9,193,5,201,Fully Disbursed,100,Full Possession,1,1,0,100,6.8,77.9,1,0,59.7,1,0,0
LAP-15319,Chhattisgarh,CHH-1,Urban Development,Private Agricultural,53.8,213,3,1229,Partially Disbursed,36,Partial Possession,0,0,0,100,7.2,67.9,1,6,69.1,0,0,0
LAP-15320,Tamil Nadu,TAM-3,Urban Development,Tribal,4.6,314,2,647,Not Started,7,Award Declared,2,0,0,100,7.4,95.6,3,0,86.0,1,1,106
LAP-15321,Odisha,ODI-5,Highway,Government,34.9,23,1,427,Partially Disbursed,76,Partial Possession,0,0,0,100,4.6,35.1,0,8,37.4,0,1,56
LAP-15322,Gujarat,GUJ-6,Renewable Energy,Private Agricultural,15.4,244,6,250,Partially Disbursed,69,Not Started,0,0,0,100,5.8,60.2,2,2,75.9,0,0,0
LAP-15323,Tamil Nadu,TAM-2,Industrial Corridor,Forest,11.6,28,5,306,Partially Disbursed,83,Partial Possession,0,0,0,100,7.2,66.3,1,1,42.0,1,0,0
LAP-15324,Karnataka,KAR-1,Urban Development,Mixed,14.1,63,6,880,Partially Disbursed,46,Award Declared,1,1,0,100,4.2,64.6,2,7,97.9,1,0,0
LAP-15325,Telangana,TEL-2,Power Transmission,Government,35.9,76,4,831,Not Started,5,Award Declared,0,0,0,100,8.9,42.1,1,8,18.0,0,1,278
LAP-15326,Tamil Nadu,TAM-5,Power Transmission,Private Agricultural,138.7,34,1,1017,Not Started,4,Full Possession,0,0,1,38,6.5,48.0,4,8,54.6,0,0,0
LAP-15327,Madhya Pradesh,MAD-5,Highway,Mixed,29.7,36,3,968,Partially Disbursed,68,Award Declared,0,0,0,100,6.7,50.0,4,3,33.7,1,0,0
LAP-15328,Punjab,PUN-4,Railway,Government,48.6,11,6,972,Not Started,9,Not Started,1,0,1,67,5.2,50.1,3,0,68.6,0,0,0
LAP-15329,Chhattisgarh,CHH-3,Industrial Corridor,Tribal,60.5,154,2,1452,Not Started,5,Survey Complete,2,1,1,13,7.1,40.2,2,8,73.3,1,0,0
LAP-15330,Tamil Nadu,TAM-1,Airport,Mixed,16.0,27,3,512,Partially Disbursed,46,Award Declared,0,0,0,100,6.3,81.5,0,2,34.8,0,0,0
LAP-15331,Maharashtra,MAH-3,Irrigation,Tribal,34.7,76,4,421,Not Started,7,Survey Complete,2,1,1,16,6.1,55.7,4,7,48.7,0,0,0
LAP-15332,Maharashtra,MAH-3,Railway,Private Agricultural,30.9,21,6,689,Partially Disbursed,74,Full Possession,1,1,0,100,3.2,59.4,1,2,60.2,0,1,200
LAP-15333,Chhattisgarh,CHH-4,Highway,Private Agricultural,6.2,489,4,1383,Partially Disbursed,83,Full Possession,2,0,0,100,6.2,74.9,1,1,27.7,1,1,130
LAP-15334,Tamil Nadu,TAM-2,Power Transmission,Private Agricultural,6.8,64,5,593,Not Started,3,Partial Possession,1,1,1,47,2.1,58.4,1,5,28.7,1,1,123
LAP-15335,Tamil Nadu,TAM-6,Highway,Private Agricultural,17.6,88,3,302,Not Started,6,Award Declared,0,0,0,100,4.9,76.6,2,0,22.5,0,0,0
LAP-15336,Madhya Pradesh,MAD-1,Power Transmission,Private Agricultural,8.2,11,5,739,Partially Disbursed,10,Not Started,0,0,0,100,5.2,79.2,2,0,76.5,0,0,0
LAP-15337,Tamil Nadu,TAM-2,Highway,Government,11.3,50,1,70,Partially Disbursed,69,Survey Complete,0,0,1,96,4.1,61.0,4,6,17.8,0,0,0
LAP-15338,Bihar,BIH-4,Highway,Private Agricultural,22.0,190,5,959,Not Started,2,Not Started,0,0,0,100,5.8,30.1,3,1,57.3,0,0,0
LAP-15339,Maharashtra,MAH-3,Power Transmission,Tribal,16.1,36,6,381,Fully Disbursed,85,Survey Complete,1,1,1,63,2.6,55.7,4,6,0.0,0,1,265
LAP-15340,Odisha,ODI-2,Renewable Energy,Government,13.8,57,4,570,Fully Disbursed,96,Award Declared,0,0,0,100,5.1,57.8,1,8,53.1,1,0,0
LAP-15341,Karnataka,KAR-3,Industrial Corridor,Tribal,89.7,20,5,611,Partially Disbursed,22,Award Declared,0,0,0,100,4.8,48.2,1,1,27.1,1,0,0
LAP-15342,Haryana,HAR-5,Highway,Private Agricultural,177.6,55,5,16,Partially Disbursed,64,Partial Possession,1,0,1,48,3.8,39.8,4,3,18.2,1,0,0
LAP-15343,Maharashtra,MAH-6,Urban Development,Private Agricultural,12.2,39,3,1465,Partially Disbursed,45,Survey Complete,0,0,1,45,6.8,65.9,2,0,44.2,0,0,0
LAP-15344,Chhattisgarh,CHH-3,Industrial Corridor,Tribal,101.6,140,6,366,Not Started,9,Full Possession,2,1,1,13,2.5,44.1,1,7,72.7,0,1,30
LAP-15345,Punjab,PUN-6,Urban Development,Private Agricultural,7.0,50,3,387,Not Started,3,Partial Possession,0,0,1,29,4.1,80.1,2,7,52.6,1,0,0
LAP-15346,Punjab,PUN-3,Irrigation,Private Agricultural,136.3,17,1,731,Partially Disbursed,47,Partial Possession,2,1,1,5,5.2,83.5,3,5,100.0,0,1,15
LAP-15347,Bihar,BIH-3,Irrigation,Tribal,23.6,17,6,406,Not Started,1,Partial Possession,1,1,0,100,7.3,100.0,3,3,72.6,0,0,0
LAP-15348,West Bengal,WES-6,Highway,Forest,192.7,242,4,798,Partially Disbursed,24,Partial Possession,2,1,0,100,9.9,46.3,2,6,67.9,0,0,0
LAP-15349,Telangana,TEL-6,Power Transmission,Tribal,7.1,8,1,777,Fully Disbursed,85,Not Started,2,1,1,74,5.8,77.0,3,2,66.0,1,1,139
LAP-15350,Haryana,HAR-1,Highway,Private Agricultural,10.3,399,4,708,Not Started,2,Not Started,2,1,1,0,5.6,60.4,3,2,26.8,1,1,50
LAP-15351,Madhya Pradesh,MAD-6,Highway,Private Agricultural,67.4,162,3,54,Partially Disbursed,26,Partial Possession,1,1,1,74,5.7,5.0,0,8,37.8,0,0,0
LAP-15352,Rajasthan,RAJ-5,Irrigation,Government,2.6,16,1,576,Partially Disbursed,68,Partial Possession,0,0,0,100,7.3,65.1,3,6,24.6,1,0,0
LAP-15353,Bihar,BIH-1,Railway,Private Agricultural,32.4,46,3,136,Partially Disbursed,29,Not Started,1,1,1,88,7.0,30.9,1,5,36.7,0,0,0
LAP-15354,Uttar Pradesh,UTT-4,Renewable Energy,Forest,138.8,10,1,599,Partially Disbursed,79,Survey Complete,1,1,0,100,3.7,57.1,3,3,65.8,1,0,0
LAP-15355,West Bengal,WES-4,Highway,Private Agricultural,15.0,92,6,485,Fully Disbursed,100,Not Started,0,0,0,100,6.0,30.2,2,6,58.9,0,0,0
LAP-15356,Bihar,BIH-4,Power Transmission,Private Agricultural,42.0,271,5,1211,Fully Disbursed,85,Award Declared,0,0,0,100,7.8,54.0,5,4,45.9,1,1,50
LAP-15357,Tamil Nadu,TAM-5,Highway,Private Agricultural,30.4,171,4,1121,Partially Disbursed,14,Partial Possession,3,1,0,100,5.4,46.9,2,7,64.1,0,1,42
LAP-15358,Karnataka,KAR-1,Railway,Forest,791.1,31,4,499,Fully Disbursed,95,Award Declared,2,1,0,100,3.7,59.8,1,8,50.6,0,0,0
LAP-15359,Gujarat,GUJ-1,Urban Development,Forest,13.2,23,3,1272,Partially Disbursed,37,Award Declared,1,0,1,85,6.9,82.2,3,2,71.5,0,0,0
LAP-15360,Haryana,HAR-5,Power Transmission,Private Agricultural,18.8,79,3,1196,Not Started,2,Survey Complete,1,1,0,100,7.4,68.5,2,3,72.6,0,0,0
LAP-15361,Jharkhand,JHA-1,Highway,Private Agricultural,221.4,21,1,575,Fully Disbursed,87,Survey Complete,0,0,1,57,5.7,94.1,3,8,47.4,0,0,0
LAP-15362,Bihar,BIH-1,Urban Development,Forest,4.5,21,2,1268,Partially Disbursed,58,Partial Possession,2,1,0,100,6.6,79.5,1,5,36.7,1,1,248
LAP-15363,Jharkhand,JHA-5,Industrial Corridor,Private Agricultural,109.4,76,2,583,Partially Disbursed,62,Full Possession,2,1,0,100,5.3,65.8,5,8,74.8,0,1,70
LAP-15364,Haryana,HAR-5,Renewable Energy,Forest,12.2,38,1,1491,Partially Disbursed,65,Award Declared,1,0,0,100,3.0,61.0,1,3,39.6,1,0,0
LAP-15365,Odisha,ODI-2,Highway,Private Agricultural,21.4,61,4,265,Partially Disbursed,47,Not Started,1,1,0,100,2.2,17.9,2,2,80.6,0,1,91
LAP-15366,Rajasthan,RAJ-6,Airport,Private Agricultural,17.1,126,3,718,Partially Disbursed,23,Not Started,1,1,1,46,5.0,63.7,2,2,42.7,0,0,0
LAP-15367,Bihar,BIH-2,Railway,Forest,164.4,95,6,48,Partially Disbursed,79,Full Possession,0,0,0,100,2.1,26.0,2,4,48.6,0,1,198
LAP-15368,Uttar Pradesh,UTT-5,Irrigation,Private Agricultural,38.8,54,5,1209,Partially Disbursed,34,Survey Complete,2,1,0,100,4.5,74.6,1,6,100.0,0,1,140
LAP-15369,Jharkhand,JHA-3,Urban Development,Government,36.4,9,5,147,Partially Disbursed,62,Survey Complete,0,0,0,100,2.8,79.7,1,0,34.0,0,0,0
LAP-15370,Madhya Pradesh,MAD-3,Highway,Private Agricultural,115.4,111,6,782,Partially Disbursed,66,Not Started,0,0,0,100,4.5,58.7,1,6,70.2,0,0,0
LAP-15371,Punjab,PUN-4,Urban Development,Forest,67.5,33,4,165,Fully Disbursed,90,Partial Possession,1,1,0,100,6.7,40.1,5,7,15.9,1,0,0
LAP-15372,Telangana,TEL-1,Highway,Tribal,49.3,1768,5,1418,Partially Disbursed,33,Survey Complete,1,1,0,100,4.4,55.4,1,3,100.0,1,0,0
LAP-15373,Uttar Pradesh,UTT-6,Irrigation,Forest,7.6,41,3,409,Partially Disbursed,29,Award Declared,1,1,0,100,6.6,84.9,3,4,25.2,0,1,167
LAP-15374,Uttar Pradesh,UTT-3,Urban Development,Private Agricultural,26.2,9,5,89,Fully Disbursed,100,Survey Complete,0,0,1,37,3.4,44.7,1,3,100.0,1,0,0
LAP-15375,Uttar Pradesh,UTT-3,Highway,Mixed,45.1,20,6,354,Not Started,3,Partial Possession,2,1,0,100,8.3,62.0,4,6,61.8,0,0,0
LAP-15376,Maharashtra,MAH-4,Airport,Government,49.1,8,4,940,Not Started,1,Survey Complete,1,1,1,82,4.6,66.4,4,7,37.7,0,1,204
LAP-15377,Telangana,TEL-1,Highway,Tribal,28.4,33,5,1254,Not Started,9,Survey Complete,2,1,0,100,10.0,97.4,0,3,49.8,1,1,195
LAP-15378,Telangana,TEL-1,Urban Development,Tribal,7.2,65,6,542,Not Started,0,Full Possession,3,1,0,100,10.0,73.8,1,0,67.7,0,0,0
LAP-15379,Gujarat,GUJ-6,Highway,Government,13.7,59,5,736,Fully Disbursed,85,Partial Possession,1,1,0,100,4.2,54.7,4,1,45.3,0,1,78
LAP-15380,Karnataka,KAR-4,Irrigation,Tribal,19.3,63,3,632,Partially Disbursed,49,Full Possession,1,0,1,22,4.7,66.6,4,1,85.3,0,0,0
LAP-15381,Jharkhand,JHA-5,Railway,Tribal,33.5,40,3,891,Not Started,7,Award Declared,1,1,1,50,8.1,86.5,2,5,18.6,1,0,0
LAP-15382,Odisha,ODI-1,Industrial Corridor,Private Agricultural,6.4,86,5,246,Fully Disbursed,88,Not Started,0,0,0,100,8.6,54.0,2,2,75.3,1,0,0
LAP-15383,West Bengal,WES-6,Airport,Private Agricultural,10.2,20,1,1489,Fully Disbursed,94,Partial Possession,0,0,1,60,7.2,95.6,4,8,51.9,0,0,0
LAP-15384,Gujarat,GUJ-6,Highway,Private Agricultural,4.6,41,3,1476,Partially Disbursed,16,Not Started,0,0,1,48,3.1,54.6,3,5,35.8,1,0,0
LAP-15385,Maharashtra,MAH-4,Airport,Forest,14.1,217,3,100,Not Started,7,Not Started,2,0,0,100,5.7,36.1,2,0,60.3,0,0,0
LAP-15386,Uttar Pradesh,UTT-6,Railway,Forest,17.2,197,6,959,Partially Disbursed,34,Award Declared,1,0,1,40,4.5,59.7,2,0,43.1,0,0,0
LAP-15387,Telangana,TEL-4,Urban Development,Private Agricultural,62.8,52,2,77,Partially Disbursed,67,Partial Possession,2,0,1,93,2.3,40.9,3,8,31.3,1,1,154
LAP-15388,Rajasthan,RAJ-3,Urban Development,Private Agricultural,10.6,40,2,1019,Not Started,6,Not Started,0,0,1,19,4.0,71.6,3,8,88.7,0,1,74
LAP-15389,Tamil Nadu,TAM-6,Highway,Government,39.1,16,6,632,Fully Disbursed,94,Full Possession,1,1,0,100,7.5,75.2,1,4,39.5,1,0,0
LAP-15390,Uttar Pradesh,UTT-6,Urban Development,Government,14.5,60,2,369,Fully Disbursed,89,Not Started,1,1,1,72,3.7,45.4,2,0,43.0,0,0,0
LAP-15391,Gujarat,GUJ-6,Industrial Corridor,Forest,20.5,79,5,785,Partially Disbursed,32,Award Declared,1,1,1,29,6.4,37.4,1,4,30.3,0,0,0
LAP-15392,Karnataka,KAR-6,Power Transmission,Private Agricultural,26.0,172,2,275,Partially Disbursed,79,Not Started,0,0,1,6,7.0,51.7,2,5,46.3,0,0,0
LAP-15393,Jharkhand,JHA-4,Irrigation,Private Agricultural,58.5,207,2,951,Partially Disbursed,79,Partial Possession,0,0,0,100,5.6,81.2,2,5,45.2,0,0,0
LAP-15394,Rajasthan,RAJ-4,Urban Development,Private Agricultural,7.1,80,6,445,Partially Disbursed,63,Partial Possession,1,1,1,48,5.4,74.5,3,4,59.2,0,0,0
LAP-15395,Chhattisgarh,CHH-4,Renewable Energy,Private Agricultural,133.8,146,5,249,Not Started,7,Full Possession,4,1,0,100,6.6,100.0,2,7,0.6,0,1,194
LAP-15396,Punjab,PUN-3,Industrial Corridor,Forest,3.2,38,5,1052,Partially Disbursed,67,Survey Complete,1,1,1,14,6.9,29.5,3,8,75.2,0,0,0
LAP-15397,Madhya Pradesh,MAD-3,Urban Development,Mixed,5.9,235,5,1345,Partially Disbursed,11,Not Started,0,0,0,100,7.2,47.5,1,5,63.4,0,0,0
LAP-15398,Punjab,PUN-5,Highway,Government,8.0,74,2,630,Partially Disbursed,68,Partial Possession,0,0,0,100,5.2,36.1,2,0,63.5,0,0,0
LAP-15399,Maharashtra,MAH-1,Highway,Mixed,29.0,26,3,717,Not Started,7,Not Started,0,0,0,100,5.1,56.0,3,1,57.8,1,0,0
LAP-15400,Karnataka,KAR-5,Industrial Corridor,Private Agricultural,15.9,9,3,1465,Not Started,1,Full Possession,1,1,0,100,7.1,19.6,0,2,36.6,1,0,0
LAP-15401,Gujarat,GUJ-6,Railway,Government,170.3,159,4,79,Fully Disbursed,94,Partial Possession,0,0,0,100,5.4,67.7,2,0,60.3,0,0,0
LAP-15402,Bihar,BIH-3,Highway,Forest,72.8,2,4,546,Partially Disbursed,61,Award Declared,3,0,0,100,8.0,48.7,4,6,78.3,0,0,0
LAP-15403,Jharkhand,JHA-3,Airport,Forest,17.1,76,4,659,Not Started,8,Not Started,2,1,0,100,7.8,63.4,1,7,45.2,1,1,145
LAP-15404,Punjab,PUN-1,Urban Development,Private Agricultural,36.8,9,3,893,Not Started,4,Award Declared,0,0,1,96,6.1,72.7,1,8,61.8,0,0,0
LAP-15405,Madhya Pradesh,MAD-1,Urban Development,Private Agricultural,2.4,397,4,241,Not Started,1,Partial Possession,1,1,0,100,3.8,55.7,2,8,65.0,0,0,0
LAP-15406,Rajasthan,RAJ-3,Power Transmission,Private Agricultural,1.9,236,3,952,Not Started,9,Full Possession,2,1,0,100,7.4,57.8,2,7,40.5,0,1,143
LAP-15407,Punjab,PUN-6,Highway,Government,23.0,122,3,1155,Partially Disbursed,55,Not Started,1,1,0,100,1.0,50.7,1,7,12.1,1,1,60
LAP-15408,Uttar Pradesh,UTT-2,Railway,Private Agricultural,55.3,109,1,277,Not Started,0,Survey Complete,0,0,1,3,6.2,45.6,1,3,82.8,0,0,0
LAP-15409,Uttar Pradesh,UTT-4,Highway,Private Agricultural,31.1,113,5,549,Partially Disbursed,29,Partial Possession,1,0,0,100,5.6,53.3,2,4,53.9,0,0,0
LAP-15410,Tamil Nadu,TAM-5,Power Transmission,Mixed,26.3,29,5,875,Not Started,2,Partial Possession,0,0,1,80,4.6,28.2,1,2,72.9,0,0,0
LAP-15411,Gujarat,GUJ-6,Industrial Corridor,Government,20.2,69,5,187,Not Started,4,Partial Possession,2,0,0,100,9.4,70.1,1,3,44.6,0,0,0
LAP-15412,Haryana,HAR-3,Highway,Forest,72.8,65,3,187,Partially Disbursed,52,Survey Complete,0,0,1,84,6.7,42.4,0,5,90.5,0,0,0
LAP-15413,Tamil Nadu,TAM-6,Highway,Tribal,10.4,171,3,584,Partially Disbursed,71,Partial Possession,0,0,1,33,6.3,58.2,3,3,69.2,1,0,0
LAP-15414,Jharkhand,JHA-6,Power Transmission,Mixed,23.6,10,5,236,Partially Disbursed,17,Partial Possession,0,0,0,100,5.7,41.6,5,5,45.8,0,0,0
LAP-15415,Bihar,BIH-1,Railway,Private Agricultural,31.2,328,2,791,Fully Disbursed,90,Partial Possession,0,0,0,100,5.9,70.2,2,7,100.0,0,0,0
LAP-15416,Haryana,HAR-2,Railway,Tribal,6.5,23,4,372,Partially Disbursed,12,Not Started,1,1,0,100,4.0,49.7,1,8,60.2,0,1,183
LAP-15417,Odisha,ODI-3,Renewable Energy,Private Agricultural,45.3,63,5,798,Not Started,2,Partial Possession,1,0,0,100,5.8,72.9,1,5,17.5,0,0,0
LAP-15418,Telangana,TEL-1,Railway,Forest,11.8,88,4,669,Partially Disbursed,69,Not Started,3,1,1,82,8.0,100.0,1,4,46.6,1,0,0
LAP-15419,Telangana,TEL-3,Irrigation,Private Agricultural,22.7,157,5,1477,Not Started,5,Partial Possession,0,0,0,100,6.2,51.5,0,4,100.0,0,0,0
LAP-15420,West Bengal,WES-1,Industrial Corridor,Forest,8.6,5,1,1337,Partially Disbursed,12,Partial Possession,0,0,1,53,5.5,73.6,0,1,58.7,1,0,0
LAP-15421,Bihar,BIH-5,Renewable Energy,Tribal,5.6,52,6,87,Partially Disbursed,47,Not Started,0,0,0,100,3.5,48.0,3,1,17.9,1,0,0
LAP-15422,Bihar,BIH-4,Highway,Private Agricultural,3.3,169,5,313,Partially Disbursed,37,Award Declared,2,0,1,66,2.8,75.2,2,3,70.8,0,1,93
LAP-15423,Telangana,TEL-4,Railway,Private Agricultural,10.5,40,1,765,Partially Disbursed,19,Partial Possession,1,1,1,82,7.7,20.1,2,3,74.9,1,0,0
LAP-15424,Jharkhand,JHA-5,Irrigation,Forest,7.6,32,2,694,Partially Disbursed,53,Survey Complete,0,0,0,100,3.9,62.7,0,3,31.2,0,0,0
LAP-15425,Tamil Nadu,TAM-6,Railway,Private Agricultural,2.7,91,2,1065,Fully Disbursed,94,Survey Complete,2,0,1,44,6.0,72.9,2,5,69.8,1,0,0
LAP-15426,Uttar Pradesh,UTT-2,Industrial Corridor,Tribal,29.0,50,2,786,Partially Disbursed,12,Survey Complete,2,0,0,100,3.9,87.8,1,0,97.2,0,0,0
LAP-15427,Chhattisgarh,CHH-2,Urban Development,Government,30.5,87,5,45,Not Started,8,Not Started,0,0,0,100,9.5,59.6,1,6,68.2,0,0,0
LAP-15428,Karnataka,KAR-5,Railway,Private Agricultural,60.5,494,6,205,Partially Disbursed,40,Partial Possession,0,0,0,100,7.6,46.4,0,4,41.1,0,0,0
LAP-15429,Punjab,PUN-2,Irrigation,Private Agricultural,6.4,26,5,26,Fully Disbursed,100,Partial Possession,2,1,1,46,6.0,75.6,3,4,61.2,0,0,0
LAP-15430,Karnataka,KAR-2,Power Transmission,Forest,8.2,373,1,286,Partially Disbursed,21,Survey Complete,0,0,0,100,4.1,36.9,2,3,24.3,1,1,150
LAP-15431,Gujarat,GUJ-4,Power Transmission,Forest,53.4,65,6,72,Not Started,9,Award Declared,1,1,0,100,6.2,83.9,2,4,54.3,0,1,259
LAP-15432,Karnataka,KAR-6,Urban Development,Private Agricultural,28.6,45,5,74,Not Started,3,Survey Complete,0,0,1,40,7.5,71.5,1,0,59.3,1,0,0
LAP-15433,Chhattisgarh,CHH-3,Railway,Private Agricultural,15.9,32,2,431,Not Started,5,Survey Complete,0,0,0,100,6.4,71.9,2,7,91.0,0,0,0
LAP-15434,Gujarat,GUJ-4,Urban Development,Tribal,9.0,378,5,1243,Fully Disbursed,99,Not Started,1,1,1,42,9.4,100.0,2,5,61.1,0,0,0
LAP-15435,Rajasthan,RAJ-4,Railway,Tribal,49.5,245,2,549,Partially Disbursed,50,Partial Possession,3,1,1,16,7.3,40.8,1,8,45.8,1,1,12
LAP-15436,Jharkhand,JHA-1,Renewable Energy,Private Agricultural,13.4,278,3,375,Fully Disbursed,95,Partial Possession,1,0,0,100,5.1,43.9,3,6,54.7,0,1,139
LAP-15437,Odisha,ODI-3,Railway,Forest,17.8,22,3,623,Partially Disbursed,30,Award Declared,1,1,0,100,6.8,84.7,2,7,65.6,0,1,25
LAP-15438,Chhattisgarh,CHH-2,Railway,Private Agricultural,78.3,7,3,853,Not Started,7,Partial Possession,0,0,1,46,9.5,61.2,3,0,67.5,0,0,0
LAP-15439,Rajasthan,RAJ-5,Power Transmission,Forest,61.7,161,3,825,Not Started,6,Full Possession,3,1,0,100,4.2,48.3,2,3,21.3,0,0,0
LAP-15440,Punjab,PUN-4,Industrial Corridor,Private Agricultural,65.4,60,2,945,Not Started,2,Not Started,1,0,0,100,5.4,68.1,2,5,32.2,0,0,0
LAP-15441,Karnataka,KAR-5,Power Transmission,Private Agricultural,31.5,134,3,172,Not Started,7,Not Started,3,1,1,21,2.9,53.4,3,0,45.6,0,0,0
LAP-15442,Madhya Pradesh,MAD-2,Renewable Energy,Government,120.4,50,4,997,Not Started,6,Partial Possession,0,0,0,100,5.0,45.5,1,4,57.4,0,0,0
LAP-15443,West Bengal,WES-4,Industrial Corridor,Mixed,82.4,5,3,103,Partially Disbursed,80,Not Started,2,1,1,11,6.9,59.6,2,3,14.7,0,0,0
LAP-15444,Karnataka,KAR-4,Highway,Private Agricultural,24.7,115,6,629,Partially Disbursed,76,Full Possession,0,0,1,11,2.9,32.6,2,2,45.5,1,0,0
LAP-15445,Karnataka,KAR-2,Railway,Private Agricultural,38.9,97,3,265,Partially Disbursed,81,Partial Possession,0,0,1,31,7.2,20.0,0,7,39.2,0,1,151
LAP-15446,Tamil Nadu,TAM-3,Highway,Tribal,59.1,15,5,1215,Not Started,2,Award Declared,2,1,0,100,8.7,59.6,4,0,100.0,0,0,0
LAP-15447,Karnataka,KAR-2,Industrial Corridor,Government,37.0,19,1,78,Fully Disbursed,93,Partial Possession,1,1,0,100,8.4,47.8,0,0,64.0,0,0,0
LAP-15448,Uttar Pradesh,UTT-3,Highway,Private Agricultural,5.1,50,4,737,Fully Disbursed,92,Not Started,0,0,0,100,5.6,45.5,2,2,55.0,0,0,0
LAP-15449,Tamil Nadu,TAM-4,Irrigation,Forest,30.7,39,4,304,Partially Disbursed,54,Survey Complete,0,0,0,100,5.4,71.6,2,0,66.0,1,0,0
LAP-15450,Gujarat,GUJ-2,Urban Development,Private Agricultural,12.5,23,5,99,Partially Disbursed,15,Partial Possession,1,1,1,96,3.6,40.4,1,5,67.2,1,1,358
LAP-15451,Odisha,ODI-1,Highway,Government,11.7,28,1,1125,Partially Disbursed,18,Partial Possession,1,0,1,57,8.0,32.8,3,4,64.5,0,0,0
LAP-15452,Jharkhand,JHA-1,Highway,Government,94.2,73,3,803,Partially Disbursed,74,Partial Possession,0,0,0,100,3.4,84.8,0,1,85.9,0,0,0
LAP-15453,Madhya Pradesh,MAD-1,Power Transmission,Forest,9.0,22,5,198,Fully Disbursed,94,Partial Possession,2,1,0,100,7.5,31.2,1,1,58.9,0,0,0
LAP-15454,Madhya Pradesh,MAD-6,Highway,Private Agricultural,10.0,96,3,1348,Partially Disbursed,30,Not Started,1,1,0,100,5.2,34.6,0,2,78.4,0,0,0
LAP-15455,Rajasthan,RAJ-2,Irrigation,Mixed,6.7,51,1,561,Fully Disbursed,90,Partial Possession,0,0,0,100,7.7,45.9,1,1,60.0,0,0,0
LAP-15456,Tamil Nadu,TAM-5,Railway,Government,5.6,42,5,475,Partially Disbursed,32,Survey Complete,3,1,1,47,5.7,59.3,2,1,31.5,0,1,93
LAP-15457,Karnataka,KAR-4,Industrial Corridor,Private Agricultural,17.6,2131,2,1492,Fully Disbursed,99,Not Started,0,0,1,42,7.0,42.2,2,0,95.7,1,0,0
LAP-15458,West Bengal,WES-6,Renewable Energy,Mixed,4.2,35,3,1205,Not Started,3,Full Possession,0,0,0,100,5.8,43.5,2,5,83.6,1,0,0
LAP-15459,Uttar Pradesh,UTT-2,Power Transmission,Private Agricultural,44.4,13,6,212,Partially Disbursed,50,Partial Possession,1,1,0,100,4.6,46.7,1,1,52.7,0,0,0
LAP-15460,Madhya Pradesh,MAD-2,Irrigation,Forest,31.8,14,6,918,Partially Disbursed,84,Survey Complete,0,0,0,100,7.6,74.3,1,3,86.5,0,0,0
LAP-15461,Haryana,HAR-2,Urban Development,Private Agricultural,69.1,123,1,105,Not Started,1,Survey Complete,0,0,0,100,8.7,60.9,0,4,78.2,1,0,0
LAP-15462,Rajasthan,RAJ-5,Railway,Government,21.2,482,1,503,Not Started,9,Full Possession,0,0,1,80,5.5,51.0,2,5,70.3,1,0,0
LAP-15463,Uttar Pradesh,UTT-2,Railway,Private Agricultural,73.1,21,4,766,Partially Disbursed,84,Survey Complete,1,1,0,100,6.9,28.6,3,8,22.4,0,0,0
LAP-15464,Uttar Pradesh,UTT-1,Power Transmission,Private Agricultural,84.5,54,4,1059,Not Started,8,Survey Complete,0,0,1,39,5.7,35.3,2,7,77.2,1,0,0
LAP-15465,Telangana,TEL-4,Highway,Private Agricultural,6.2,41,4,206,Not Started,9,Partial Possession,0,0,0,100,6.2,64.2,0,5,54.8,1,0,0
LAP-15466,Madhya Pradesh,MAD-2,Railway,Government,32.6,5,1,301,Fully Disbursed,96,Partial Possession,1,1,1,30,5.7,50.7,2,1,86.9,0,0,0
LAP-15467,Punjab,PUN-4,Highway,Private Agricultural,38.7,64,6,707,Fully Disbursed,100,Award Declared,0,0,1,94,6.7,81.6,3,0,88.2,1,0,0
LAP-15468,Haryana,HAR-2,Urban Development,Tribal,211.1,31,5,1450,Not Started,3,Partial Possession,0,0,0,100,5.9,35.2,5,8,31.4,0,1,189
LAP-15469,Jharkhand,JHA-5,Highway,Private Agricultural,9.3,69,2,977,Partially Disbursed,55,Partial Possession,0,0,0,100,7.5,59.5,1,4,55.0,0,0,0
LAP-15470,Telangana,TEL-1,Railway,Mixed,75.0,110,5,663,Fully Disbursed,86,Full Possession,0,0,0,100,9.6,74.4,5,1,45.3,0,1,40
LAP-15471,Bihar,BIH-2,Power Transmission,Private Agricultural,60.7,14,5,789,Fully Disbursed,88,Not Started,2,0,1,25,5.7,74.1,2,7,65.4,1,1,97
LAP-15472,Karnataka,KAR-1,Irrigation,Forest,28.2,23,2,99,Partially Disbursed,55,Survey Complete,1,1,1,66,8.2,62.8,1,4,35.2,0,0,0
LAP-15473,Odisha,ODI-3,Highway,Private Agricultural,15.7,63,5,680,Not Started,6,Partial Possession,1,1,0,100,5.4,53.0,2,0,37.8,1,0,0
LAP-15474,Bihar,BIH-6,Renewable Energy,Tribal,12.7,39,3,850,Not Started,4,Award Declared,2,0,1,57,6.6,60.5,3,7,56.5,0,0,0
LAP-15475,Karnataka,KAR-2,Highway,Government,27.7,3,4,859,Fully Disbursed,97,Not Started,1,1,0,100,6.4,50.0,1,7,58.7,0,1,122
LAP-15476,Rajasthan,RAJ-3,Irrigation,Private Agricultural,69.0,49,2,653,Not Started,9,Partial Possession,0,0,1,47,8.1,49.5,2,7,40.9,1,0,0
LAP-15477,Haryana,HAR-1,Renewable Energy,Private Agricultural,8.2,191,6,406,Partially Disbursed,69,Not Started,1,0,0,100,6.1,72.3,2,3,82.3,1,0,0
LAP-15478,Haryana,HAR-5,Urban Development,Government,155.6,58,3,321,Not Started,6,Not Started,0,0,0,100,8.2,86.5,3,0,19.9,0,0,0
LAP-15479,Maharashtra,MAH-6,Urban Development,Tribal,63.7,12,4,1326,Fully Disbursed,89,Full Possession,2,1,1,64,1.7,63.1,2,0,49.9,1,1,81
LAP-15480,Punjab,PUN-2,Irrigation,Tribal,6.7,40,4,1409,Partially Disbursed,61,Survey Complete,2,1,1,57,4.9,53.4,1,1,51.0,0,0,0
LAP-15481,Bihar,BIH-6,Power Transmission,Private Agricultural,19.0,192,3,403,Fully Disbursed,92,Full Possession,2,1,1,26,4.3,67.4,2,3,0.0,0,0,0
LAP-15482,West Bengal,WES-3,Highway,Forest,37.4,73,5,1059,Partially Disbursed,74,Not Started,3,1,0,100,5.2,71.3,0,2,44.1,0,0,0
LAP-15483,Telangana,TEL-3,Irrigation,Tribal,32.2,26,5,1375,Partially Disbursed,72,Not Started,0,0,0,100,8.0,69.7,1,7,47.6,0,0,0
LAP-15484,Punjab,PUN-5,Railway,Private Agricultural,30.9,350,6,640,Fully Disbursed,91,Not Started,0,0,0,100,5.6,50.6,4,3,27.5,0,0,0
LAP-15485,Bihar,BIH-6,Railway,Private Agricultural,8.0,13,4,627,Fully Disbursed,86,Partial Possession,0,0,1,44,6.5,51.0,0,0,86.3,0,0,0
LAP-15486,Uttar Pradesh,UTT-1,Airport,Forest,10.1,196,6,1258,Not Started,7,Full Possession,1,0,0,100,5.2,80.4,3,5,24.9,1,1,64
LAP-15487,Madhya Pradesh,MAD-1,Urban Development,Private Agricultural,7.1,609,2,280,Not Started,9,Award Declared,0,0,0,100,5.1,6.8,5,8,51.6,0,0,0
LAP-15488,Rajasthan,RAJ-2,Highway,Private Agricultural,32.0,459,6,411,Fully Disbursed,91,Full Possession,2,0,1,77,7.9,89.3,1,5,55.3,0,0,0
LAP-15489,Telangana,TEL-6,Urban Development,Private Agricultural,266.2,540,5,797,Not Started,3,Survey Complete,0,0,1,85,7.4,60.9,5,2,29.1,0,0,0
LAP-15490,West Bengal,WES-4,Railway,Tribal,9.0,20,3,48,Partially Disbursed,37,Not Started,2,1,1,48,6.6,58.9,2,4,50.4,0,1,161
LAP-15491,Chhattisgarh,CHH-4,Industrial Corridor,Private Agricultural,9.5,45,1,1112,Fully Disbursed,95,Award Declared,0,0,1,22,4.6,60.2,4,8,83.2,0,1,179
LAP-15492,Karnataka,KAR-6,Urban Development,Government,534.2,48,5,1283,Partially Disbursed,34,Not Started,0,0,0,100,6.1,35.4,3,1,17.3,0,1,209
LAP-15493,Karnataka,KAR-6,Industrial Corridor,Private Agricultural,44.3,96,5,1436,Not Started,7,Award Declared,1,0,0,100,5.4,27.8,0,3,66.5,0,0,0
LAP-15494,Jharkhand,JHA-5,Highway,Government,47.5,38,6,855,Not Started,2,Not Started,0,0,0,100,7.7,23.6,2,3,56.8,0,0,0
LAP-15495,Maharashtra,MAH-3,Highway,Tribal,15.8,27,1,1211,Not Started,8,Partial Possession,1,1,1,33,3.7,35.9,2,8,44.8,0,1,130
LAP-15496,Madhya Pradesh,MAD-1,Highway,Private Agricultural,13.7,430,1,67,Not Started,2,Survey Complete,1,0,0,100,2.5,37.9,0,2,56.4,0,0,0
LAP-15497,Chhattisgarh,CHH-5,Highway,Government,4.8,19,5,547,Partially Disbursed,22,Full Possession,0,0,0,100,6.1,90.1,1,5,64.1,1,0,0
LAP-15498,Karnataka,KAR-3,Highway,Tribal,60.8,28,4,1214,Partially Disbursed,75,Partial Possession,3,1,1,74,4.4,47.4,3,5,75.4,1,0,0
LAP-15499,Gujarat,GUJ-4,Power Transmission,Forest,30.3,9,3,863,Partially Disbursed,41,Award Declared,3,0,0,100,7.3,87.8,3,7,67.5,0,1,41
LAP-15500,Maharashtra,MAH-4,Highway,Private Agricultural,22.3,72,3,425,Partially Disbursed,59,Not Started,1,0,1,41,6.0,97.5,1,8,29.3,0,0,0
LAP-15501,Rajasthan,RAJ-5,Irrigation,Private Agricultural,81.3,16,6,974,Partially Disbursed,39,Partial Possession,0,0,0,100,8.9,97.1,2,2,81.6,0,0,0
LAP-15502,West Bengal,WES-1,Highway,Private Agricultural,56.2,39,5,1461,Not Started,6,Partial Possession,1,1,0,100,5.0,71.3,2,1,75.9,1,1,56
LAP-15503,Tamil Nadu,TAM-6,Power Transmission,Tribal,5.6,65,2,450,Not Started,8,Partial Possession,0,0,0,100,5.7,59.7,3,7,70.6,0,0,0
LAP-15504,Madhya Pradesh,MAD-4,Renewable Energy,Private Agricultural,3.7,106,1,606,Not Started,9,Not Started,1,0,1,57,1.0,39.8,1,2,83.6,1,0,0
LAP-15505,West Bengal,WES-1,Highway,Tribal,45.3,53,2,597,Partially Disbursed,80,Partial Possession,2,1,1,86,5.6,71.1,2,3,82.5,0,0,0
LAP-15506,Punjab,PUN-4,Urban Development,Tribal,66.7,56,4,872,Partially Disbursed,27,Award Declared,0,0,1,100,9.4,89.0,4,4,79.6,0,0,0
LAP-15507,Bihar,BIH-3,Renewable Energy,Forest,46.9,69,5,147,Not Started,4,Not Started,2,1,0,100,4.2,54.3,2,3,100.0,0,1,156
LAP-15508,Gujarat,GUJ-2,Industrial Corridor,Private Agricultural,36.5,56,4,1099,Not Started,8,Survey Complete,2,0,0,100,6.1,85.6,2,0,77.1,1,0,0
LAP-15509,Maharashtra,MAH-1,Power Transmission,Tribal,34.2,40,2,747,Not Started,9,Award Declared,1,1,1,100,5.9,87.4,0,1,44.3,1,0,0
LAP-15510,Chhattisgarh,CHH-4,Power Transmission,Private Agricultural,5.9,22,4,1305,Partially Disbursed,70,Partial Possession,0,0,0,100,5.3,51.9,0,2,39.0,1,0,0
LAP-15511,Madhya Pradesh,MAD-2,Industrial Corridor,Private Agricultural,6.0,33,4,508,Fully Disbursed,99,Partial Possession,1,1,0,100,8.8,94.7,5,1,63.6,0,0,0
LAP-15512,Rajasthan,RAJ-2,Highway,Forest,29.7,14,2,126,Not Started,8,Not Started,0,0,0,100,5.0,100.0,4,8,70.8,1,1,103
LAP-15513,Maharashtra,MAH-2,Highway,Forest,28.6,21,5,707,Partially Disbursed,18,Full Possession,2,0,1,24,5.2,39.8,5,0,39.2,1,0,0
LAP-15514,Gujarat,GUJ-4,Highway,Private Agricultural,2.3,48,1,709,Partially Disbursed,80,Not Started,1,1,1,42,5.6,68.2,2,6,36.9,1,0,0
LAP-15515,Odisha,ODI-2,Urban Development,Private Agricultural,13.5,865,4,1451,Partially Disbursed,84,Award Declared,1,1,1,69,5.6,100.0,2,6,38.3,0,1,69
LAP-15516,Telangana,TEL-6,Irrigation,Private Agricultural,22.2,7,5,101,Partially Disbursed,72,Not Started,2,0,1,10,7.5,83.2,2,1,63.7,0,0,0
LAP-15517,Punjab,PUN-6,Industrial Corridor,Government,39.9,439,3,1117,Fully Disbursed,94,Not Started,0,0,1,45,5.4,28.8,4,7,85.2,0,0,0
LAP-15518,Haryana,HAR-2,Highway,Tribal,13.4,34,4,721,Not Started,4,Award Declared,0,0,0,100,5.1,55.6,3,2,55.2,0,0,0
LAP-15519,Odisha,ODI-2,Industrial Corridor,Private Agricultural,8.4,116,3,1359,Not Started,9,Survey Complete,1,1,0,100,7.0,35.3,1,5,34.9,0,1,110
LAP-15520,Gujarat,GUJ-4,Railway,Private Agricultural,3.3,421,2,1129,Not Started,1,Award Declared,0,0,0,100,5.2,79.4,2,5,44.9,1,0,0
LAP-15521,Gujarat,GUJ-1,Irrigation,Forest,17.3,106,5,1380,Fully Disbursed,93,Survey Complete,0,0,0,100,5.3,60.6,3,8,29.9,0,1,291
LAP-15522,West Bengal,WES-4,Urban Development,Private Agricultural,12.0,348,2,128,Not Started,0,Full Possession,3,1,1,50,4.1,95.9,2,7,46.1,0,1,36
LAP-15523,Chhattisgarh,CHH-3,Urban Development,Tribal,23.4,235,5,881,Fully Disbursed,100,Partial Possession,1,1,0,100,8.2,77.2,1,2,11.3,0,1,111
LAP-15524,Haryana,HAR-5,Irrigation,Tribal,51.8,159,1,833,Not Started,4,Partial Possession,1,1,1,61,6.9,34.5,2,6,64.6,0,1,173
LAP-15525,Bihar,BIH-5,Highway,Private Agricultural,22.8,519,2,741,Fully Disbursed,100,Partial Possession,1,1,0,100,9.4,49.2,2,7,51.8,0,1,81
LAP-15526,Haryana,HAR-4,Urban Development,Private Agricultural,7.9,330,1,49,Partially Disbursed,20,Partial Possession,0,0,1,25,9.4,67.7,0,4,54.5,0,0,0
LAP-15527,Odisha,ODI-2,Renewable Energy,Tribal,3.9,30,1,163,Partially Disbursed,42,Survey Complete,1,1,0,100,5.7,28.5,4,0,38.4,1,0,0
LAP-15528,Odisha,ODI-6,Urban Development,Private Agricultural,79.1,30,3,1325,Partially Disbursed,56,Award Declared,0,0,1,41,7.0,39.9,2,8,48.4,0,1,48
LAP-15529,Madhya Pradesh,MAD-3,Highway,Private Agricultural,18.7,116,3,403,Not Started,0,Not Started,1,1,1,7,9.5,25.1,2,8,11.3,0,1,308
LAP-15530,Telangana,TEL-4,Highway,Tribal,36.2,35,3,1438,Fully Disbursed,87,Partial Possession,1,1,0,100,8.5,56.2,2,0,17.1,0,0,0
LAP-15531,Tamil Nadu,TAM-3,Highway,Government,49.0,150,1,677,Partially Disbursed,18,Survey Complete,1,1,1,43,5.4,72.5,2,1,59.5,0,0,0
LAP-15532,Odisha,ODI-6,Renewable Energy,Forest,418.1,61,4,146,Partially Disbursed,60,Award Declared,0,0,0,100,6.3,77.2,2,1,37.5,0,0,0
LAP-15533,Bihar,BIH-1,Highway,Forest,7.3,68,4,45,Partially Disbursed,24,Not Started,1,1,0,100,5.5,92.6,0,8,52.0,1,1,74
LAP-15534,Telangana,TEL-1,Railway,Government,50.5,47,2,169,Not Started,2,Award Declared,1,0,0,100,5.7,50.2,5,3,61.6,0,0,0
LAP-15535,Haryana,HAR-5,Highway,Private Agricultural,10.1,109,2,974,Partially Disbursed,50,Survey Complete,1,0,1,82,8.9,56.3,3,6,6.9,1,0,0
LAP-15536,Punjab,PUN-6,Irrigation,Tribal,185.0,3142,6,1472,Fully Disbursed,89,Partial Possession,2,1,1,17,1.0,38.4,1,7,38.1,1,1,152
LAP-15537,Gujarat,GUJ-6,Industrial Corridor,Forest,44.8,6,3,1082,Partially Disbursed,71,Full Possession,2,0,1,56,9.6,49.6,2,1,73.3,1,0,0
LAP-15538,West Bengal,WES-1,Urban Development,Private Agricultural,1.0,111,4,371,Fully Disbursed,93,Not Started,1,1,1,59,5.6,40.1,3,7,66.6,0,0,0
LAP-15539,Maharashtra,MAH-1,Irrigation,Government,16.0,69,1,777,Partially Disbursed,64,Award Declared,0,0,0,100,8.2,40.0,1,6,93.1,0,0,0
LAP-15540,Rajasthan,RAJ-6,Railway,Tribal,24.4,75,5,1107,Not Started,5,Full Possession,2,1,0,100,7.5,85.9,2,2,33.9,1,0,0
LAP-15541,Jharkhand,JHA-3,Irrigation,Government,13.8,128,4,1382,Fully Disbursed,89,Award Declared,2,1,0,100,6.1,86.1,2,6,61.4,0,0,0
LAP-15542,Telangana,TEL-1,Irrigation,Mixed,94.9,42,3,66,Not Started,7,Full Possession,0,0,0,100,6.2,17.2,2,1,47.0,1,0,0
LAP-15543,West Bengal,WES-5,Irrigation,Private Agricultural,32.7,87,4,688,Partially Disbursed,74,Not Started,0,0,1,71,7.9,5.0,1,3,43.3,1,0,0
LAP-15544,Rajasthan,RAJ-5,Power Transmission,Government,22.8,2,4,1093,Partially Disbursed,14,Survey Complete,0,0,0,100,7.9,25.5,2,2,47.8,0,1,77
LAP-15545,Haryana,HAR-4,Industrial Corridor,Private Agricultural,15.8,77,3,808,Fully Disbursed,98,Partial Possession,0,0,1,25,4.0,88.7,4,3,80.3,0,0,0
LAP-15546,Tamil Nadu,TAM-5,Highway,Government,65.7,71,6,1153,Not Started,6,Award Declared,0,0,0,100,7.1,40.6,0,1,68.2,1,0,0
LAP-15547,Jharkhand,JHA-5,Industrial Corridor,Forest,95.0,140,1,666,Fully Disbursed,94,Award Declared,0,0,0,100,6.8,37.3,0,4,95.6,1,0,0
LAP-15548,Jharkhand,JHA-1,Highway,Private Agricultural,37.1,150,6,1047,Fully Disbursed,90,Not Started,0,0,0,100,9.1,91.8,4,0,73.1,1,0,0
LAP-15549,Jharkhand,JHA-3,Irrigation,Private Agricultural,17.8,6,1,386,Partially Disbursed,23,Survey Complete,1,1,0,100,6.5,43.3,3,1,71.2,1,1,138
LAP-15550,Karnataka,KAR-4,Irrigation,Tribal,123.2,84,2,743,Partially Disbursed,54,Award Declared,3,1,0,100,5.7,48.9,1,2,99.7,1,0,0
LAP-15551,Chhattisgarh,CHH-2,Highway,Forest,3.4,12,1,506,Fully Disbursed,86,Full Possession,2,1,1,7,5.7,43.9,2,7,66.5,0,1,89
LAP-15552,Karnataka,KAR-4,Highway,Tribal,66.2,337,5,1108,Not Started,6,Partial Possession,1,1,0,100,5.9,38.4,3,3,52.4,1,1,151
LAP-15553,Karnataka,KAR-5,Irrigation,Private Agricultural,24.1,439,1,793,Partially Disbursed,76,Survey Complete,0,0,1,3,7.2,36.6,2,3,47.3,0,0,0
LAP-15554,Chhattisgarh,CHH-5,Irrigation,Government,63.3,354,3,326,Fully Disbursed,99,Award Declared,0,0,0,100,7.3,45.3,1,3,75.3,1,0,0
LAP-15555,Madhya Pradesh,MAD-3,Urban Development,Forest,15.4,62,6,730,Partially Disbursed,79,Partial Possession,2,1,0,100,7.4,34.3,2,3,50.3,0,0,0
LAP-15556,Bihar,BIH-1,Industrial Corridor,Private Agricultural,10.9,65,4,1209,Partially Disbursed,27,Full Possession,0,0,1,41,7.3,60.8,2,1,24.6,1,0,0
LAP-15557,Gujarat,GUJ-4,Airport,Mixed,5.5,418,4,1461,Fully Disbursed,88,Partial Possession,1,1,0,100,6.5,57.1,0,1,100.0,0,1,197
LAP-15558,Punjab,PUN-2,Irrigation,Private Agricultural,149.6,108,2,51,Fully Disbursed,92,Award Declared,0,0,1,73,7.2,47.8,7,0,24.7,0,0,0
LAP-15559,Rajasthan,RAJ-4,Railway,Government,14.5,97,2,1224,Partially Disbursed,31,Not Started,0,0,0,100,6.0,61.9,3,0,13.4,1,0,0
LAP-15560,Bihar,BIH-1,Highway,Private Agricultural,5.0,29,6,1063,Not Started,3,Award Declared,1,1,1,86,7.1,53.6,3,2,87.2,0,0,0
LAP-15561,Jharkhand,JHA-3,Highway,Government,19.2,87,4,1245,Not Started,9,Not Started,0,0,1,24,1.8,61.6,1,8,61.2,0,1,218
LAP-15562,Jharkhand,JHA-6,Renewable Energy,Private Agricultural,3.4,13,3,851,Partially Disbursed,73,Award Declared,2,1,1,93,8.4,93.9,0,2,70.8,1,0,0
LAP-15563,Karnataka,KAR-5,Industrial Corridor,Forest,29.7,61,1,976,Partially Disbursed,21,Partial Possession,3,1,1,50,4.3,96.9,4,5,35.0,1,1,187
LAP-15564,Chhattisgarh,CHH-3,Irrigation,Tribal,66.9,59,6,1319,Fully Disbursed,86,Survey Complete,3,1,1,85,3.9,91.5,1,0,67.4,0,1,210
LAP-15565,Gujarat,GUJ-4,Railway,Forest,14.5,4,1,746,Not Started,2,Full Possession,2,1,1,73,6.1,57.5,3,8,63.3,0,1,37
LAP-15566,West Bengal,WES-4,Irrigation,Private Agricultural,6.4,56,2,1243,Fully Disbursed,99,Survey Complete,1,1,0,100,5.7,54.9,1,5,63.3,0,0,0
LAP-15567,Haryana,HAR-3,Railway,Government,17.5,11,1,1157,Not Started,8,Full Possession,0,0,0,100,8.4,52.1,1,8,51.3,1,0,0
LAP-15568,Haryana,HAR-3,Highway,Private Agricultural,17.9,154,1,1499,Not Started,1,Award Declared,1,1,0,100,6.4,64.3,2,2,31.9,0,0,0
LAP-15569,Uttar Pradesh,UTT-2,Power Transmission,Forest,6.5,19,3,170,Partially Disbursed,30,Not Started,2,1,0,100,4.8,81.1,1,7,54.2,0,1,17
LAP-15570,Chhattisgarh,CHH-6,Power Transmission,Private Agricultural,18.9,84,4,141,Not Started,9,Not Started,0,0,0,100,5.5,55.1,3,2,5.7,0,0,0
LAP-15571,Karnataka,KAR-6,Highway,Tribal,11.7,107,6,974,Not Started,4,Not Started,2,1,1,16,6.6,64.9,0,3,38.2,0,1,52
LAP-15572,Chhattisgarh,CHH-6,Industrial Corridor,Government,3.0,54,6,383,Not Started,9,Award Declared,0,0,0,100,4.2,60.3,0,3,62.1,0,0,0
LAP-15573,Tamil Nadu,TAM-1,Irrigation,Government,5.6,13,5,1011,Partially Disbursed,69,Partial Possession,1,0,0,100,7.7,59.2,3,0,71.6,0,0,0
LAP-15574,Madhya Pradesh,MAD-2,Renewable Energy,Forest,13.0,23,2,216,Partially Disbursed,62,Partial Possession,5,1,1,29,4.1,95.5,3,2,39.3,0,0,0
LAP-15575,Haryana,HAR-1,Power Transmission,Private Agricultural,155.5,50,3,157,Partially Disbursed,24,Partial Possession,1,1,0,100,6.4,25.6,3,6,100.0,1,1,212
LAP-15576,Karnataka,KAR-3,Railway,Government,37.3,73,6,707,Partially Disbursed,43,Full Possession,2,1,0,100,3.0,76.1,0,2,65.4,1,0,0
LAP-15577,Odisha,ODI-6,Urban Development,Forest,8.1,133,1,85,Not Started,8,Partial Possession,2,0,0,100,6.0,61.2,4,6,23.9,1,1,99
LAP-15578,Rajasthan,RAJ-2,Railway,Forest,45.8,9,2,568,Partially Disbursed,59,Full Possession,1,1,0,100,5.7,55.3,2,3,0.0,0,0,0
LAP-15579,Madhya Pradesh,MAD-2,Highway,Private Agricultural,14.3,6,6,467,Fully Disbursed,98,Partial Possession,1,1,1,74,6.3,51.7,3,6,15.1,0,0,0
LAP-15580,Uttar Pradesh,UTT-4,Renewable Energy,Tribal,21.7,72,3,1494,Partially Disbursed,42,Full Possession,0,0,1,23,5.0,71.0,2,6,43.3,1,1,165
LAP-15581,Maharashtra,MAH-5,Highway,Forest,25.6,54,5,942,Not Started,9,Not Started,4,1,0,100,4.3,55.3,2,7,69.9,0,0,0
LAP-15582,Rajasthan,RAJ-3,Urban Development,Private Agricultural,11.8,931,1,374,Not Started,4,Award Declared,0,0,0,100,4.4,44.3,1,8,51.3,0,1,150
LAP-15583,Maharashtra,MAH-6,Highway,Government,8.5,64,5,1389,Not Started,3,Partial Possession,0,0,0,100,5.8,96.5,1,6,71.5,1,0,0
LAP-15584,West Bengal,WES-3,Power Transmission,Tribal,6.6,199,2,1044,Not Started,1,Award Declared,4,1,1,77,3.4,33.9,0,4,65.4,0,1,126
LAP-15585,Telangana,TEL-1,Industrial Corridor,Private Agricultural,9.0,140,4,106,Not Started,3,Award Declared,1,1,0,100,6.8,98.9,2,3,44.8,0,1,71
LAP-15586,Bihar,BIH-3,Irrigation,Forest,24.9,8,6,1321,Not Started,1,Partial Possession,2,0,1,19,9.6,47.5,1,6,89.0,1,1,489
LAP-15587,Uttar Pradesh,UTT-1,Highway,Tribal,43.8,5,3,1354,Partially Disbursed,18,Award Declared,1,1,0,100,7.6,65.9,2,5,58.9,0,1,138
LAP-15588,Karnataka,KAR-3,Railway,Tribal,16.7,811,6,1439,Fully Disbursed,91,Survey Complete,4,0,1,44,2.0,75.5,2,3,66.7,0,1,96
LAP-15589,Uttar Pradesh,UTT-4,Airport,Forest,22.8,948,2,1148,Partially Disbursed,66,Award Declared,1,1,0,100,6.2,38.1,3,8,82.9,1,1,78
LAP-15590,Gujarat,GUJ-5,Power Transmission,Forest,17.5,30,6,1338,Partially Disbursed,11,Not Started,2,1,0,100,8.8,90.8,1,1,61.2,1,0,0
LAP-15591,Rajasthan,RAJ-2,Irrigation,Forest,46.5,77,1,436,Fully Disbursed,98,Partial Possession,1,1,1,13,7.9,10.9,2,7,45.3,1,1,59
LAP-15592,West Bengal,WES-2,Power Transmission,Forest,46.7,29,4,1398,Not Started,1,Award Declared,2,1,0,100,6.7,80.4,2,6,61.3,0,0,0
LAP-15593,Odisha,ODI-1,Power Transmission,Private Agricultural,66.5,83,5,28,Not Started,9,Partial Possession,0,0,0,100,4.3,76.5,4,3,45.6,1,0,0
LAP-15594,Jharkhand,JHA-3,Railway,Private Agricultural,62.7,148,6,1171,Partially Disbursed,71,Partial Possession,0,0,1,44,5.9,34.6,5,3,33.5,0,0,0
LAP-15595,Haryana,HAR-3,Highway,Government,7.4,122,3,1279,Partially Disbursed,58,Partial Possession,0,0,0,100,4.9,85.2,4,6,64.3,1,0,0
LAP-15596,Punjab,PUN-3,Industrial Corridor,Forest,16.4,27,1,971,Fully Disbursed,96,Award Declared,1,1,0,100,5.9,37.2,1,5,55.2,0,0,0
LAP-15597,West Bengal,WES-6,Urban Development,Private Agricultural,59.0,56,4,1041,Not Started,7,Not Started,0,0,0,100,7.9,34.0,2,5,55.5,0,0,0
LAP-15598,Haryana,HAR-3,Highway,Mixed,11.8,130,5,675,Not Started,4,Survey Complete,0,0,0,100,7.7,67.8,1,1,46.7,1,0,0
LAP-15599,Haryana,HAR-4,Urban Development,Private Agricultural,68.5,239,5,1482,Not Started,3,Survey Complete,0,0,1,27,4.6,65.4,0,7,15.2,0,0,0
LAP-15600,Tamil Nadu,TAM-1,Railway,Private Agricultural,14.5,295,1,1012,Partially Disbursed,71,Survey Complete,1,0,1,78,5.8,56.8,3,5,42.9,1,0,0
LAP-15601,Chhattisgarh,CHH-4,Railway,Private Agricultural,22.7,59,5,202,Not Started,4,Partial Possession,0,0,1,27,2.8,75.9,3,6,57.2,1,0,0
LAP-15602,Tamil Nadu,TAM-4,Renewable Energy,Private Agricultural,6.5,23,5,1426,Not Started,2,Partial Possession,0,0,0,100,4.5,41.4,3,5,56.7,1,0,0
LAP-15603,Rajasthan,RAJ-1,Irrigation,Forest,6.5,125,3,916,Not Started,6,Full Possession,0,0,1,7,5.7,58.0,5,4,83.9,0,1,24
LAP-15604,West Bengal,WES-3,Industrial Corridor,Forest,85.6,12,1,231,Partially Disbursed,82,Not Started,2,1,0,100,7.6,63.9,1,1,88.8,0,0,0
LAP-15605,Haryana,HAR-5,Highway,Private Agricultural,15.1,421,2,552,Fully Disbursed,99,Partial Possession,1,1,1,22,5.1,49.6,3,2,47.2,0,1,73
LAP-15606,Telangana,TEL-4,Urban Development,Private Agricultural,5.8,3,3,766,Partially Disbursed,21,Not Started,1,1,1,90,7.0,69.4,1,5,46.1,0,0,0
LAP-15607,Telangana,TEL-1,Railway,Forest,21.5,6,1,1175,Not Started,6,Survey Complete,1,1,0,100,6.0,52.8,2,3,74.9,1,0,0
LAP-15608,Jharkhand,JHA-5,Highway,Private Agricultural,20.6,22,4,451,Not Started,2,Survey Complete,0,0,1,39,10.0,71.0,1,4,96.2,0,0,0
LAP-15609,Madhya Pradesh,MAD-1,Renewable Energy,Tribal,57.9,39,3,930,Partially Disbursed,72,Award Declared,1,1,0,100,5.0,66.5,2,0,75.7,0,0,0
LAP-15610,Chhattisgarh,CHH-1,Irrigation,Private Agricultural,15.9,39,1,86,Not Started,3,Award Declared,1,0,1,59,6.5,84.3,4,0,95.0,0,0,0
LAP-15611,Chhattisgarh,CHH-6,Railway,Tribal,37.3,34,6,1296,Not Started,3,Partial Possession,1,1,0,100,5.2,74.1,0,2,55.7,0,0,0
LAP-15612,Uttar Pradesh,UTT-2,Highway,Private Agricultural,8.5,19,6,570,Fully Disbursed,90,Not Started,2,0,1,1,6.2,72.8,0,6,96.2,1,1,116
LAP-15613,Gujarat,GUJ-1,Highway,Private Agricultural,183.9,221,2,1137,Not Started,5,Full Possession,0,0,1,81,5.5,58.6,3,1,30.7,0,0,0
LAP-15614,Punjab,PUN-6,Urban Development,Private Agricultural,2.5,64,4,458,Not Started,4,Not Started,1,1,0,100,5.9,60.9,2,4,51.1,0,0,0
LAP-15615,Chhattisgarh,CHH-5,Railway,Mixed,14.0,23,4,336,Partially Disbursed,41,Full Possession,1,1,0,100,5.6,38.2,3,6,49.1,0,1,65
LAP-15616,Madhya Pradesh,MAD-5,Airport,Mixed,10.1,32,6,103,Not Started,9,Award Declared,0,0,0,100,4.0,78.2,2,4,63.9,0,0,0
LAP-15617,Bihar,BIH-1,Highway,Government,31.7,13,4,1315,Partially Disbursed,54,Survey Complete,0,0,1,100,6.7,51.7,1,3,16.3,1,0,0
LAP-15618,Maharashtra,MAH-5,Industrial Corridor,Private Agricultural,10.2,19,2,1046,Partially Disbursed,30,Award Declared,1,1,1,0,8.4,36.1,3,0,57.4,0,0,0
LAP-15619,Telangana,TEL-3,Railway,Forest,16.5,55,1,1336,Fully Disbursed,99,Full Possession,2,1,0,100,4.7,73.2,2,8,68.1,0,0,0
LAP-15620,Rajasthan,RAJ-4,Renewable Energy,Private Agricultural,46.0,147,2,1391,Partially Disbursed,42,Partial Possession,4,1,1,67,7.0,64.8,2,8,68.3,1,1,383
LAP-15621,Maharashtra,MAH-2,Power Transmission,Forest,118.5,4,2,868,Fully Disbursed,97,Award Declared,0,0,1,7,4.3,82.5,4,0,36.9,1,0,0
LAP-15622,Uttar Pradesh,UTT-2,Railway,Forest,125.4,51,6,840,Not Started,2,Award Declared,1,1,1,32,9.9,50.6,3,0,55.5,0,1,93
LAP-15623,Uttar Pradesh,UTT-3,Railway,Mixed,41.6,199,1,665,Partially Disbursed,70,Award Declared,0,0,0,100,4.4,41.0,0,4,80.9,0,0,0
LAP-15624,Jharkhand,JHA-2,Renewable Energy,Private Agricultural,19.8,10,4,747,Not Started,1,Full Possession,0,0,0,100,4.3,58.7,0,4,71.0,0,0,0
LAP-15625,Telangana,TEL-3,Urban Development,Private Agricultural,38.7,6,6,1234,Partially Disbursed,39,Full Possession,2,1,1,7,7.3,75.9,3,1,37.3,1,0,0
LAP-15626,Telangana,TEL-6,Urban Development,Forest,8.5,72,2,972,Partially Disbursed,49,Full Possession,0,0,0,100,9.1,70.0,1,0,55.0,1,0,0
LAP-15627,Karnataka,KAR-5,Power Transmission,Mixed,23.4,133,4,27,Fully Disbursed,87,Survey Complete,3,1,0,100,7.1,59.3,3,1,72.4,0,0,0
LAP-15628,Maharashtra,MAH-1,Renewable Energy,Private Agricultural,11.2,173,3,354,Fully Disbursed,99,Full Possession,2,0,1,44,4.9,61.4,1,0,50.1,0,0,0
LAP-15629,Gujarat,GUJ-2,Irrigation,Private Agricultural,28.2,51,4,748,Not Started,5,Partial Possession,1,1,1,19,8.3,39.9,3,7,21.8,0,0,0
LAP-15630,Bihar,BIH-4,Urban Development,Private Agricultural,30.2,226,3,1142,Partially Disbursed,78,Partial Possession,1,0,1,44,5.6,38.6,2,1,30.3,1,0,0
LAP-15631,Jharkhand,JHA-2,Power Transmission,Private Agricultural,23.4,154,5,1481,Not Started,0,Survey Complete,0,0,0,100,4.3,38.0,5,3,27.2,0,1,67
LAP-15632,Bihar,BIH-6,Irrigation,Private Agricultural,11.9,92,6,987,Partially Disbursed,19,Not Started,2,0,1,99,8.8,27.1,1,1,15.5,0,1,134
LAP-15633,Tamil Nadu,TAM-2,Urban Development,Forest,2.4,6,1,47,Partially Disbursed,59,Survey Complete,1,1,0,100,6.9,20.5,3,1,46.0,0,0,0
LAP-15634,Chhattisgarh,CHH-5,Highway,Private Agricultural,2.9,218,2,527,Partially Disbursed,60,Not Started,0,0,1,6,7.4,43.8,2,2,67.5,0,0,0
LAP-15635,Odisha,ODI-4,Irrigation,Forest,50.6,152,1,1272,Partially Disbursed,83,Not Started,2,1,0,100,8.2,66.6,1,4,100.0,0,0,0
LAP-15636,Rajasthan,RAJ-4,Irrigation,Mixed,6.5,27,4,572,Partially Disbursed,36,Award Declared,0,0,0,100,8.8,52.6,1,7,9.7,0,0,0
LAP-15637,Chhattisgarh,CHH-2,Airport,Forest,13.4,764,5,647,Partially Disbursed,44,Not Started,0,0,0,100,5.3,58.9,2,3,100.0,0,0,0
LAP-15638,Chhattisgarh,CHH-2,Highway,Government,125.1,1,5,945,Partially Disbursed,63,Not Started,0,0,1,43,5.1,34.1,3,0,38.0,0,0,0
LAP-15639,Madhya Pradesh,MAD-2,Highway,Government,21.8,45,5,445,Partially Disbursed,65,Award Declared,2,1,0,100,7.0,76.7,0,4,13.0,0,0,0
LAP-15640,Haryana,HAR-2,Renewable Energy,Mixed,143.8,23,5,1335,Fully Disbursed,87,Survey Complete,0,0,0,100,6.1,40.1,1,7,60.0,0,0,0
LAP-15641,West Bengal,WES-3,Urban Development,Private Agricultural,12.6,129,4,1231,Partially Disbursed,60,Partial Possession,0,0,1,93,3.9,57.6,2,3,51.0,0,0,0
LAP-15642,Bihar,BIH-2,Renewable Energy,Private Agricultural,52.2,66,4,1287,Fully Disbursed,91,Not Started,1,1,0,100,5.9,56.0,3,8,72.1,1,0,0
LAP-15643,Maharashtra,MAH-5,Irrigation,Forest,25.1,271,3,465,Not Started,8,Full Possession,2,1,1,50,6.5,49.9,1,3,85.2,1,1,93
LAP-15644,Rajasthan,RAJ-3,Urban Development,Private Agricultural,33.9,33,1,1328,Fully Disbursed,97,Not Started,0,0,0,100,7.5,84.6,1,7,25.5,0,0,0
LAP-15645,Karnataka,KAR-1,Urban Development,Mixed,792.7,355,4,21,Not Started,1,Not Started,0,0,1,89,1.8,82.4,2,0,17.7,0,1,22
LAP-15646,Haryana,HAR-3,Irrigation,Tribal,14.7,45,2,678,Partially Disbursed,40,Partial Possession,0,0,1,43,6.8,74.8,0,7,75.2,0,0,0
LAP-15647,Uttar Pradesh,UTT-4,Irrigation,Private Agricultural,26.3,78,5,147,Not Started,6,Survey Complete,0,0,1,99,3.8,59.3,2,1,57.1,1,0,0
LAP-15648,Maharashtra,MAH-6,Airport,Forest,17.0,47,1,1020,Partially Disbursed,22,Partial Possession,0,0,0,100,7.2,57.4,2,6,66.8,0,0,0
LAP-15649,Uttar Pradesh,UTT-5,Irrigation,Private Agricultural,41.4,43,4,1263,Not Started,4,Partial Possession,1,1,1,41,4.7,68.0,2,6,46.6,0,1,160
LAP-15650,Bihar,BIH-5,Railway,Private Agricultural,23.6,33,5,1203,Not Started,8,Not Started,0,0,0,100,5.2,94.4,1,4,71.1,0,0,0
LAP-15651,Tamil Nadu,TAM-4,Renewable Energy,Government,39.4,97,4,239,Fully Disbursed,98,Award Declared,0,0,0,100,3.9,76.1,4,3,21.4,0,0,0
LAP-15652,Haryana,HAR-3,Irrigation,Private Agricultural,143.8,196,6,313,Not Started,8,Partial Possession,0,0,1,26,4.5,57.4,3,5,54.8,0,0,0
LAP-15653,Chhattisgarh,CHH-2,Power Transmission,Tribal,271.5,29,3,1463,Partially Disbursed,56,Survey Complete,1,1,0,100,7.2,47.4,0,3,51.6,0,0,0
LAP-15654,Rajasthan,RAJ-6,Industrial Corridor,Private Agricultural,43.8,49,4,1366,Not Started,4,Partial Possession,0,0,0,100,5.1,32.4,3,4,73.7,0,0,0
LAP-15655,Bihar,BIH-6,Irrigation,Private Agricultural,54.3,16,5,989,Fully Disbursed,92,Survey Complete,1,0,1,87,8.0,42.6,3,3,73.2,0,0,0
LAP-15656,Maharashtra,MAH-5,Power Transmission,Tribal,29.6,703,1,762,Not Started,7,Award Declared,0,0,0,100,8.8,51.0,2,0,99.1,0,0,0
LAP-15657,Odisha,ODI-5,Highway,Forest,17.0,10,4,635,Partially Disbursed,39,Partial Possession,2,1,0,100,8.6,44.1,1,2,57.8,0,1,104
LAP-15658,Haryana,HAR-1,Airport,Private Agricultural,3.9,474,5,814,Partially Disbursed,79,Award Declared,0,0,1,19,6.1,66.8,2,1,73.8,1,0,0
LAP-15659,Karnataka,KAR-5,Power Transmission,Government,21.2,34,6,458,Not Started,9,Award Declared,0,0,1,71,5.4,100.0,2,0,23.4,1,0,0
LAP-15660,Odisha,ODI-3,Railway,Private Agricultural,12.2,46,6,378,Partially Disbursed,66,Not Started,1,1,1,12,6.2,25.5,1,6,38.8,0,1,87
LAP-15661,Karnataka,KAR-1,Urban Development,Forest,44.5,87,6,618,Partially Disbursed,23,Survey Complete,3,0,0,100,5.7,32.5,1,6,35.1,0,0,0
LAP-15662,Telangana,TEL-5,Highway,Government,45.9,45,6,600,Partially Disbursed,20,Award Declared,0,0,0,100,5.1,64.6,3,3,69.1,0,0,0
LAP-15663,Bihar,BIH-3,Industrial Corridor,Tribal,91.5,6,1,1458,Fully Disbursed,86,Not Started,3,1,1,43,8.1,78.5,1,8,76.5,0,1,44
LAP-15664,Punjab,PUN-1,Industrial Corridor,Private Agricultural,20.1,8,3,27,Not Started,6,Full Possession,1,0,1,75,7.2,57.9,3,7,28.5,0,0,0
LAP-15665,West Bengal,WES-1,Urban Development,Mixed,64.2,299,2,1414,Fully Disbursed,100,Award Declared,0,0,1,2,6.3,33.2,3,1,16.1,1,0,0
LAP-15666,Gujarat,GUJ-6,Irrigation,Government,19.5,7,2,738,Partially Disbursed,62,Survey Complete,2,0,0,100,6.8,28.6,1,4,85.7,1,0,0
LAP-15667,Gujarat,GUJ-3,Urban Development,Private Agricultural,38.0,274,4,630,Partially Disbursed,12,Partial Possession,0,0,1,98,6.5,77.4,1,7,95.2,0,1,51
LAP-15668,West Bengal,WES-1,Renewable Energy,Private Agricultural,8.1,23,5,1150,Fully Disbursed,95,Partial Possession,0,0,0,100,8.0,68.3,6,6,26.3,1,0,0
LAP-15669,Punjab,PUN-3,Renewable Energy,Tribal,73.3,39,6,222,Not Started,6,Partial Possession,1,1,1,4,5.9,98.0,2,3,42.9,0,1,207
LAP-15670,Chhattisgarh,CHH-5,Renewable Energy,Forest,14.0,73,1,855,Fully Disbursed,85,Full Possession,0,0,0,100,10.0,60.8,1,2,25.3,0,0,0
LAP-15671,Rajasthan,RAJ-1,Highway,Forest,9.2,12,1,484,Partially Disbursed,37,Award Declared,1,1,0,100,6.3,46.6,1,5,58.8,0,1,74
LAP-15672,Haryana,HAR-4,Railway,Private Agricultural,33.8,20,3,1049,Partially Disbursed,39,Award Declared,2,1,1,94,6.8,74.9,5,2,25.5,0,0,0
LAP-15673,Gujarat,GUJ-1,Industrial Corridor,Forest,1.6,101,4,638,Partially Disbursed,45,Not Started,1,1,0,100,6.7,93.1,3,5,0.0,1,1,95
LAP-15674,Karnataka,KAR-3,Industrial Corridor,Private Agricultural,35.9,373,1,682,Not Started,0,Survey Complete,1,0,1,18,4.6,75.1,2,0,46.5,1,0,0
LAP-15675,Maharashtra,MAH-6,Irrigation,Forest,7.9,12,3,159,Partially Disbursed,37,Not Started,1,1,0,100,9.5,45.4,2,4,67.1,1,0,0
LAP-15676,Gujarat,GUJ-2,Highway,Government,16.3,96,4,1121,Partially Disbursed,52,Award Declared,1,0,0,100,4.5,31.6,1,6,74.5,1,0,0
LAP-15677,Uttar Pradesh,UTT-5,Railway,Private Agricultural,33.5,45,3,934,Fully Disbursed,88,Partial Possession,1,1,0,100,6.4,51.0,2,3,86.3,0,0,0
LAP-15678,Jharkhand,JHA-6,Irrigation,Private Agricultural,8.2,7,5,1110,Fully Disbursed,99,Partial Possession,0,0,1,85,6.6,71.9,1,5,84.7,1,0,0
LAP-15679,Bihar,BIH-6,Power Transmission,Tribal,13.7,42,1,1382,Fully Disbursed,98,Partial Possession,1,0,0,100,6.7,56.1,0,8,79.8,1,0,0
LAP-15680,Bihar,BIH-6,Railway,Private Agricultural,43.1,29,5,428,Fully Disbursed,94,Award Declared,0,0,1,4,4.8,69.8,2,2,70.4,0,0,0
LAP-15681,West Bengal,WES-4,Urban Development,Private Agricultural,42.0,61,2,302,Not Started,4,Award Declared,1,1,0,100,10.0,45.7,0,8,66.0,0,1,177
LAP-15682,Maharashtra,MAH-5,Highway,Private Agricultural,12.5,236,4,993,Partially Disbursed,40,Partial Possession,0,0,0,100,3.2,67.7,3,6,29.3,0,0,0
LAP-15683,Madhya Pradesh,MAD-5,Highway,Private Agricultural,12.3,40,6,1105,Not Started,6,Survey Complete,1,1,1,87,3.2,59.4,4,6,34.8,0,1,149
LAP-15684,Haryana,HAR-6,Highway,Forest,107.1,36,3,673,Not Started,7,Partial Possession,1,1,0,100,3.1,37.1,3,2,62.5,1,0,0
LAP-15685,Uttar Pradesh,UTT-3,Railway,Forest,13.8,1410,5,953,Not Started,9,Not Started,1,1,0,100,5.9,63.4,6,4,89.9,0,1,18
LAP-15686,Gujarat,GUJ-6,Power Transmission,Private Agricultural,5.5,100,3,375,Not Started,8,Survey Complete,2,1,1,26,5.6,42.3,5,8,41.8,0,1,236
LAP-15687,Madhya Pradesh,MAD-5,Highway,Tribal,46.1,73,4,1370,Fully Disbursed,98,Survey Complete,1,1,1,63,1.0,75.0,0,5,36.9,0,0,0
LAP-15688,Uttar Pradesh,UTT-6,Power Transmission,Private Agricultural,14.4,24,2,1363,Fully Disbursed,88,Survey Complete,0,0,0,100,3.9,67.9,3,7,61.9,1,0,0
LAP-15689,Gujarat,GUJ-3,Highway,Forest,32.2,15,6,906,Fully Disbursed,86,Award Declared,3,1,0,100,4.1,62.4,1,7,51.2,1,1,94
LAP-15690,Punjab,PUN-3,Irrigation,Tribal,85.0,8,3,236,Fully Disbursed,99,Award Declared,0,0,0,100,4.6,54.5,3,0,35.0,0,0,0
LAP-15691,West Bengal,WES-1,Irrigation,Private Agricultural,85.5,32,6,1223,Partially Disbursed,48,Full Possession,0,0,1,49,7.3,23.8,3,7,59.1,1,1,234
LAP-15692,Odisha,ODI-5,Railway,Private Agricultural,4.0,88,1,1420,Not Started,7,Not Started,1,1,0,100,8.2,55.4,1,3,31.0,0,0,0
LAP-15693,Punjab,PUN-1,Airport,Forest,59.5,23,2,806,Partially Disbursed,80,Award Declared,0,0,0,100,10.0,58.4,0,2,39.6,0,0,0
LAP-15694,Haryana,HAR-4,Industrial Corridor,Government,88.3,1,3,402,Not Started,9,Full Possession,0,0,0,100,6.8,29.5,3,0,37.1,0,0,0
LAP-15695,Gujarat,GUJ-5,Irrigation,Private Agricultural,10.6,11,2,1382,Partially Disbursed,64,Award Declared,2,1,1,3,8.9,66.0,2,3,62.0,0,0,0
LAP-15696,West Bengal,WES-6,Power Transmission,Government,2.8,89,3,111,Not Started,4,Survey Complete,0,0,0,100,5.6,36.9,2,0,46.6,0,0,0
LAP-15697,West Bengal,WES-1,Highway,Mixed,13.7,202,2,1322,Not Started,4,Not Started,0,0,0,100,6.0,69.9,1,4,8.2,1,0,0
LAP-15698,Punjab,PUN-1,Power Transmission,Government,11.1,180,5,1257,Partially Disbursed,28,Survey Complete,2,1,0,100,8.3,63.9,2,0,55.2,0,0,0
LAP-15699,Telangana,TEL-4,Urban Development,Tribal,21.4,167,2,1417,Fully Disbursed,87,Partial Possession,0,0,1,90,4.4,70.1,4,3,53.8,0,0,0
LAP-15700,West Bengal,WES-6,Power Transmission,Tribal,25.3,7,3,428,Not Started,1,Survey Complete,1,1,0,100,5.9,74.7,0,3,80.0,0,0,0
LAP-15701,Bihar,BIH-1,Power Transmission,Private Agricultural,45.6,106,6,338,Fully Disbursed,98,Full Possession,0,0,1,73,5.9,73.1,6,2,88.2,0,0,0
LAP-15702,Punjab,PUN-3,Industrial Corridor,Tribal,25.1,32,5,695,Not Started,8,Survey Complete,1,1,1,54,3.7,45.0,1,8,90.0,0,1,149
LAP-15703,Telangana,TEL-3,Highway,Private Agricultural,5.8,66,5,41,Not Started,6,Survey Complete,0,0,0,100,3.6,97.9,2,7,30.1,0,1,250
LAP-15704,West Bengal,WES-1,Urban Development,Tribal,36.7,166,1,712,Partially Disbursed,60,Full Possession,0,0,0,100,9.4,59.5,3,2,67.0,1,0,0
LAP-15705,Karnataka,KAR-5,Industrial Corridor,Private Agricultural,18.4,105,6,611,Fully Disbursed,90,Full Possession,0,0,0,100,6.3,72.2,3,0,0.3,0,0,0
LAP-15706,Odisha,ODI-4,Power Transmission,Tribal,15.2,137,4,290,Not Started,6,Award Declared,0,0,1,41,6.5,46.3,2,5,31.6,0,0,0
LAP-15707,Tamil Nadu,TAM-4,Railway,Private Agricultural,20.8,25,4,261,Fully Disbursed,95,Award Declared,1,1,0,100,5.5,67.4,1,3,12.5,1,1,85
LAP-15708,Tamil Nadu,TAM-5,Industrial Corridor,Private Agricultural,7.8,41,3,1377,Fully Disbursed,94,Full Possession,1,1,0,100,2.5,87.2,4,4,22.5,1,0,0
LAP-15709,Odisha,ODI-2,Urban Development,Government,14.0,66,3,1338,Not Started,1,Partial Possession,0,0,0,100,6.3,88.2,5,7,50.0,0,0,0
LAP-15710,Chhattisgarh,CHH-4,Railway,Mixed,37.3,66,1,96,Fully Disbursed,94,Partial Possession,0,0,0,100,6.2,46.7,3,8,9.3,1,1,215
LAP-15711,Jharkhand,JHA-1,Industrial Corridor,Government,3.7,305,3,603,Fully Disbursed,90,Full Possession,0,0,1,94,6.1,97.6,2,0,99.9,0,0,0
LAP-15712,Odisha,ODI-1,Urban Development,Private Agricultural,64.8,7,5,151,Fully Disbursed,92,Award Declared,1,1,1,30,8.5,34.0,1,1,39.6,0,1,39
LAP-15713,Karnataka,KAR-4,Urban Development,Government,39.3,72,1,371,Not Started,8,Award Declared,1,1,0,100,6.9,57.6,4,2,80.6,0,0,0
LAP-15714,Jharkhand,JHA-3,Irrigation,Private Agricultural,17.4,30,1,940,Partially Disbursed,29,Partial Possession,1,0,0,100,6.9,48.7,5,6,86.2,1,0,0
LAP-15715,Odisha,ODI-3,Industrial Corridor,Tribal,47.5,24,6,305,Partially Disbursed,56,Partial Possession,1,1,1,60,5.6,10.1,2,2,66.5,1,0,0
LAP-15716,Maharashtra,MAH-2,Power Transmission,Private Agricultural,6.9,59,2,539,Partially Disbursed,25,Award Declared,1,0,0,100,4.8,54.8,2,7,64.3,0,1,46
LAP-15717,Karnataka,KAR-1,Urban Development,Private Agricultural,28.8,28,2,347,Partially Disbursed,31,Not Started,0,0,1,7,7.3,57.3,1,6,84.6,1,0,0
LAP-15718,Madhya Pradesh,MAD-1,Power Transmission,Private Agricultural,2.7,45,3,1389,Fully Disbursed,90,Partial Possession,2,1,0,100,8.6,6.5,2,1,75.2,0,0,0
LAP-15719,West Bengal,WES-2,Railway,Private Agricultural,50.0,18,4,526,Partially Disbursed,52,Partial Possession,1,1,0,100,5.5,83.7,3,8,30.2,0,0,0
LAP-15720,Karnataka,KAR-4,Urban Development,Government,24.3,78,4,878,Fully Disbursed,86,Survey Complete,0,0,0,100,5.5,80.6,2,1,72.1,0,0,0
LAP-15721,Karnataka,KAR-6,Railway,Government,5.3,65,4,834,Partially Disbursed,42,Survey Complete,1,1,0,100,5.7,25.2,3,8,14.9,0,0,0
LAP-15722,Rajasthan,RAJ-2,Urban Development,Forest,10.4,142,1,36,Fully Disbursed,91,Survey Complete,2,1,0,100,5.9,17.4,1,3,19.9,0,0,0
LAP-15723,West Bengal,WES-5,Renewable Energy,Private Agricultural,40.9,142,4,196,Partially Disbursed,61,Award Declared,0,0,1,66,4.6,88.5,0,3,88.0,0,0,0
LAP-15724,Madhya Pradesh,MAD-1,Renewable Energy,Forest,35.2,37,5,1245,Not Started,0,Partial Possession,3,1,0,100,6.8,61.5,1,1,95.5,0,1,83
LAP-15725,Punjab,PUN-5,Airport,Government,19.6,60,3,1150,Not Started,2,Full Possession,1,1,0,100,9.2,39.7,1,5,66.8,0,0,0
LAP-15726,Uttar Pradesh,UTT-6,Urban Development,Private Agricultural,23.4,42,1,1294,Partially Disbursed,54,Full Possession,0,0,1,53,5.9,71.4,3,6,41.1,1,1,76
LAP-15727,Tamil Nadu,TAM-4,Power Transmission,Private Agricultural,13.3,23,5,548,Not Started,1,Partial Possession,0,0,1,46,4.7,56.1,3,0,96.1,0,0,0
LAP-15728,West Bengal,WES-3,Irrigation,Private Agricultural,122.7,21,1,820,Not Started,9,Survey Complete,0,0,0,100,2.7,85.6,1,4,97.3,0,1,185
LAP-15729,Odisha,ODI-1,Highway,Private Agricultural,29.5,81,5,1049,Fully Disbursed,97,Award Declared,0,0,0,100,7.0,51.3,2,5,37.5,0,1,38
LAP-15730,Bihar,BIH-2,Industrial Corridor,Private Agricultural,25.0,10,1,235,Not Started,9,Survey Complete,2,0,1,0,5.1,43.9,2,6,76.1,0,1,83
LAP-15731,Punjab,PUN-6,Renewable Energy,Mixed,50.0,57,5,1403,Partially Disbursed,42,Partial Possession,0,0,0,100,4.1,81.9,2,3,70.0,0,1,56
LAP-15732,Haryana,HAR-2,Industrial Corridor,Private Agricultural,35.1,28,4,328,Partially Disbursed,11,Full Possession,1,1,0,100,6.1,75.9,2,1,68.3,0,0,0
LAP-15733,West Bengal,WES-5,Airport,Private Agricultural,21.8,16,1,398,Partially Disbursed,17,Award Declared,2,1,1,79,4.9,79.0,0,7,11.6,0,0,0
LAP-15734,Uttar Pradesh,UTT-2,Railway,Forest,7.0,479,6,1270,Not Started,0,Partial Possession,1,0,0,100,7.0,30.5,0,0,51.0,1,0,0
LAP-15735,West Bengal,WES-5,Urban Development,Private Agricultural,133.9,40,6,1015,Partially Disbursed,52,Survey Complete,2,1,1,73,7.0,18.3,1,7,38.6,0,1,321
LAP-15736,Jharkhand,JHA-6,Highway,Tribal,70.5,20,3,420,Fully Disbursed,93,Not Started,1,1,1,93,4.9,76.6,2,8,62.0,1,1,260
LAP-15737,Uttar Pradesh,UTT-6,Industrial Corridor,Tribal,7.3,4,1,419,Not Started,6,Survey Complete,0,0,1,41,6.4,75.2,0,2,31.3,0,0,0
LAP-15738,Gujarat,GUJ-1,Power Transmission,Private Agricultural,71.1,10,4,862,Not Started,3,Partial Possession,0,0,1,46,6.8,49.0,1,0,49.6,0,0,0
LAP-15739,West Bengal,WES-5,Power Transmission,Government,30.9,19,4,1041,Not Started,7,Award Declared,2,1,0,100,7.8,45.3,4,4,99.9,0,1,50
LAP-15740,West Bengal,WES-4,Industrial Corridor,Tribal,11.0,15,5,1172,Fully Disbursed,96,Partial Possession,1,0,1,82,7.1,46.7,2,0,31.5,0,0,0
LAP-15741,Maharashtra,MAH-1,Irrigation,Private Agricultural,150.8,44,5,948,Partially Disbursed,17,Not Started,1,1,0,100,5.2,67.1,5,6,88.2,0,1,78
LAP-15742,Tamil Nadu,TAM-1,Urban Development,Private Agricultural,27.2,6,2,384,Partially Disbursed,21,Award Declared,0,0,1,60,4.7,76.4,3,2,55.9,1,0,0
LAP-15743,Maharashtra,MAH-2,Irrigation,Government,90.7,42,4,389,Not Started,2,Not Started,1,1,0,100,4.9,55.2,5,2,38.2,1,0,0
LAP-15744,Haryana,HAR-5,Highway,Private Agricultural,8.9,220,1,1107,Partially Disbursed,20,Partial Possession,0,0,1,13,6.1,78.6,5,5,91.1,0,0,0
LAP-15745,Odisha,ODI-1,Highway,Private Agricultural,31.4,200,4,668,Not Started,3,Full Possession,1,1,1,38,9.5,86.5,1,7,73.8,1,0,0
LAP-15746,Haryana,HAR-6,Irrigation,Private Agricultural,8.7,18,1,804,Not Started,8,Not Started,0,0,1,10,7.2,40.7,2,4,67.0,0,0,0
LAP-15747,Chhattisgarh,CHH-3,Railway,Mixed,2.4,17,4,618,Not Started,2,Partial Possession,0,0,1,31,5.6,36.2,2,5,81.0,0,0,0
LAP-15748,Bihar,BIH-3,Renewable Energy,Tribal,30.1,29,2,737,Not Started,3,Survey Complete,0,0,1,31,3.0,33.7,2,4,72.4,0,0,0
LAP-15749,Chhattisgarh,CHH-2,Highway,Tribal,15.8,346,3,948,Fully Disbursed,99,Survey Complete,1,0,0,100,7.1,56.3,2,2,93.3,0,0,0
LAP-15750,Bihar,BIH-3,Power Transmission,Mixed,4.7,42,5,127,Partially Disbursed,53,Survey Complete,0,0,1,53,4.1,70.1,4,1,78.5,1,0,0
LAP-15751,West Bengal,WES-6,Railway,Mixed,38.6,25,6,711,Partially Disbursed,17,Partial Possession,0,0,0,100,8.4,66.9,3,0,69.5,0,0,0
LAP-15752,West Bengal,WES-3,Renewable Energy,Mixed,55.6,50,1,856,Not Started,2,Award Declared,1,0,0,100,8.0,47.7,0,0,92.5,0,0,0
LAP-15753,Chhattisgarh,CHH-5,Railway,Forest,11.9,177,4,313,Not Started,4,Award Declared,1,0,0,100,4.5,60.0,2,8,78.1,0,0,0
LAP-15754,Telangana,TEL-1,Power Transmission,Private Agricultural,24.2,57,4,767,Fully Disbursed,99,Award Declared,0,0,1,36,6.7,76.5,0,6,74.7,1,0,0
LAP-15755,Punjab,PUN-5,Railway,Mixed,41.6,59,2,1066,Fully Disbursed,88,Award Declared,0,0,1,65,10.0,8.2,1,6,29.0,0,1,142
LAP-15756,Rajasthan,RAJ-2,Urban Development,Government,102.1,27,4,165,Fully Disbursed,93,Partial Possession,1,1,0,100,6.8,80.8,4,4,40.1,0,0,0
LAP-15757,Telangana,TEL-4,Highway,Tribal,16.7,13,5,1187,Partially Disbursed,51,Survey Complete,1,0,1,76,4.0,58.5,2,0,88.8,0,0,0
LAP-15758,Chhattisgarh,CHH-6,Urban Development,Government,31.3,59,2,1198,Fully Disbursed,85,Award Declared,1,1,0,100,4.7,56.7,1,3,88.2,0,1,98
LAP-15759,Uttar Pradesh,UTT-4,Urban Development,Private Agricultural,38.3,88,1,1253,Partially Disbursed,41,Not Started,1,0,1,12,6.8,63.1,1,5,45.3,0,1,136
LAP-15760,Karnataka,KAR-4,Railway,Mixed,12.4,28,1,715,Not Started,5,Not Started,0,0,0,100,5.8,64.7,1,5,40.4,1,1,135
LAP-15761,Jharkhand,JHA-3,Irrigation,Private Agricultural,32.7,34,1,1282,Partially Disbursed,23,Partial Possession,1,1,1,63,5.1,54.8,1,4,40.6,0,0,0
LAP-15762,Maharashtra,MAH-6,Highway,Private Agricultural,136.7,3,3,191,Not Started,0,Survey Complete,1,1,1,14,4.7,50.8,2,4,54.0,0,0,0
LAP-15763,Karnataka,KAR-5,Urban Development,Forest,40.8,24,3,362,Partially Disbursed,68,Survey Complete,1,1,1,23,3.1,85.1,6,1,59.3,0,1,158
LAP-15764,West Bengal,WES-4,Industrial Corridor,Forest,49.3,193,5,313,Partially Disbursed,79,Survey Complete,2,0,0,100,8.2,54.1,1,4,35.1,0,0,0
LAP-15765,Odisha,ODI-2,Airport,Private Agricultural,9.7,68,4,635,Fully Disbursed,86,Partial Possession,0,0,1,30,8.9,49.8,0,8,73.9,1,0,0
LAP-15766,Bihar,BIH-4,Industrial Corridor,Government,33.7,386,4,1270,Not Started,6,Partial Possession,2,0,0,100,6.6,57.5,0,6,68.5,0,0,0
LAP-15767,Maharashtra,MAH-2,Highway,Private Agricultural,27.2,479,6,72,Not Started,0,Award Declared,2,1,1,30,7.7,67.3,0,7,82.7,0,1,230
LAP-15768,Madhya Pradesh,MAD-6,Irrigation,Government,12.8,17,2,1076,Partially Disbursed,36,Survey Complete,0,0,1,90,8.6,66.2,2,8,14.7,1,0,0
LAP-15769,Telangana,TEL-4,Urban Development,Private Agricultural,16.4,59,6,756,Not Started,6,Partial Possession,1,1,1,43,4.1,45.5,3,1,58.3,0,1,98
LAP-15770,Gujarat,GUJ-2,Urban Development,Mixed,31.8,100,3,1476,Not Started,1,Survey Complete,1,1,0,100,7.6,27.1,1,5,56.6,0,1,330
LAP-15771,Rajasthan,RAJ-2,Urban Development,Government,45.0,14,5,1081,Fully Disbursed,92,Survey Complete,0,0,0,100,7.0,49.9,3,0,91.2,0,0,0
LAP-15772,Tamil Nadu,TAM-1,Power Transmission,Government,200.3,141,3,1268,Not Started,3,Full Possession,1,1,0,100,7.1,66.8,2,7,79.9,0,1,120
LAP-15773,Tamil Nadu,TAM-5,Highway,Tribal,8.2,106,2,599,Not Started,1,Full Possession,2,1,1,36,8.8,77.2,0,5,62.1,1,0,0
LAP-15774,Tamil Nadu,TAM-6,Railway,Private Agricultural,47.8,23,3,638,Not Started,1,Survey Complete,0,0,0,100,4.8,76.9,3,8,36.0,1,0,0
LAP-15775,Gujarat,GUJ-4,Urban Development,Forest,78.2,13,2,724,Partially Disbursed,71,Not Started,0,0,0,100,2.3,48.7,1,5,64.1,0,0,0
LAP-15776,Rajasthan,RAJ-6,Urban Development,Private Agricultural,28.6,88,6,64,Fully Disbursed,98,Full Possession,1,1,0,100,5.4,68.8,2,8,37.5,0,1,184
LAP-15777,Rajasthan,RAJ-5,Highway,Private Agricultural,32.8,446,2,687,Partially Disbursed,56,Survey Complete,0,0,1,26,8.2,65.9,2,5,45.5,0,1,106
LAP-15778,Tamil Nadu,TAM-3,Irrigation,Private Agricultural,28.3,231,1,476,Fully Disbursed,98,Award Declared,1,0,0,100,4.5,62.3,2,0,63.0,0,0,0
LAP-15779,West Bengal,WES-1,Airport,Tribal,2.7,49,1,293,Partially Disbursed,19,Not Started,1,0,1,58,7.3,95.2,4,2,94.6,0,0,0
LAP-15780,Punjab,PUN-1,Irrigation,Tribal,23.1,118,4,299,Not Started,2,Full Possession,1,1,1,100,6.9,68.5,2,0,55.9,0,0,0
LAP-15781,West Bengal,WES-3,Irrigation,Private Agricultural,60.1,174,6,902,Partially Disbursed,71,Partial Possession,1,1,1,33,9.0,15.9,3,3,40.7,0,0,0
LAP-15782,Telangana,TEL-6,Industrial Corridor,Tribal,36.5,114,4,1123,Partially Disbursed,71,Award Declared,2,0,0,100,6.4,44.4,3,2,84.9,0,1,15
LAP-15783,Uttar Pradesh,UTT-4,Power Transmission,Private Agricultural,135.4,63,5,424,Partially Disbursed,14,Survey Complete,3,0,0,100,6.9,34.6,0,4,28.2,0,1,257
LAP-15784,Haryana,HAR-1,Power Transmission,Private Agricultural,22.6,86,2,683,Fully Disbursed,98,Not Started,1,1,1,75,5.4,21.1,2,1,67.8,0,1,219
LAP-15785,Rajasthan,RAJ-4,Renewable Energy,Government,48.0,75,3,45,Not Started,8,Full Possession,0,0,0,100,6.9,76.7,2,5,8.8,0,0,0
LAP-15786,Haryana,HAR-2,Highway,Tribal,85.9,522,3,545,Partially Disbursed,29,Partial Possession,0,0,1,15,6.2,60.6,2,3,82.8,0,0,0
LAP-15787,Madhya Pradesh,MAD-5,Highway,Forest,6.9,101,1,327,Fully Disbursed,92,Survey Complete,2,1,1,19,6.3,30.8,2,2,75.1,0,0,0
LAP-15788,Telangana,TEL-2,Highway,Private Agricultural,27.2,15,6,941,Not Started,8,Partial Possession,1,1,1,53,4.8,68.7,3,2,36.1,1,1,171
LAP-15789,West Bengal,WES-1,Irrigation,Private Agricultural,12.1,84,2,384,Partially Disbursed,53,Award Declared,1,1,0,100,3.0,53.1,1,2,0.2,1,0,0
LAP-15790,Bihar,BIH-2,Power Transmission,Private Agricultural,30.2,456,4,741,Fully Disbursed,95,Award Declared,0,0,0,100,6.0,68.7,4,8,41.6,0,1,55
LAP-15791,Rajasthan,RAJ-1,Urban Development,Tribal,41.3,393,1,945,Fully Disbursed,88,Award Declared,1,1,1,33,4.3,54.5,1,6,83.0,0,1,402
LAP-15792,Madhya Pradesh,MAD-3,Airport,Private Agricultural,10.2,14,3,1284,Partially Disbursed,64,Partial Possession,0,0,0,100,8.4,57.7,2,8,32.5,1,0,0
LAP-15793,Jharkhand,JHA-4,Railway,Government,9.3,2282,6,271,Partially Disbursed,37,Full Possession,0,0,0,100,7.2,28.5,0,4,82.3,0,0,0
LAP-15794,Karnataka,KAR-5,Irrigation,Mixed,2.3,86,1,1303,Not Started,1,Not Started,0,0,0,100,5.3,92.7,3,1,37.4,0,0,0
LAP-15795,Jharkhand,JHA-6,Railway,Private Agricultural,6.1,45,5,973,Partially Disbursed,68,Survey Complete,1,1,0,100,6.9,54.5,1,5,31.5,0,0,0
LAP-15796,Bihar,BIH-5,Irrigation,Private Agricultural,6.3,23,6,826,Partially Disbursed,27,Award Declared,2,0,0,100,7.6,52.6,4,4,76.1,0,0,0
LAP-15797,West Bengal,WES-3,Railway,Private Agricultural,5.3,13,5,981,Not Started,0,Full Possession,2,1,1,18,3.6,49.3,0,5,97.5,1,1,93
LAP-15798,Punjab,PUN-5,Power Transmission,Private Agricultural,28.3,77,1,315,Partially Disbursed,61,Full Possession,2,1,1,1,8.7,76.2,1,8,39.3,1,0,0
LAP-15799,Tamil Nadu,TAM-6,Railway,Private Agricultural,97.4,29,2,506,Fully Disbursed,91,Award Declared,0,0,1,32,5.9,44.9,6,4,75.2,0,0,0
LAP-15800,Madhya Pradesh,MAD-1,Industrial Corridor,Tribal,307.3,53,3,332,Partially Disbursed,38,Not Started,1,0,1,100,7.6,42.3,1,4,71.2,1,0,0
LAP-15801,Karnataka,KAR-6,Highway,Private Agricultural,167.1,70,4,1017,Not Started,4,Not Started,0,0,1,81,5.7,87.5,1,0,74.6,0,0,0
LAP-15802,Gujarat,GUJ-5,Power Transmission,Private Agricultural,3.1,194,5,745,Fully Disbursed,96,Award Declared,2,1,0,100,8.4,63.6,2,8,32.0,0,1,109
LAP-15803,Madhya Pradesh,MAD-2,Renewable Energy,Private Agricultural,2.3,167,6,1250,Fully Disbursed,91,Award Declared,0,0,1,55,5.2,68.2,0,8,28.5,0,0,0
LAP-15804,Haryana,HAR-5,Highway,Private Agricultural,17.0,158,4,193,Partially Disbursed,17,Not Started,0,0,0,100,6.2,34.3,2,1,66.1,0,0,0
LAP-15805,Telangana,TEL-6,Airport,Mixed,75.8,5,6,354,Fully Disbursed,100,Award Declared,1,1,1,25,2.3,76.5,1,2,68.1,0,1,119
LAP-15806,Rajasthan,RAJ-5,Airport,Forest,80.0,20,3,1054,Not Started,5,Survey Complete,1,1,1,99,3.5,56.4,1,6,10.6,0,0,0
LAP-15807,Uttar Pradesh,UTT-1,Urban Development,Mixed,15.5,84,1,42,Partially Disbursed,45,Partial Possession,0,0,0,100,8.3,66.5,5,5,45.4,0,0,0
LAP-15808,Uttar Pradesh,UTT-1,Railway,Forest,93.0,304,6,641,Partially Disbursed,10,Partial Possession,0,0,0,100,5.8,78.3,4,6,100.0,0,1,322
LAP-15809,Karnataka,KAR-3,Railway,Tribal,49.2,49,3,174,Partially Disbursed,57,Partial Possession,1,1,1,75,5.7,63.5,2,2,51.8,0,0,0
LAP-15810,Karnataka,KAR-3,Power Transmission,Private Agricultural,20.0,22,2,465,Fully Disbursed,87,Award Declared,1,1,1,9,4.0,98.1,3,6,76.6,0,0,0
LAP-15811,Uttar Pradesh,UTT-6,Railway,Tribal,17.3,56,1,1192,Not Started,8,Award Declared,4,1,1,95,4.5,38.2,1,0,51.2,1,1,92
LAP-15812,Maharashtra,MAH-1,Power Transmission,Private Agricultural,9.0,38,6,934,Not Started,8,Not Started,0,0,1,65,5.8,78.7,3,1,26.6,0,1,73
LAP-15813,Odisha,ODI-4,Airport,Private Agricultural,5.9,5,5,721,Partially Disbursed,51,Not Started,1,0,1,91,4.4,41.2,2,2,56.0,0,0,0
LAP-15814,West Bengal,WES-6,Irrigation,Mixed,39.6,135,2,404,Fully Disbursed,95,Award Declared,0,0,0,100,4.1,64.9,1,8,67.5,0,0,0
LAP-15815,Haryana,HAR-5,Railway,Private Agricultural,32.5,29,2,1201,Partially Disbursed,74,Partial Possession,1,1,1,13,4.5,80.6,3,0,54.4,1,0,0
LAP-15816,Telangana,TEL-4,Highway,Tribal,4.1,17,5,302,Not Started,6,Not Started,1,0,1,52,3.8,49.5,3,2,100.0,0,0,0
LAP-15817,Haryana,HAR-3,Irrigation,Private Agricultural,8.0,33,2,757,Partially Disbursed,52,Not Started,1,1,1,60,8.0,89.7,3,4,23.9,0,0,0
LAP-15818,Chhattisgarh,CHH-2,Urban Development,Private Agricultural,284.9,599,2,1104,Not Started,5,Partial Possession,0,0,0,100,7.4,70.6,1,7,0.0,0,0,0
LAP-15819,Odisha,ODI-1,Railway,Tribal,22.0,270,2,676,Partially Disbursed,11,Survey Complete,2,1,1,64,7.7,90.0,2,1,0.0,0,1,47
LAP-15820,Gujarat,GUJ-5,Highway,Government,26.5,598,1,924,Partially Disbursed,57,Partial Possession,0,0,1,83,6.5,45.9,3,5,65.1,0,0,0
LAP-15821,Gujarat,GUJ-5,Railway,Private Agricultural,11.0,164,6,935,Not Started,1,Survey Complete,0,0,0,100,8.3,54.8,3,4,41.4,1,1,54
LAP-15822,Tamil Nadu,TAM-4,Irrigation,Private Agricultural,38.6,47,3,656,Partially Disbursed,18,Survey Complete,2,1,0,100,5.6,45.2,2,6,36.6,0,1,211
LAP-15823,Chhattisgarh,CHH-2,Railway,Tribal,31.3,76,5,44,Fully Disbursed,96,Partial Possession,2,1,1,86,9.6,52.8,3,5,77.3,0,0,0
LAP-15824,Rajasthan,RAJ-3,Industrial Corridor,Forest,63.9,8,2,1362,Partially Disbursed,42,Partial Possession,2,1,0,100,7.7,81.4,3,0,60.2,0,0,0
LAP-15825,West Bengal,WES-3,Power Transmission,Private Agricultural,12.7,82,1,1344,Not Started,9,Survey Complete,1,0,1,15,3.5,66.9,2,2,61.0,0,0,0
LAP-15826,Jharkhand,JHA-3,Irrigation,Private Agricultural,16.6,27,3,1161,Partially Disbursed,28,Not Started,0,0,1,67,7.4,100.0,2,8,70.5,0,0,0
LAP-15827,Tamil Nadu,TAM-2,Highway,Government,18.9,11,1,403,Partially Disbursed,32,Partial Possession,3,0,0,100,8.4,23.3,0,7,69.0,0,1,116
LAP-15828,Chhattisgarh,CHH-5,Power Transmission,Tribal,2.4,1218,3,546,Partially Disbursed,79,Survey Complete,2,1,1,54,4.1,41.0,4,8,0.0,0,0,0
LAP-15829,Odisha,ODI-1,Railway,Private Agricultural,75.5,671,3,64,Not Started,8,Survey Complete,0,0,1,39,5.7,43.4,3,6,38.5,1,1,60
LAP-15830,Bihar,BIH-6,Irrigation,Private Agricultural,18.2,477,1,1320,Not Started,9,Partial Possession,1,1,0,100,6.7,57.9,2,5,8.9,0,0,0
LAP-15831,Odisha,ODI-6,Highway,Tribal,28.7,12,2,581,Fully Disbursed,86,Not Started,0,0,1,67,6.3,50.8,0,6,76.5,0,0,0
LAP-15832,Maharashtra,MAH-6,Power Transmission,Government,22.5,55,5,1267,Not Started,5,Partial Possession,0,0,1,77,5.6,96.8,1,5,33.1,0,0,0
LAP-15833,Maharashtra,MAH-4,Highway,Government,205.2,232,4,1299,Fully Disbursed,98,Survey Complete,1,1,0,100,6.8,39.7,0,1,46.7,0,1,72
LAP-15834,Jharkhand,JHA-2,Highway,Private Agricultural,28.3,76,3,1365,Not Started,9,Full Possession,0,0,1,93,7.4,81.5,1,8,48.6,0,0,0
LAP-15835,Rajasthan,RAJ-3,Power Transmission,Forest,125.1,30,2,557,Partially Disbursed,16,Survey Complete,2,1,1,75,9.3,5.0,3,4,64.2,0,0,0
LAP-15836,Haryana,HAR-4,Irrigation,Private Agricultural,12.7,56,1,555,Not Started,0,Partial Possession,0,0,1,93,7.9,68.2,1,8,50.4,0,1,70
LAP-15837,West Bengal,WES-6,Railway,Private Agricultural,18.9,28,6,638,Not Started,8,Award Declared,0,0,1,80,4.5,41.7,0,5,35.6,0,0,0
LAP-15838,Karnataka,KAR-3,Urban Development,Private Agricultural,25.0,92,5,709,Not Started,5,Partial Possession,0,0,1,41,5.6,78.2,3,3,42.4,0,0,0
LAP-15839,Karnataka,KAR-1,Irrigation,Private Agricultural,60.5,104,5,1150,Partially Disbursed,81,Award Declared,2,0,0,100,7.3,76.8,4,7,47.9,0,0,0
LAP-15840,Punjab,PUN-1,Renewable Energy,Tribal,27.0,44,1,408,Fully Disbursed,94,Award Declared,1,1,0,100,4.9,100.0,2,6,46.1,0,1,126
LAP-15841,Odisha,ODI-4,Urban Development,Private Agricultural,155.2,190,4,1497,Not Started,1,Award Declared,2,1,0,100,7.6,53.9,3,3,58.1,0,0,0
LAP-15842,Haryana,HAR-4,Urban Development,Government,21.2,48,5,102,Partially Disbursed,22,Award Declared,0,0,0,100,2.9,58.0,6,5,15.2,0,0,0
LAP-15843,Rajasthan,RAJ-4,Highway,Private Agricultural,155.0,10,2,160,Not Started,2,Partial Possession,2,1,0,100,8.1,59.9,0,2,51.9,0,0,0
LAP-15844,Chhattisgarh,CHH-2,Industrial Corridor,Forest,25.3,29,6,1297,Partially Disbursed,30,Full Possession,0,0,1,90,4.1,37.9,3,1,44.4,1,1,138
LAP-15845,Uttar Pradesh,UTT-1,Power Transmission,Private Agricultural,82.9,20,5,1173,Fully Disbursed,86,Full Possession,1,1,1,7,5.5,57.2,3,8,1.7,1,0,0
LAP-15846,Haryana,HAR-5,Renewable Energy,Government,15.8,40,2,506,Partially Disbursed,58,Award Declared,1,1,0,100,5.7,66.6,2,2,70.2,0,0,0
LAP-15847,Punjab,PUN-3,Urban Development,Private Agricultural,10.5,51,6,163,Partially Disbursed,83,Not Started,1,1,1,12,3.1,42.3,0,2,100.0,0,0,0
LAP-15848,Punjab,PUN-6,Irrigation,Forest,8.8,80,4,652,Fully Disbursed,97,Not Started,0,0,1,43,5.9,71.1,2,1,91.1,0,0,0
LAP-15849,Maharashtra,MAH-4,Highway,Private Agricultural,72.0,14,5,28,Partially Disbursed,79,Award Declared,0,0,1,67,4.0,60.2,2,5,89.1,0,1,258
LAP-15850,Chhattisgarh,CHH-3,Railway,Private Agricultural,6.9,37,4,1371,Not Started,5,Partial Possession,1,0,1,57,5.5,76.1,3,6,22.4,0,0,0
LAP-15851,Haryana,HAR-2,Urban Development,Forest,66.5,145,4,192,Partially Disbursed,40,Partial Possession,0,0,1,47,5.0,90.4,6,3,38.7,0,1,40
LAP-15852,Jharkhand,JHA-1,Highway,Private Agricultural,17.2,639,5,366,Fully Disbursed,93,Not Started,1,1,0,100,5.3,53.4,2,4,78.6,1,0,0
LAP-15853,Haryana,HAR-2,Power Transmission,Forest,4.0,26,3,1066,Partially Disbursed,34,Partial Possession,1,0,0,100,1.3,80.6,0,3,55.8,0,0,0
LAP-15854,Karnataka,KAR-1,Renewable Energy,Tribal,29.6,43,5,1298,Fully Disbursed,88,Award Declared,1,1,0,100,5.5,80.0,3,4,42.6,1,0,0
LAP-15855,Telangana,TEL-1,Railway,Government,121.7,46,2,1407,Partially Disbursed,70,Full Possession,0,0,0,100,6.2,52.1,3,8,99.5,1,0,0
LAP-15856,Rajasthan,RAJ-2,Industrial Corridor,Forest,103.4,14,3,425,Fully Disbursed,90,Survey Complete,3,0,0,100,5.0,60.8,0,1,99.8,1,1,119
LAP-15857,Gujarat,GUJ-4,Highway,Tribal,5.8,17,3,617,Partially Disbursed,57,Partial Possession,3,1,0,100,8.1,26.4,1,2,76.3,0,1,234
LAP-15858,Karnataka,KAR-3,Railway,Private Agricultural,84.9,42,4,1038,Not Started,2,Survey Complete,1,1,1,63,6.5,42.2,2,5,7.4,0,1,4
LAP-15859,Telangana,TEL-2,Highway,Forest,9.0,20,5,819,Fully Disbursed,90,Award Declared,2,1,0,100,4.3,37.8,1,7,55.3,1,1,241
LAP-15860,West Bengal,WES-3,Renewable Energy,Government,8.9,145,5,355,Not Started,8,Partial Possession,0,0,0,100,7.1,100.0,3,2,74.3,1,0,0
LAP-15861,Madhya Pradesh,MAD-2,Irrigation,Private Agricultural,49.5,67,3,342,Partially Disbursed,82,Survey Complete,0,0,0,100,3.3,24.0,0,4,38.5,0,0,0
LAP-15862,Karnataka,KAR-4,Highway,Private Agricultural,6.8,57,5,1389,Partially Disbursed,18,Award Declared,3,1,1,54,5.3,72.9,0,3,45.7,0,1,125
LAP-15863,Chhattisgarh,CHH-3,Airport,Private Agricultural,10.1,51,5,874,Fully Disbursed,94,Award Declared,0,0,0,100,2.6,60.2,2,3,35.6,0,0,0
LAP-15864,Haryana,HAR-3,Industrial Corridor,Private Agricultural,12.2,151,1,753,Not Started,1,Full Possession,0,0,1,50,8.5,69.7,2,8,37.1,1,0,0
LAP-15865,Chhattisgarh,CHH-6,Urban Development,Tribal,2.3,60,4,736,Partially Disbursed,52,Partial Possession,2,0,1,82,7.4,51.4,3,6,93.9,1,0,0
LAP-15866,Odisha,ODI-3,Railway,Private Agricultural,31.0,6,4,848,Fully Disbursed,98,Full Possession,0,0,0,100,1.3,55.3,4,6,35.3,0,0,0
LAP-15867,Maharashtra,MAH-5,Industrial Corridor,Forest,223.1,281,4,261,Partially Disbursed,68,Survey Complete,1,1,0,100,8.7,37.6,2,3,76.2,0,0,0
LAP-15868,Karnataka,KAR-6,Highway,Tribal,25.5,13,4,71,Partially Disbursed,48,Not Started,2,1,0,100,3.3,65.7,2,6,44.5,0,1,325
LAP-15869,West Bengal,WES-5,Urban Development,Private Agricultural,25.3,66,1,177,Partially Disbursed,57,Partial Possession,0,0,0,100,3.8,45.6,1,5,40.5,1,0,0
LAP-15870,Telangana,TEL-3,Railway,Private Agricultural,36.0,451,2,722,Not Started,1,Partial Possession,1,1,1,81,5.3,57.6,0,7,19.1,0,0,0
LAP-15871,Haryana,HAR-2,Power Transmission,Tribal,31.2,65,1,1496,Fully Disbursed,98,Survey Complete,2,1,1,21,7.5,70.7,3,4,46.7,1,1,175
LAP-15872,Uttar Pradesh,UTT-3,Highway,Private Agricultural,73.9,76,6,1171,Partially Disbursed,47,Survey Complete,0,0,0,100,7.5,28.3,3,5,74.9,0,0,0
LAP-15873,West Bengal,WES-3,Airport,Forest,129.9,19,6,294,Not Started,1,Partial Possession,1,0,0,100,5.7,38.9,3,3,83.2,0,0,0
LAP-15874,Haryana,HAR-6,Railway,Private Agricultural,15.0,8000,5,243,Partially Disbursed,57,Award Declared,0,0,0,100,6.1,65.0,5,3,77.8,1,0,0
LAP-15875,West Bengal,WES-6,Airport,Forest,6.5,155,3,1028,Fully Disbursed,98,Full Possession,3,1,1,51,3.8,78.1,2,8,28.4,0,0,0
LAP-15876,Gujarat,GUJ-5,Railway,Private Agricultural,2.7,515,1,1212,Fully Disbursed,87,Full Possession,2,1,1,85,5.4,37.1,3,5,31.1,1,1,155
LAP-15877,Gujarat,GUJ-6,Industrial Corridor,Private Agricultural,37.2,19,5,283,Not Started,5,Survey Complete,2,0,1,31,6.3,61.5,0,7,38.4,0,0,0
LAP-15878,Karnataka,KAR-3,Airport,Government,5.0,1005,6,1064,Not Started,3,Survey Complete,0,0,0,100,5.0,7.8,1,2,100.0,0,1,138
LAP-15879,Haryana,HAR-6,Railway,Private Agricultural,21.1,66,2,62,Not Started,4,Full Possession,3,0,1,94,7.5,73.5,4,8,68.8,0,0,0
LAP-15880,Bihar,BIH-2,Renewable Energy,Private Agricultural,55.8,31,2,1058,Fully Disbursed,89,Partial Possession,2,1,0,100,3.4,71.2,4,5,76.3,0,1,200
LAP-15881,Maharashtra,MAH-5,Highway,Private Agricultural,38.1,49,4,717,Partially Disbursed,55,Partial Possession,0,0,1,77,10.0,78.3,5,7,100.0,0,0,0
LAP-15882,Bihar,BIH-3,Highway,Government,10.3,24,2,712,Not Started,5,Award Declared,1,1,0,100,8.3,58.8,3,1,24.3,0,0,0
LAP-15883,Telangana,TEL-6,Highway,Tribal,9.9,122,2,534,Fully Disbursed,95,Not Started,0,0,1,9,5.1,76.4,1,1,27.3,0,1,154
LAP-15884,Uttar Pradesh,UTT-3,Highway,Private Agricultural,47.7,21,5,1302,Not Started,1,Survey Complete,0,0,0,100,7.0,82.9,4,7,83.7,1,1,435
LAP-15885,Odisha,ODI-4,Irrigation,Private Agricultural,51.2,28,6,887,Fully Disbursed,99,Not Started,2,1,0,100,6.4,26.4,3,2,82.6,0,0,0
LAP-15886,Madhya Pradesh,MAD-6,Highway,Forest,4.8,36,1,561,Not Started,0,Award Declared,3,1,1,47,6.0,54.1,1,8,44.3,0,1,132
LAP-15887,Jharkhand,JHA-6,Highway,Tribal,8.1,31,3,951,Partially Disbursed,21,Partial Possession,2,1,1,62,3.4,60.3,2,2,49.3,0,0,0
LAP-15888,Uttar Pradesh,UTT-2,Renewable Energy,Tribal,42.0,175,4,930,Fully Disbursed,86,Not Started,1,1,1,7,4.4,60.5,1,6,0.0,0,1,130
LAP-15889,Rajasthan,RAJ-3,Railway,Government,31.8,205,6,1323,Not Started,1,Award Declared,0,0,0,100,4.7,26.9,0,1,70.8,0,0,0
LAP-15890,Telangana,TEL-1,Highway,Tribal,28.2,115,1,1282,Not Started,3,Partial Possession,3,1,1,48,4.0,32.5,1,7,50.6,0,1,40
LAP-15891,Maharashtra,MAH-5,Power Transmission,Private Agricultural,6.4,61,3,1417,Partially Disbursed,15,Partial Possession,1,1,1,20,5.7,74.9,1,5,82.7,0,0,0
LAP-15892,Uttar Pradesh,UTT-5,Renewable Energy,Government,9.9,229,2,308,Not Started,4,Full Possession,1,1,0,100,4.3,86.0,1,8,28.3,1,0,0
LAP-15893,Telangana,TEL-3,Power Transmission,Private Agricultural,30.8,161,1,451,Not Started,4,Partial Possession,1,1,0,100,8.4,60.1,2,1,60.3,0,1,14
LAP-15894,Telangana,TEL-2,Power Transmission,Government,74.8,260,3,1478,Not Started,6,Award Declared,0,0,0,100,7.8,61.1,2,4,71.7,0,0,0
LAP-15895,Telangana,TEL-4,Highway,Forest,25.5,261,1,201,Fully Disbursed,100,Award Declared,1,1,0,100,6.5,96.1,2,8,37.4,1,0,0
LAP-15896,Punjab,PUN-6,Highway,Private Agricultural,29.8,2,2,681,Partially Disbursed,70,Award Declared,0,0,1,63,6.9,54.5,3,8,47.8,1,1,22
LAP-15897,Odisha,ODI-5,Railway,Private Agricultural,11.3,30,4,424,Not Started,1,Partial Possession,0,0,1,25,8.8,100.0,2,6,64.1,1,0,0
LAP-15898,West Bengal,WES-5,Highway,Tribal,32.4,83,5,462,Not Started,4,Not Started,1,1,1,38,4.2,65.0,2,3,59.6,0,0,0
LAP-15899,Madhya Pradesh,MAD-3,Renewable Energy,Private Agricultural,2.5,247,5,100,Fully Disbursed,88,Partial Possession,1,1,1,0,4.2,43.2,2,0,50.2,0,0,0
LAP-15900,Tamil Nadu,TAM-5,Power Transmission,Tribal,111.8,389,2,834,Not Started,0,Survey Complete,4,1,1,12,5.2,39.4,3,0,41.0,1,1,212
LAP-15901,Bihar,BIH-5,Irrigation,Government,35.1,21,2,230,Fully Disbursed,88,Survey Complete,0,0,1,51,6.9,100.0,5,2,93.3,1,1,135
LAP-15902,Uttar Pradesh,UTT-5,Irrigation,Private Agricultural,3.4,7,1,1458,Partially Disbursed,68,Award Declared,0,0,1,14,10.0,85.4,2,5,99.1,0,0,0
LAP-15903,Rajasthan,RAJ-5,Railway,Forest,40.7,71,4,860,Partially Disbursed,38,Partial Possession,1,1,0,100,7.5,57.7,4,6,61.5,0,0,0
LAP-15904,Uttar Pradesh,UTT-3,Highway,Private Agricultural,65.2,8,6,777,Not Started,3,Award Declared,1,1,1,56,10.0,34.4,3,4,50.6,1,0,0
LAP-15905,Uttar Pradesh,UTT-6,Railway,Private Agricultural,43.5,284,4,777,Partially Disbursed,19,Survey Complete,1,0,1,82,8.8,77.4,1,4,59.3,0,0,0
LAP-15906,Tamil Nadu,TAM-4,Industrial Corridor,Forest,27.9,367,3,860,Not Started,8,Partial Possession,0,0,0,100,3.9,86.3,1,6,70.1,0,0,0
LAP-15907,Odisha,ODI-4,Urban Development,Private Agricultural,194.7,1,4,1294,Partially Disbursed,11,Partial Possession,0,0,1,62,1.0,28.9,3,5,17.8,0,0,0
LAP-15908,West Bengal,WES-5,Irrigation,Mixed,119.3,17,6,434,Not Started,9,Award Declared,2,1,1,9,5.6,56.6,1,5,87.8,0,1,93
LAP-15909,Rajasthan,RAJ-1,Power Transmission,Private Agricultural,62.0,52,5,506,Fully Disbursed,86,Full Possession,2,1,1,49,7.7,61.1,3,2,28.4,0,0,0
LAP-15910,Uttar Pradesh,UTT-6,Urban Development,Government,22.1,369,5,570,Partially Disbursed,26,Full Possession,0,0,0,100,7.7,39.8,3,1,72.0,1,0,0
LAP-15911,Chhattisgarh,CHH-4,Irrigation,Private Agricultural,5.6,93,2,1193,Partially Disbursed,77,Not Started,3,1,0,100,8.3,79.3,1,1,43.1,0,0,0
LAP-15912,Maharashtra,MAH-6,Urban Development,Government,45.7,19,3,618,Partially Disbursed,48,Partial Possession,1,1,0,100,4.5,41.0,1,5,66.7,0,0,0
LAP-15913,Tamil Nadu,TAM-5,Renewable Energy,Tribal,20.1,11,6,811,Fully Disbursed,90,Not Started,3,1,1,94,8.0,100.0,0,1,64.3,0,0,0
LAP-15914,Rajasthan,RAJ-3,Industrial Corridor,Mixed,60.3,73,3,729,Partially Disbursed,62,Survey Complete,1,1,0,100,3.4,99.7,0,3,75.7,0,0,0
LAP-15915,Bihar,BIH-3,Highway,Tribal,4.4,15,1,45,Partially Disbursed,59,Award Declared,1,1,1,84,7.6,72.5,1,6,75.6,0,0,0
LAP-15916,Maharashtra,MAH-6,Renewable Energy,Forest,35.5,37,4,1488,Not Started,7,Partial Possession,0,0,0,100,6.7,42.9,1,7,46.5,0,0,0
LAP-15917,Odisha,ODI-1,Power Transmission,Private Agricultural,37.4,79,1,270,Not Started,6,Award Declared,1,1,0,100,5.3,67.0,1,1,69.6,1,0,0
LAP-15918,Telangana,TEL-5,Power Transmission,Private Agricultural,8.0,6,4,215,Partially Disbursed,76,Partial Possession,0,0,1,56,6.9,40.3,3,1,44.7,0,0,0
LAP-15919,Maharashtra,MAH-6,Renewable Energy,Mixed,4.0,36,6,412,Partially Disbursed,69,Survey Complete,1,0,1,15,4.3,36.7,2,1,62.9,1,0,0
LAP-15920,Chhattisgarh,CHH-1,Renewable Energy,Private Agricultural,12.2,66,3,605,Partially Disbursed,78,Not Started,1,1,1,62,8.6,42.0,1,2,25.7,0,0,0
LAP-15921,Telangana,TEL-2,Railway,Private Agricultural,49.2,25,3,922,Fully Disbursed,85,Partial Possession,0,0,1,100,8.3,62.0,4,2,44.3,0,0,0
LAP-15922,Jharkhand,JHA-1,Highway,Forest,17.2,148,4,467,Partially Disbursed,19,Survey Complete,4,0,0,100,4.1,54.4,2,2,66.5,0,0,0
LAP-15923,Maharashtra,MAH-5,Power Transmission,Private Agricultural,1.4,333,1,1126,Not Started,3,Survey Complete,1,1,1,5,6.8,50.9,1,8,33.3,1,1,115
LAP-15924,Punjab,PUN-3,Irrigation,Private Agricultural,5.2,84,1,1440,Fully Disbursed,90,Not Started,1,0,0,100,7.6,22.5,2,4,20.8,1,0,0
LAP-15925,Tamil Nadu,TAM-6,Industrial Corridor,Forest,52.0,54,6,719,Not Started,9,Partial Possession,1,1,0,100,7.6,73.4,5,2,55.5,0,0,0
LAP-15926,Tamil Nadu,TAM-2,Highway,Private Agricultural,8.6,25,5,377,Partially Disbursed,49,Not Started,0,0,1,4,6.2,48.2,2,2,55.8,1,0,0
LAP-15927,Telangana,TEL-3,Industrial Corridor,Private Agricultural,53.2,13,4,442,Fully Disbursed,91,Not Started,0,0,0,100,2.5,42.4,4,5,21.1,0,0,0
LAP-15928,Jharkhand,JHA-3,Urban Development,Forest,2.2,9,1,302,Not Started,6,Partial Possession,0,0,1,20,5.7,61.6,0,3,39.5,1,1,105
LAP-15929,Haryana,HAR-3,Urban Development,Tribal,15.2,88,1,554,Fully Disbursed,96,Full Possession,1,1,0,100,10.0,43.0,5,8,16.9,0,1,52
LAP-15930,Telangana,TEL-2,Urban Development,Private Agricultural,9.3,146,3,1204,Partially Disbursed,36,Partial Possession,1,1,1,96,4.4,60.3,1,4,53.5,0,0,0
LAP-15931,Uttar Pradesh,UTT-1,Urban Development,Private Agricultural,62.7,143,5,135,Not Started,8,Award Declared,2,0,0,100,4.8,95.5,2,3,21.8,0,0,0
LAP-15932,Karnataka,KAR-2,Highway,Mixed,35.1,112,6,1061,Not Started,8,Partial Possession,0,0,0,100,5.7,53.8,2,7,47.5,0,0,0
LAP-15933,Bihar,BIH-4,Power Transmission,Tribal,53.2,97,6,727,Partially Disbursed,11,Survey Complete,0,0,0,100,3.4,32.6,3,2,58.3,0,0,0
LAP-15934,Bihar,BIH-3,Irrigation,Tribal,8.0,185,2,448,Not Started,4,Not Started,2,1,0,100,7.1,51.3,2,3,50.0,1,1,61
LAP-15935,Tamil Nadu,TAM-4,Airport,Forest,12.8,189,2,698,Fully Disbursed,94,Award Declared,2,0,0,100,8.9,33.5,2,3,57.7,0,0,0
LAP-15936,Telangana,TEL-5,Irrigation,Mixed,14.5,111,3,975,Not Started,6,Survey Complete,0,0,0,100,4.0,35.6,3,7,20.4,0,0,0
LAP-15937,Uttar Pradesh,UTT-6,Irrigation,Private Agricultural,10.0,22,4,1423,Partially Disbursed,46,Survey Complete,1,1,0,100,8.9,81.4,2,2,57.4,0,0,0
LAP-15938,Madhya Pradesh,MAD-5,Industrial Corridor,Mixed,31.4,92,2,249,Partially Disbursed,52,Survey Complete,1,1,1,34,7.4,65.0,3,3,56.8,1,1,61
LAP-15939,Tamil Nadu,TAM-4,Irrigation,Tribal,13.4,10,2,793,Partially Disbursed,22,Partial Possession,2,1,0,100,10.0,58.7,1,0,14.4,0,0,0
LAP-15940,Madhya Pradesh,MAD-1,Industrial Corridor,Mixed,21.9,47,4,266,Partially Disbursed,17,Full Possession,2,0,0,100,2.7,64.0,2,2,43.7,0,1,75
LAP-15941,Odisha,ODI-4,Renewable Energy,Forest,148.0,44,1,138,Partially Disbursed,37,Partial Possession,1,0,0,100,3.6,96.5,2,5,70.8,0,0,0
LAP-15942,Haryana,HAR-2,Industrial Corridor,Mixed,3.7,58,2,1133,Partially Disbursed,10,Survey Complete,0,0,0,100,8.1,66.0,1,8,16.0,0,0,0
LAP-15943,Punjab,PUN-5,Renewable Energy,Private Agricultural,7.1,100,2,360,Partially Disbursed,28,Survey Complete,1,1,1,4,1.9,83.0,1,4,81.1,1,0,0
LAP-15944,Tamil Nadu,TAM-3,Power Transmission,Government,79.5,3,2,336,Partially Disbursed,81,Not Started,1,1,1,86,4.7,52.4,3,6,48.0,1,1,262
LAP-15945,Karnataka,KAR-2,Irrigation,Forest,11.3,78,4,1366,Partially Disbursed,81,Not Started,0,0,0,100,4.4,55.4,0,3,14.2,1,0,0
LAP-15946,Gujarat,GUJ-5,Industrial Corridor,Private Agricultural,14.8,81,4,451,Not Started,9,Not Started,0,0,1,93,7.1,69.4,2,3,67.1,0,1,34
LAP-15947,Chhattisgarh,CHH-1,Renewable Energy,Tribal,15.7,683,4,677,Fully Disbursed,94,Survey Complete,0,0,1,65,3.6,60.3,2,5,50.7,1,0,0
LAP-15948,Maharashtra,MAH-6,Irrigation,Government,16.2,43,2,706,Partially Disbursed,69,Full Possession,2,1,0,100,5.7,37.1,1,4,68.8,0,0,0
LAP-15949,Maharashtra,MAH-4,Power Transmission,Government,82.0,49,5,313,Not Started,2,Not Started,1,1,1,1,4.4,30.0,0,8,61.2,0,1,351
LAP-15950,Odisha,ODI-2,Urban Development,Private Agricultural,7.0,46,2,1090,Not Started,9,Not Started,1,1,1,57,4.9,62.1,0,5,61.5,0,0,0
LAP-15951,Bihar,BIH-2,Highway,Government,8.0,48,4,108,Not Started,5,Not Started,0,0,0,100,4.7,73.4,2,5,33.2,0,0,0
LAP-15952,Gujarat,GUJ-1,Power Transmission,Tribal,7.4,390,3,640,Not Started,1,Not Started,0,0,1,79,7.0,36.7,3,0,40.8,1,0,0
LAP-15953,Jharkhand,JHA-4,Urban Development,Government,186.1,44,6,1270,Partially Disbursed,69,Partial Possession,0,0,0,100,8.5,9.3,1,2,35.8,0,0,0
LAP-15954,Maharashtra,MAH-2,Power Transmission,Private Agricultural,126.3,86,2,404,Not Started,5,Partial Possession,1,1,1,40,2.7,92.1,1,6,57.4,0,1,47
LAP-15955,Maharashtra,MAH-2,Urban Development,Forest,28.4,2,5,1147,Partially Disbursed,66,Award Declared,1,0,0,100,3.9,54.9,2,0,56.2,0,0,0
LAP-15956,Punjab,PUN-6,Highway,Tribal,70.4,91,5,1222,Partially Disbursed,23,Survey Complete,1,0,0,100,2.4,44.1,3,2,90.3,0,1,80
LAP-15957,Odisha,ODI-6,Railway,Private Agricultural,9.2,38,6,1211,Fully Disbursed,97,Award Declared,2,1,1,3,5.2,55.8,2,6,57.3,0,0,0
LAP-15958,Odisha,ODI-5,Urban Development,Private Agricultural,121.1,107,1,480,Partially Disbursed,14,Partial Possession,1,1,1,63,8.1,61.6,1,3,75.8,0,0,0
LAP-15959,Maharashtra,MAH-5,Highway,Private Agricultural,37.7,40,5,451,Partially Disbursed,28,Full Possession,1,0,1,88,3.6,49.9,5,6,26.6,0,0,0
LAP-15960,West Bengal,WES-6,Urban Development,Tribal,41.4,164,3,843,Partially Disbursed,18,Award Declared,0,0,1,35,6.9,61.9,1,2,44.8,1,0,0
LAP-15961,Uttar Pradesh,UTT-6,Power Transmission,Private Agricultural,49.3,9,3,708,Fully Disbursed,100,Award Declared,0,0,1,26,3.7,71.1,2,2,72.8,0,0,0
LAP-15962,Tamil Nadu,TAM-1,Highway,Private Agricultural,1.4,41,5,826,Partially Disbursed,60,Partial Possession,0,0,1,97,8.5,74.1,1,8,88.8,1,0,0
LAP-15963,Bihar,BIH-4,Power Transmission,Private Agricultural,25.8,132,2,161,Not Started,6,Full Possession,0,0,1,58,3.9,24.8,3,1,62.1,1,0,0
LAP-15964,Haryana,HAR-2,Renewable Energy,Private Agricultural,9.6,55,3,645,Not Started,1,Survey Complete,1,0,1,26,6.0,88.2,1,8,100.0,1,1,33
LAP-15965,West Bengal,WES-2,Industrial Corridor,Forest,2.5,19,1,1005,Fully Disbursed,99,Not Started,2,1,0,100,2.9,41.0,2,0,65.4,0,0,0
LAP-15966,Haryana,HAR-3,Urban Development,Tribal,25.0,63,3,537,Partially Disbursed,38,Award Declared,3,1,0,100,5.9,37.0,2,8,39.1,0,1,17
LAP-15967,Haryana,HAR-3,Highway,Forest,19.5,181,1,212,Not Started,3,Survey Complete,1,0,1,40,5.3,72.5,3,0,61.3,0,0,0
LAP-15968,Maharashtra,MAH-1,Railway,Private Agricultural,12.0,301,1,174,Not Started,5,Full Possession,2,0,1,37,4.5,51.1,3,2,56.5,0,1,29
LAP-15969,Rajasthan,RAJ-2,Urban Development,Private Agricultural,45.9,427,4,497,Not Started,6,Partial Possession,0,0,0,100,10.0,47.0,0,8,21.8,0,0,0
LAP-15970,Haryana,HAR-1,Highway,Government,81.4,78,3,564,Not Started,3,Survey Complete,1,0,0,100,7.0,32.6,3,4,97.9,1,1,91
LAP-15971,Punjab,PUN-6,Airport,Private Agricultural,44.1,106,6,1367,Partially Disbursed,53,Partial Possession,1,1,0,100,5.9,77.0,2,0,69.1,0,0,0
LAP-15972,Bihar,BIH-1,Urban Development,Tribal,15.9,5,3,1244,Not Started,5,Partial Possession,4,0,0,100,5.7,26.0,3,3,51.1,0,0,0
LAP-15973,Chhattisgarh,CHH-4,Urban Development,Tribal,17.8,5,4,596,Partially Disbursed,32,Award Declared,2,1,1,14,5.5,65.7,2,1,53.0,0,0,0
LAP-15974,West Bengal,WES-1,Power Transmission,Tribal,41.4,126,6,71,Partially Disbursed,67,Not Started,1,0,1,88,5.9,72.2,3,4,48.0,1,1,56
LAP-15975,Madhya Pradesh,MAD-3,Highway,Tribal,6.8,331,6,1339,Partially Disbursed,51,Partial Possession,0,0,1,91,5.9,77.8,0,1,52.0,1,0,0
LAP-15976,West Bengal,WES-2,Power Transmission,Private Agricultural,124.2,678,4,1483,Fully Disbursed,93,Partial Possession,0,0,1,28,2.6,22.7,3,6,69.8,0,1,411
LAP-15977,Haryana,HAR-3,Railway,Private Agricultural,53.5,27,2,136,Partially Disbursed,55,Not Started,1,1,0,100,4.2,58.8,2,2,15.9,0,0,0
LAP-15978,Gujarat,GUJ-6,Highway,Government,12.2,22,5,671,Not Started,6,Partial Possession,0,0,0,100,7.2,100.0,0,7,32.8,0,0,0
LAP-15979,Jharkhand,JHA-5,Industrial Corridor,Private Agricultural,10.9,3,4,1030,Partially Disbursed,22,Award Declared,0,0,0,100,6.3,86.9,3,0,66.7,0,0,0
LAP-15980,Uttar Pradesh,UTT-4,Railway,Private Agricultural,27.2,18,1,1280,Partially Disbursed,29,Award Declared,1,1,1,12,5.2,64.3,0,0,58.3,1,1,254
LAP-15981,Bihar,BIH-2,Highway,Government,17.3,84,3,1285,Not Started,5,Award Declared,0,0,1,60,9.5,47.6,5,2,58.2,0,0,0
LAP-15982,Haryana,HAR-1,Highway,Government,24.4,367,3,129,Not Started,5,Partial Possession,0,0,0,100,10.0,71.9,3,4,63.1,0,0,0
LAP-15983,Rajasthan,RAJ-3,Irrigation,Forest,20.1,78,2,1371,Not Started,0,Full Possession,2,1,0,100,3.8,61.0,2,7,58.1,1,1,181
LAP-15984,Odisha,ODI-3,Renewable Energy,Forest,34.9,29,4,1175,Partially Disbursed,12,Partial Possession,0,0,0,100,8.8,44.0,1,5,23.0,0,0,0
LAP-15985,Tamil Nadu,TAM-2,Irrigation,Private Agricultural,15.2,44,4,1094,Fully Disbursed,93,Survey Complete,0,0,1,40,6.3,78.1,3,3,64.9,0,0,0
LAP-15986,Jharkhand,JHA-2,Irrigation,Government,36.3,142,6,1072,Fully Disbursed,87,Partial Possession,0,0,0,100,8.7,66.4,1,2,20.3,0,0,0
LAP-15987,Odisha,ODI-2,Urban Development,Government,53.2,88,4,673,Not Started,4,Full Possession,2,1,0,100,3.0,34.7,2,8,63.4,1,1,153
LAP-15988,Rajasthan,RAJ-4,Railway,Private Agricultural,9.4,56,5,1268,Partially Disbursed,58,Not Started,0,0,1,97,5.4,61.7,1,6,15.9,0,0,0
LAP-15989,Haryana,HAR-6,Railway,Private Agricultural,69.0,15,4,931,Fully Disbursed,93,Full Possession,0,0,0,100,7.6,64.1,3,2,82.2,0,0,0
LAP-15990,Punjab,PUN-3,Industrial Corridor,Private Agricultural,47.1,19,4,743,Not Started,9,Award Declared,0,0,0,100,1.6,53.3,1,4,75.6,0,0,0
LAP-15991,Telangana,TEL-5,Railway,Private Agricultural,6.2,60,4,1215,Not Started,3,Partial Possession,0,0,1,88,5.1,33.7,0,3,41.7,0,0,0
LAP-15992,Madhya Pradesh,MAD-5,Airport,Private Agricultural,163.9,67,5,100,Fully Disbursed,88,Award Declared,0,0,1,59,4.7,82.4,2,7,60.9,1,1,110
LAP-15993,Chhattisgarh,CHH-5,Railway,Forest,55.2,46,3,1431,Partially Disbursed,83,Survey Complete,2,1,0,100,6.7,35.7,1,2,37.9,0,1,331
LAP-15994,Maharashtra,MAH-1,Highway,Private Agricultural,1.1,18,5,830,Not Started,4,Not Started,5,0,1,63,6.7,35.2,4,4,74.0,1,1,114
LAP-15995,Madhya Pradesh,MAD-5,Urban Development,Tribal,13.1,135,2,193,Not Started,6,Award Declared,1,1,0,100,4.3,83.7,1,4,49.8,0,1,320
LAP-15996,Odisha,ODI-2,Irrigation,Private Agricultural,72.4,13,6,844,Not Started,5,Award Declared,1,1,1,60,7.5,59.7,3,6,49.1,0,0,0
LAP-15997,Rajasthan,RAJ-6,Industrial Corridor,Tribal,77.4,95,3,897,Not Started,5,Partial Possession,1,1,1,68,4.0,32.2,2,0,57.6,0,0,0
LAP-15998,Chhattisgarh,CHH-5,Urban Development,Government,113.5,85,5,158,Partially Disbursed,72,Partial Possession,0,0,0,100,4.3,42.9,2,4,100.0,1,0,0
LAP-15999,Maharashtra,MAH-3,Highway,Forest,11.5,52,4,944,Partially Disbursed,20,Award Declared,1,1,0,100,4.5,68.5,2,0,42.6,1,0,0
